time_s,gyr_x_rad_s,gyr_y_rad_s,gyr_z_rad_s,acc_x_m_s2,acc_y_m_s2,acc_z_m_s2,mag_x_nT,mag_y_nT,mag_z_nT
0,-0.000034,0.000088,0.000011,-0.006525,-0.000989,0.999978,0.448243,-0.006765,0.893886
0.01,-0.000094,0.000014,0.000085,0.000738,0.005309,0.999986,0.446561,0.002413,0.89475
0.02,-0.00003,-0.00011,0.000051,0.003464,0.00226,0.999991,0.443248,-0.002282,0.896396
0.03,0.000021,-0.000146,0.000014,0.006712,0.00176,0.999976,0.442619,0.003979,0.896701
0.04,-0.000205,-0.000141,-0.000107,-0.00551,-0.005619,0.999969,0.449433,0.002206,0.893311
0.05,-0.00006,-0.000139,0.000077,-0.004176,0.003073,0.999987,0.446735,0.00188,0.894664
0.06,-0.000026,-0.000045,-0.000166,0.006206,0.002939,0.999976,0.447519,0.000449,0.894274
0.07,-0.000086,-0.000033,0.000064,0.004772,-0.003406,0.999983,0.44676,-0.001335,0.894653
0.08,-0.000173,-0.00007,-0.000032,0.000235,-0.000125,1,0.448251,-0.004459,0.893897
0.09,-0.00011,0.000064,-0.000017,0.014223,0.002063,0.999897,0.45142,0.004114,0.892302
0.1,-0.000042,0.000048,0.000003,-0.00116,0.001641,0.999998,0.445757,0.000432,0.895154
0.11,-0.000049,-0.000019,0.000059,-0.00223,0.006749,0.999975,0.439662,-0.005611,0.898146
0.12,-0.000146,-0.000022,0.000172,0.002173,-0.004124,0.999989,0.448024,0.007405,0.893991
0.13,-0.000174,0.000046,0.000064,-0.000985,-0.003393,0.999994,0.446936,0.001252,0.894565
0.14,-0.000095,0.000146,0.00012,0.003328,0.003708,0.999988,0.44877,-0.001513,0.893646
0.15,-0.000144,-0.000022,0.000104,-0.005435,-0.00225,0.999983,0.442384,-0.002525,0.896822
0.16,-0.000056,0.000031,0.000048,0.011504,-0.003275,0.999928,0.448993,0.007534,0.893504
0.17,0.000019,0.000097,-0.000005,-0.007974,-0.004283,0.999959,0.444458,0.009928,0.895745
0.18,-0.000022,-0.000069,0.000065,-0.000593,-0.006104,0.999981,0.443356,0.010545,0.896283
0.19,-0.000143,-0.000079,0.000037,-0.00036,-0.001351,0.999999,0.449574,0.000303,0.893243
0.2,0.000039,0.000071,-0.000062,-0.001425,-0.006378,0.999979,0.448713,-0.008013,0.89364
0.21,-0.000109,0.000028,-0.00012,0.010948,0.000441,0.99994,0.448684,0.003976,0.893682
0.22,-0.00008,-0.000037,0.000163,-0.001064,-0.001178,0.999999,0.446367,0.006623,0.894826
0.23,0.000021,-0.000057,0.000021,-0.013559,-0.006392,0.999888,0.436293,-0.004633,0.899793
0.24,-0.000061,0.000104,0.000016,-0.001415,0.007238,0.999973,0.444997,0.006558,0.895508
0.25,-0.000066,0.000002,0.000043,0.003132,0.001954,0.999993,0.444554,-0.008391,0.895713
0.26,-0.000057,-0.000126,0.000053,0.007618,-0.00508,0.999958,0.44868,0.006143,0.893671
0.27,-0.000078,0.000073,0.000111,0.000732,0.001465,0.999999,0.437475,-0.003052,0.899225
0.28,-0.000042,0.00003,0.000024,0.002113,-0.008115,0.999965,0.452499,0.006258,0.891743
0.29,0.000052,-0.000029,0.000105,0.004226,-0.011536,0.999925,0.439998,0.007337,0.897969
0.3,-0.000152,0.000002,-0.000094,0.000926,-0.003195,0.999994,0.436865,0.003486,0.89952
0.31,-0.000217,-0.000055,-0.000025,0.010172,0.00247,0.999945,0.445948,0.000751,0.895058
0.32,-0.000025,0.000167,-0.000019,-0.00744,-0.006049,0.999954,0.445229,0.002206,0.895414
0.33,-0.000094,-0.000011,0.000097,0.005638,0.001389,0.999983,0.447446,0.004091,0.894301
0.34,-0.000055,-0.000047,0.000115,0.004362,0.000019,0.99999,0.4473,0.005259,0.894369
0.35,0.000006,-0.000119,0.000047,-0.004352,-0.003242,0.999985,0.438583,0.002852,0.898686
0.36,-0.000036,-0.000121,0.000076,-0.006015,0.008358,0.999947,0.436378,0.002456,0.89976
0.37,-0.000114,0.000056,0.00007,-0.002881,0.004907,0.999984,0.435043,0.002582,0.900406
0.38,-0.000032,-0.00008,0.000043,0.00525,0.00035,0.999986,0.442854,0.000226,0.896594
0.39,-0.000214,-0.000127,0.000085,-0.002884,-0.002106,0.999994,0.441431,-0.001813,0.897293
0.4,-0.000225,0.000045,-0.000099,-0.006455,0.001201,0.999978,0.449607,-0.000142,0.893227
0.41,0.000027,-0.000102,0.000122,0.001531,-0.003315,0.999993,0.448846,-0.00479,0.893596
0.42,-0.000028,-0.000163,0.000163,-0.013049,0.002031,0.999913,0.438325,-0.000556,0.898816
0.43,0.000086,-0.000034,0.00003,-0.000081,-0.003276,0.999995,0.436504,0.006911,0.899676
0.44,-0.000053,-0.000114,0.000149,-0.002178,0.002076,0.999995,0.438823,0.00152,0.898572
0.45,-0.000087,-0.000033,-0.000016,-0.001915,0.000354,0.999998,0.438823,-0.009269,0.898526
0.46,-0.000094,-0.00014,0.000163,-0.005807,-0.002503,0.99998,0.441345,0.000667,0.897337
0.47,-0.000053,0.000056,0.000055,0.001936,-0.00445,0.999988,0.441164,-0.002682,0.897422
0.48,-0.0001,-0.000057,0.000005,0.003203,-0.00016,0.999995,0.446032,0.001012,0.895017
0.49,-0.000039,-0.000061,0.000027,-0.000815,0.001977,0.999998,0.436466,0.008306,0.899682
0.5,-0.00016,-0.000099,0.000198,-0.005781,0.000977,0.999983,0.451226,0.000285,0.89241
0.51,-0.000098,-0.000121,0.000083,-0.001326,0.001321,0.999998,0.445457,-0.005059,0.895289
0.52,0.000083,-0.000156,0.000035,-0.00544,0.005854,0.999968,0.445544,-0.000664,0.89526
0.53,-0.000095,-0.000182,0.000118,-0.001852,0.005718,0.999982,0.446407,-0.00645,0.894807
0.54,-0.000041,-0.000022,-0.000012,-0.003374,-0.004359,0.999985,0.441201,-0.009256,0.897361
0.55,0,-0.000076,0.000041,-0.002289,-0.001797,0.999996,0.439756,0.008989,0.898072
0.56,-0.000136,-0.000135,0.00017,-0.005888,0.004315,0.999973,0.43996,-0.010113,0.89796
0.57,-0.000084,-0.000003,0.000051,-0.005518,0.004575,0.999974,0.44333,-0.000758,0.896358
0.58,-0.000078,-0.000073,0.000109,0.007317,0.000589,0.999973,0.444234,-0.00343,0.895904
0.59,-0.000066,-0.000042,0.000056,0.005724,-0.000589,0.999983,0.445067,0.005557,0.89548
0.6,0.000063,0.000031,0.000087,-0.004469,0.001969,0.999988,0.444106,0.003543,0.895967
0.61,-0.000089,-0.000149,0.000136,0.00256,-0.010239,0.999944,0.442643,0.00463,0.896686
0.62,0.000045,-0.000041,0.000101,-0.007924,0.003316,0.999963,0.449127,-0.002591,0.893464
0.63,0.000029,0.000044,0.000134,-0.001505,-0.005981,0.999981,0.438709,-0.001907,0.898627
0.64,-0.000079,0.000104,-0.000055,-0.002335,-0.005736,0.999981,0.442414,-0.003774,0.896803
0.65,0.000036,0.000014,0.00013,-0.014681,-0.007707,0.999863,0.442308,-0.002061,0.896861
0.66,0.000125,0.000101,-0.000046,-0.003627,-0.010372,0.99994,0.446801,0.00163,0.894632
0.67,-0.000187,0.000043,-0.000035,0.005117,-0.000391,0.999987,0.448079,0.001976,0.893992
0.68,-0.000041,0.000045,-0.00009,-0.008101,0.002287,0.999965,0.44615,-0.001862,0.894956
0.69,-0.000224,-0.000006,0.000057,0.00303,0.00509,0.999982,0.440907,0.0042,0.897543
0.7,-0.000061,-0.000025,-0.000021,-0.010801,-0.004845,0.99993,0.439763,0.003028,0.898109
0.71,-0.000172,-0.000043,-0.000031,0.001314,0.007222,0.999973,0.440793,0.006461,0.897585
0.72,-0.000183,0.000015,0.000048,-0.00068,-0.001005,0.999999,0.440827,-0.013202,0.897495
0.73,-0.000004,-0.000115,-0.000004,-0.003375,0.004874,0.999982,0.444693,-0.000498,0.895683
0.74,-0.000127,-0.000106,0.000071,-0.00281,0.001558,0.999995,0.443119,-0.00044,0.896463
0.75,-0.000108,0.000002,0.000083,-0.005569,0.001391,0.999984,0.448125,0.003417,0.893964
0.76,0.000137,-0.00015,0.000131,-0.003607,0.00655,0.999972,0.439451,0.000395,0.898266
0.77,-0.000047,-0.00003,-0.000073,0.00556,0.004614,0.999974,0.44188,-0.000691,0.897074
0.78,-0.00008,0.000036,0.000046,-0.001573,-0.003427,0.999993,0.43584,0.003728,0.900017
0.79,-0.000032,-0.000054,0.000154,0.000991,0.00708,0.999974,0.437547,-0.000027,0.899196
0.8,-0.000041,-0.000221,-0.000007,0.001716,0.0085,0.999962,0.446398,0.006315,0.894812
0.81,-0.000211,-0.000312,0.000007,0.002252,0.008123,0.999964,0.443174,0.00536,0.896419
0.82,0.000077,-0.000025,-0.000049,0.001962,0.003779,0.999991,0.440931,0.010868,0.897475
0.83,-0.000122,0.00007,0.000067,-0.005758,-0.007542,0.999955,0.449753,-0.002625,0.893149
0.84,-0.000035,-0.000033,0.000057,0.005613,0.004961,0.999972,0.450538,-0.009779,0.892704
0.85,0.000031,0.00002,0.000072,0.004579,-0.003407,0.999984,0.447224,-0.003989,0.894413
0.86,-0.00013,0.000016,-0.000006,-0.002719,-0.001433,0.999995,0.442912,0.010879,0.896499
0.87,0.000056,-0.00014,0.000042,0.004611,-0.004104,0.999981,0.441207,-0.002062,0.897403
0.88,-0.00004,-0.000144,0.000204,0.003917,-0.008968,0.999952,0.447121,-0.004899,0.89446
0.89,0.000088,-0.000069,0.000121,0.006321,0.00422,0.999971,0.441948,-0.004536,0.897029
0.9,-0.000006,-0.000257,0.000075,-0.005723,-0.003658,0.999977,0.435594,-0.001034,0.900143
0.91,-0.000045,-0.000021,-0.00004,0.006352,0.002432,0.999977,0.450172,-0.007,0.892914
0.92,-0.000063,-0.000044,0.000157,0.001119,0.00392,0.999992,0.455226,0.004233,0.890366
0.93,-0.00001,-0.000029,0.000187,-0.005096,0.000074,0.999987,0.445845,0.001175,0.895109
0.94,-0.000088,-0.000063,-0.000105,0.005417,-0.004057,0.999977,0.447999,-0.000995,0.894034
0.95,0.000097,0.000055,0.000134,-0.003858,-0.002075,0.99999,0.439916,0.00752,0.898007
0.96,0.000019,-0.000019,0.000072,-0.001944,-0.002951,0.999994,0.450915,0.002141,0.892564
0.97,-0.000061,-0.000046,0.000058,-0.008157,-0.001071,0.999966,0.442339,-0.000575,0.896848
0.98,0.000092,0.00002,0.000049,0.003062,-0.004276,0.999986,0.440859,-0.003237,0.89757
0.99,-0.00009,-0.000084,0.000193,0.006306,0.002012,0.999978,0.439589,0.000993,0.898199
1,0.000005,-0.000023,0.000023,-0.00301,-0.00376,0.999988,0.452176,-0.003141,0.891923
1.01,-0.000136,-0.000035,0.00013,0.00499,-0.005934,0.99997,0.441143,0.00555,0.89742
1.02,-0.000074,-0.000049,0.000034,-0.00391,0.006342,0.999972,0.44056,-0.002494,0.89772
1.03,-0.00003,-0.000168,0.000033,0.001091,0.000493,0.999999,0.450425,-0.002983,0.892809
1.04,-0.000114,0.000049,-0.000014,-0.000945,-0.00718,0.999974,0.44951,0.00251,0.893272
1.05,0.000011,0.000104,0.000026,-0.000884,0.006117,0.999981,0.44427,-0.002946,0.895888
1.06,-0.000092,-0.000012,0.000053,0.002669,-0.006148,0.999978,0.444077,-0.006326,0.895967
1.07,-0.000126,0.000012,0.00023,0.001243,0.005105,0.999986,0.441928,0.00378,0.897043
1.08,-0.000062,-0.000046,-0.000038,0.006641,-0.001479,0.999977,0.442374,0.002314,0.896828
1.09,-0.000012,-0.000138,-0.000043,-0.003141,-0.002848,0.999991,0.442566,-0.010175,0.896678
1.1,0.000072,-0.000108,0.000148,-0.000709,0.004255,0.999991,0.432576,-0.000009,0.901598
1.11,0.000094,-0.000006,0.000102,0.005635,-0.003036,0.99998,0.44511,0.011105,0.895407
1.12,0.000131,-0.000046,0.000002,0.005721,-0.005956,0.999966,0.451855,0.009149,0.892045
1.13,-0.000158,-0.000025,0.000183,0.003364,-0.00414,0.999986,0.452793,-0.002458,0.891612
1.14,0.000044,-0.000111,-0.000021,-0.001636,0.003678,0.999992,0.443685,0.007757,0.896149
1.15,-0.000083,-0.000003,0.000036,-0.00222,0.00409,0.999989,0.447371,0.000321,0.894349
1.16,-0.000021,-0.000003,0.000028,0.004608,-0.003824,0.999982,0.446746,0.003773,0.894653
1.17,-0.000043,-0.000011,0.000046,0.001363,0.004081,0.999991,0.452526,0.00888,0.891707
1.18,0.000004,0.000135,0.000105,-0.002021,-0.004759,0.999987,0.445682,-0.006801,0.895166
1.19,-0.000035,-0.000176,0.000087,-0.000836,0.009449,0.999955,0.442397,0.003503,0.896813
1.2,-0.000209,-0.000152,0.000128,-0.001732,-0.00329,0.999993,0.447556,0.001344,0.894255
1.21,0.000022,-0.000042,-0.000096,0.006271,-0.002594,0.999977,0.443424,-0.001793,0.89631
1.22,-0.000072,-0.000088,0.000109,0.005822,0.000611,0.999983,0.446167,0.000462,0.89495
1.23,0.000158,-0.00001,-0.000014,-0.007675,0.001981,0.999969,0.444055,-0.002609,0.895996
1.24,-0.000142,-0.000034,0.000038,0.000685,0.00196,0.999998,0.438994,0.009192,0.898443
1.25,-0.00014,-0.000019,-0.000047,-0.001428,0.003302,0.999994,0.450651,-0.002841,0.892696
1.26,0.000058,0.000064,0.000148,-0.001462,0.003233,0.999994,0.441466,-0.003632,0.897271
1.27,-0.000081,0.000016,0.000042,0.006282,0.002228,0.999978,0.440438,0.011483,0.89771
1.28,-0.000073,-0.000058,-0.00006,-0.000923,0.006174,0.999981,0.446362,-0.002005,0.89485
1.29,-0.000165,0.000041,0.000037,-0.009029,-0.005162,0.999946,0.439308,0.006966,0.898309
1.3,-0.000021,0.000059,-0.000098,0.009026,0.003851,0.999952,0.444971,-0.00272,0.895541
1.31,-0.000108,-0.000013,0.000088,0.002916,0.000067,0.999996,0.444871,-0.00427,0.895585
1.32,-0.000072,0.000061,0.000072,0.001909,-0.010775,0.99994,0.437071,-0.002969,0.899422
1.33,-0.000145,-0.00011,0.000124,0.00272,-0.002243,0.999994,0.444898,0.008999,0.895536
1.34,0.000001,-0.000194,0.000171,-0.006105,0.001372,0.99998,0.446093,-0.002517,0.894983
1.35,0.000013,0.000089,0.00002,0.000901,0.008751,0.999961,0.439867,-0.00725,0.898034
1.36,-0.000065,-0.000127,0.000275,-0.00363,-0.003895,0.999986,0.444283,-0.006104,0.895866
1.37,-0.000055,0.00011,-0.000003,-0.001271,-0.004763,0.999988,0.44335,-0.013771,0.896243
1.38,-0.000025,-0.000175,0.00002,0.002051,0.008141,0.999965,0.442631,-0.005225,0.896689
1.39,0.000046,-0.000138,0.000147,-0.002232,-0.00255,0.999994,0.438755,-0.005907,0.898587
1.4,-0.00001,-0.00012,0.00001,0.002473,0.004139,0.999988,0.44396,-0.005437,0.89603
1.41,-0.00008,-0.000033,0.000007,-0.000681,0.006971,0.999975,0.442808,0.000625,0.896616
1.42,-0.000112,-0.000055,-0.000036,0.00253,-0.005501,0.999982,0.442017,0.000165,0.897007
1.43,-0.000152,-0.000033,0.000131,-0.010779,-0.006896,0.999918,0.446732,-0.006531,0.894644
1.44,-0.000173,-0.000028,-0.000003,0.006344,-0.001355,0.999979,0.434206,0.007361,0.900784
1.45,-0.000125,0.000046,0.000008,0.000474,0.005794,0.999983,0.443935,0.001553,0.896058
1.46,0.000091,-0.000097,0.000087,0.00468,-0.000317,0.999989,0.4414,0.0097,0.897258
1.47,-0.000059,-0.000094,0.000105,-0.004528,-0.001276,0.999989,0.442161,-0.002198,0.896933
1.48,-0.000053,0.000024,0.000049,0.002957,-0.001198,0.999995,0.445952,-0.003032,0.895052
1.49,-0.000134,-0.000038,0.000058,0.001081,-0.002234,0.999997,0.446799,0.000445,0.894634
1.5,0.000044,-0.000108,0.00005,-0.00127,0.003729,0.999992,0.44447,0.000204,0.895794
1.51,-0.00019,0.000028,-0.000041,0.006702,-0.001599,0.999976,0.442168,0.001739,0.896931
1.52,-0.000197,-0.000034,0.00015,-0.003653,-0.005513,0.999978,0.438716,-0.00428,0.898615
1.53,-0.000172,-0.000124,-0.000011,0.003075,-0.000306,0.999995,0.438086,-0.006461,0.89891
1.54,-0.000138,0.000004,-0.000017,0.004201,0.003842,0.999984,0.435149,-0.004357,0.900348
1.55,-0.000102,0.000022,-0.000012,-0.006883,0.009138,0.999935,0.443275,-0.002526,0.896382
1.56,-0.000002,-0.000113,-0.000052,0.00372,0.002475,0.99999,0.441455,-0.009482,0.897233
1.57,-0.0002,0.000134,0.000026,0.009247,0.003421,0.999951,0.442066,0.002504,0.896979
1.58,-0.000018,-0.000031,0.000068,-0.002109,-0.004908,0.999986,0.435016,-0.003988,0.900414
1.59,-0.000035,0.000138,-0.000037,0.002906,-0.002219,0.999993,0.441503,-0.001306,0.897259
1.6,-0.000175,-0.000117,-0.000063,0.002557,-0.001738,0.999995,0.434389,-0.002149,0.900723
1.61,0.000026,0.000043,-0.00003,-0.003204,-0.002598,0.999991,0.440077,0.001639,0.897959
1.62,-0.000161,-0.00006,0.000175,-0.003417,0.003088,0.999989,0.448135,0.002688,0.893962
1.63,-0.000285,0.000017,-0.00004,0.000052,-0.008392,0.999965,0.444741,-0.00334,0.895653
1.64,0.000051,-0.000123,0.000029,-0.005487,-0.006455,0.999964,0.43957,-0.01043,0.898148
1.65,-0.000171,-0.000114,0.000175,-0.004393,-0.006264,0.999971,0.443663,0.010087,0.896137
1.66,0.000032,-0.000064,-0.000022,-0.000483,-0.008379,0.999965,0.450641,-0.005454,0.892688
1.67,-0.000205,-0.000063,0.000051,0.003632,-0.002986,0.999989,0.442929,-0.0038,0.896549
1.68,-0.000047,-0.000037,-0.000044,-0.007835,-0.002781,0.999965,0.447514,-0.000987,0.894277
1.69,-0.000045,-0.000032,0.000166,0.000354,0.00579,0.999983,0.438818,-0.004386,0.898565
1.7,0.000123,-0.000041,-0.000013,-0.005082,0.001079,0.999987,0.445081,0.007503,0.895459
1.71,-0.000045,-0.000082,-0.000011,0.002247,-0.00168,0.999996,0.450979,-0.002368,0.892532
1.72,-0.000045,-0.00012,0.000107,-0.002883,0.002836,0.999992,0.442605,0.005309,0.896701
1.73,-0.000049,-0.000007,0.000038,-0.003133,0.005879,0.999978,0.440553,-0.005051,0.897713
1.74,-0.000103,-0.000111,0.000033,0.000012,0.00285,0.999996,0.445095,-0.005935,0.895464
1.75,-0.000087,-0.000008,0.000053,0.004513,-0.002907,0.999986,0.442039,-0.011334,0.896924
1.76,-0.000158,-0.000023,-0.000064,-0.007824,-0.006794,0.999946,0.439384,0.007137,0.898271
1.77,-0.000093,-0.000054,-0.000127,0.007196,0.008116,0.999941,0.444646,-0.011954,0.895627
1.78,-0.000031,-0.000016,0.00004,-0.00016,-0.002504,0.999997,0.444668,0.002967,0.895691
1.79,-0.000076,-0.000061,-0.000032,0.003598,-0.001881,0.999992,0.438945,-0.007594,0.898482
1.8,-0.000063,-0.000077,0.000062,0.001391,-0.002685,0.999995,0.44101,-0.005258,0.897487
1.81,-0.000145,-0.000008,0.000066,-0.000957,0.002274,0.999997,0.439895,-0.002845,0.898045
1.82,-0.000052,-0.000067,0.000102,0.014133,0.001039,0.9999,0.437504,-0.003379,0.89921
1.83,-0.000185,0.000011,0.000075,0.000394,0.005719,0.999984,0.440117,-0.00342,0.897934
1.84,-0.000015,0.000005,-0.000003,-0.001678,-0.003349,0.999993,0.446256,0.006541,0.894881
1.85,-0.000062,0.000027,0.000091,-0.005941,-0.002593,0.999979,0.441113,0.002183,0.897449
1.86,-0.000021,-0.000161,0.000101,-0.002842,0.008132,0.999963,0.443703,0.009781,0.89612
1.87,0.000063,0.000059,0.000074,-0.002218,-0.000174,0.999998,0.445935,-0.001347,0.895064
1.88,-0.000175,0.000054,0.000041,-0.008443,0.001162,0.999964,0.443896,0.011492,0.896005
1.89,-0.00026,0.000004,-0.000077,0.00501,-0.004544,0.999977,0.435021,0.005403,0.900404
1.9,-0.000153,-0.000084,0.000165,-0.001196,0.013994,0.999901,0.441141,0.003402,0.897431
1.91,-0.000072,-0.000005,0.000206,-0.001388,-0.001681,0.999998,0.438577,-0.001754,0.898692
1.92,0.0001,-0.000038,0.000033,-0.016514,-0.0012,0.999863,0.444586,0.000951,0.895736
1.93,-0.000149,-0.000089,0.000091,-0.002175,0.002459,0.999995,0.447382,0.003888,0.894334
1.94,-0.000005,-0.000019,0.00014,0.003463,-0.008464,0.999958,0.439925,-0.012304,0.89795
1.95,-0.000107,-0.000034,0.000117,0.004299,0.004017,0.999983,0.444642,0.007746,0.895675
1.96,0.000012,0.000065,0.000088,-0.000026,-0.002726,0.999996,0.441378,0.000171,0.897321
1.97,-0.000066,0.000003,-0.000034,0.004603,-0.002862,0.999985,0.444332,-0.001494,0.895861
1.98,-0.000183,0.000022,0.000049,-0.002351,0.002968,0.999993,0.442813,0.000589,0.896614
1.99,-0.000013,-0.000177,0.000022,0.004298,0.009653,0.999944,0.441416,-0.003997,0.897293
2,-0.000092,-0.000104,-0.000143,-0.002469,-0.002144,0.999995,0.446729,0.005429,0.894653
2.01,-0.000069,0.00005,0.000087,-0.002487,0.0049,0.999985,0.443445,-0.004368,0.896291
2.02,-0.000092,-0.00003,0.00012,0.004561,-0.002788,0.999986,0.443316,-0.004409,0.896354
2.03,-0.00028,-0.00004,0.000101,-0.003755,0.002002,0.999991,0.445342,-0.000029,0.895361
2.04,0.00002,0.00012,0.000153,0.003498,-0.010361,0.99994,0.440931,0.010959,0.897474
2.05,-0.000012,-0.000002,0.000122,-0.000827,-0.009205,0.999957,0.439777,0.002004,0.898105
2.06,-0.000087,-0.000032,0.000133,-0.007522,-0.000351,0.999972,0.446567,0.001102,0.89475
2.07,0.000131,-0.000043,0.000049,0.003763,-0.004253,0.999984,0.447434,-0.003027,0.894312
2.08,-0.000022,0.000089,0.000051,-0.002724,0.000661,0.999996,0.450135,-0.004234,0.89295
2.09,0.000089,-0.000113,0.000037,0.000857,0.006149,0.999981,0.442633,-0.00757,0.896671
2.1,-0.000057,0.00004,0.000145,-0.001054,-0.004243,0.99999,0.441361,-0.00081,0.897329
2.11,-0.000171,-0.000109,0.000083,0.005329,0.001856,0.999984,0.439227,-0.001296,0.898375
2.12,-0.000097,-0.000162,0.000144,0.006091,-0.009999,0.999931,0.446163,-0.004128,0.894942
2.13,0.000004,0.000014,0.000012,0.004889,0.000677,0.999988,0.444225,0.005515,0.895898
2.14,0.00005,-0.00005,0.000149,0.004416,0.001535,0.999989,0.446083,0.003412,0.894985
2.15,-0.000119,-0.000103,0.000071,0.001904,-0.003517,0.999992,0.444233,0.001578,0.89591
2.16,-0.000101,0.00003,0.000076,-0.001437,0.002784,0.999995,0.439364,-0.007338,0.898279
2.17,-0.00012,-0.000022,0.000023,0.000074,0.008751,0.999962,0.443177,-0.001983,0.896432
2.18,0.00004,-0.000084,0.000015,0.004588,0.00167,0.999988,0.439872,0.004865,0.898047
2.19,0.000066,0.000167,0.000228,-0.001796,0.005912,0.999981,0.453933,-0.014365,0.89092
2.2,-0.000034,-0.00001,0.000187,-0.001843,0.005343,0.999984,0.452832,0.001935,0.891594
2.21,-0.00005,-0.000114,0.000064,0.001648,0.003767,0.999992,0.445685,0.002263,0.895187
2.22,0,-0.000101,-0.00009,-0.008967,0.000308,0.99996,0.443919,0.004255,0.896057
2.23,-0.000165,0.000029,-0.000013,0.000995,0.001535,0.999998,0.443739,0.002489,0.896153
2.24,-0.000052,-0.00001,0.000108,0.00799,0.002267,0.999966,0.444114,0.000144,0.89597
2.25,-0.000069,0.000015,-0.000024,0.003463,0.002043,0.999992,0.444171,0.003481,0.895935
2.26,-0.000071,-0.000118,0.000152,0.008066,0.001428,0.999966,0.439108,0.008411,0.898395
2.27,-0.000042,-0.000093,0.000023,0.002426,-0.00789,0.999966,0.440856,-0.00363,0.89757
2.28,-0.000059,0.000032,-0.000086,0.000417,0.008573,0.999963,0.434384,0.007676,0.900695
2.29,-0.00013,-0.000062,0.000275,0.00202,0.001073,0.999997,0.443298,-0.00072,0.896374
2.3,0.000044,-0.000038,0.000116,-0.000268,0.001626,0.999999,0.446699,-0.005621,0.894667
2.31,0.00014,-0.000049,0.000022,0.002303,0.003623,0.999991,0.444103,-0.003284,0.89597
2.32,0.000066,0.000014,0.000112,-0.002499,0.001683,0.999995,0.441541,-0.003996,0.897232
2.33,-0.000084,0.000139,0.000203,-0.006101,-0.00739,0.999954,0.440465,0.00214,0.897767
2.34,0.00001,0.000031,-0.000123,0.007401,0.00734,0.999946,0.446582,-0.002619,0.894739
2.35,0.000016,-0.000046,0.000091,0.007736,0.008033,0.999938,0.449132,-0.000756,0.893465
2.36,0.00002,-0.000058,-0.000094,0.002625,0.008754,0.999958,0.445204,-0.006723,0.895404
2.37,-0.000007,-0.000093,0.000025,0.006143,-0.002927,0.999977,0.437232,-0.002415,0.899345
2.38,-0.000092,-0.000058,-0.000148,0.004599,-0.000632,0.999989,0.439544,0.000762,0.898221
2.39,0.000067,-0.000007,0.000151,0.000661,-0.0049,0.999988,0.440894,0.000661,0.897559
2.4,0.000133,-0.000027,-0.000104,-0.000486,-0.001452,0.999999,0.447113,0.001569,0.894476
2.41,-0.000117,-0.000134,0.00001,0.000519,-0.004458,0.99999,0.436688,-0.003442,0.899607
2.42,-0.000032,-0.000203,0.000084,-0.00152,0.004187,0.99999,0.446231,0.00323,0.894912
2.43,-0.000171,-0.000003,0.000044,-0.004912,-0.004425,0.999978,0.440551,0.000282,0.897727
2.44,-0.000067,-0.000035,0.000007,-0.006453,0.004417,0.999969,0.441589,-0.008569,0.897177
2.45,-0.000093,-0.000176,0.000051,0.004667,-0.001728,0.999988,0.442548,-0.006829,0.896719
2.46,0.000122,0.000144,0.000169,-0.004961,-0.005325,0.999974,0.446303,-0.001319,0.894881
2.47,0.000022,-0.000088,0.00018,-0.002603,0.005507,0.999981,0.437518,-0.002047,0.899207
2.48,-0.000044,-0.000035,0.000028,0.002755,-0.003983,0.999988,0.445981,-0.008986,0.894997
2.49,-0.000031,-0.000067,0.000046,0.007317,-0.000883,0.999973,0.442249,-0.001894,0.89689
2.5,-0.000134,-0.000061,0.000253,0.001045,-0.008441,0.999964,0.442709,0.00386,0.896657
2.51,-0.000046,-0.00005,0.0001,0.005536,0.006584,0.999963,0.450493,0.00129,0.892779
2.52,0.000022,-0.000126,0.000036,0.002113,-0.000373,0.999998,0.444745,0.004055,0.895648
2.53,0.000041,-0.000005,0.000064,-0.005687,0.003822,0.999977,0.436113,0.002048,0.89989
2.54,0.000096,-0.000088,0.000061,0.001884,-0.003739,0.999991,0.44902,-0.002031,0.893519
2.55,-0.000085,0.000101,-0.000117,-0.002644,0.006419,0.999976,0.439479,0.008913,0.898209
2.56,-0.000098,-0.000075,0.000112,-0.002536,-0.00149,0.999996,0.449398,-0.001136,0.893331
2.57,0.000013,0.000093,-0.000084,-0.004436,-0.001318,0.999989,0.445975,0.002369,0.895042
2.58,0.000026,-0.000054,-0.000004,0.010157,0.001987,0.999946,0.440606,-0.005921,0.897681
2.59,0.000008,-0.000109,-0.000128,-0.004329,0.00107,0.99999,0.441221,0.001561,0.897397
2.6,-0.000072,-0.000159,-0.000003,0.000589,-0.007356,0.999973,0.443917,0.002282,0.896065
2.61,-0.000007,-0.000001,0.000192,-0.009461,-0.000913,0.999955,0.43953,0.005205,0.898213
2.62,-0.000057,-0.000162,-0.000012,-0.002965,-0.001547,0.999994,0.442266,-0.005607,0.896866
2.63,-0.00012,-0.000135,0.000092,0.006264,0.000229,0.99998,0.446262,0.001462,0.894901
2.64,-0.000096,-0.000201,0.000114,0.007584,-0.007023,0.999947,0.444914,-0.009554,0.895522
2.65,-0.000049,0.000002,0.000063,-0.001007,-0.00363,0.999993,0.438005,-0.009724,0.89892
2.66,0.000016,-0.000025,0.000162,0.002096,0.0055,0.999983,0.446657,0.002708,0.894701
2.67,-0.000002,0.000006,0.000089,0.004446,-0.000712,0.99999,0.441885,-0.001789,0.89707
2.68,-0.000167,-0.000043,0.000031,0.001557,0.002019,0.999997,0.450653,0.003021,0.892694
2.69,-0.000021,-0.000147,0.000196,-0.001033,-0.007541,0.999971,0.447301,0.005618,0.894366
2.7,-0.00003,-0.000134,-0.000096,-0.013551,-0.001419,0.999907,0.437198,0.004572,0.899354
2.71,-0.000064,-0.000037,-0.000009,0.004127,-0.013525,0.9999,0.442431,-0.001963,0.8968
2.72,-0.000031,-0.000085,0.000102,-0.001708,-0.008014,0.999966,0.436377,0.001651,0.899762
2.73,-0.000103,-0.000032,0.000139,0.002452,0.00214,0.999995,0.443635,-0.005959,0.896188
2.74,0.000185,-0.000117,0.000013,-0.004181,0.001495,0.99999,0.441678,-0.001416,0.897173
2.75,-0.000113,0.00004,-0.000047,-0.003409,0.001465,0.999993,0.442568,-0.00029,0.896735
2.76,-0.000082,-0.000031,-0.000032,-0.004272,0.002271,0.999988,0.436325,0.001799,0.899787
2.77,-0.000123,-0.00007,-0.00013,0.003301,-0.00806,0.999962,0.438796,0.000512,0.898587
2.78,-0.000166,-0.000065,0.000067,-0.001948,0.006204,0.999979,0.446141,0.010415,0.894902
2.79,-0.000056,-0.000183,0.000013,0.009902,-0.006204,0.999932,0.441755,-0.007614,0.897104
2.8,0.00003,0.00002,0.000047,-0.004382,0.0089,0.999951,0.438849,-0.000667,0.898561
2.81,-0.000117,0.000026,0.000003,-0.004664,0.003818,0.999982,0.443087,-0.000175,0.896479
2.82,-0.000141,-0.000099,0.00018,-0.008196,-0.005265,0.999953,0.440148,-0.005462,0.897909
2.83,-0.00002,0.000072,0.000012,0.002611,-0.001884,0.999995,0.446828,-0.012277,0.894535
2.84,0.000042,-0.000081,0.00004,0.0016,0.001468,0.999998,0.4447,-0.002399,0.895676
2.85,0.000178,0.000038,0.00001,0.000709,0.002717,0.999996,0.448231,-0.00386,0.893909
2.86,-0.000047,0,0.000159,0.007783,0.007372,0.999943,0.441197,-0.00165,0.897409
2.87,-0.000082,-0.000181,0.000029,0.010617,-0.004071,0.999935,0.443869,-0.003494,0.896085
2.88,-0.000038,-0.000019,0.000169,-0.003113,-0.003575,0.999989,0.447044,0.00749,0.894481
2.89,-0.000012,0.000042,-0.000042,0.000256,-0.000275,1,0.447532,-0.001868,0.894266
2.9,0.000036,0.000154,0.000121,0.008068,0.000865,0.999967,0.443503,0.005535,0.896256
2.91,-0.000017,-0.000015,0.00021,0.001389,0.006386,0.999979,0.433475,0.004523,0.901154
2.92,-0.00012,-0.000038,0.000094,0.007161,0.001567,0.999973,0.444181,-0.008462,0.895897
2.93,0.000025,-0.000067,0.00008,0.002511,0.010015,0.999947,0.450176,-0.001419,0.892938
2.94,-0.000064,-0.000018,0.000042,0.006972,0.002872,0.999972,0.446298,0.002168,0.894882
2.95,-0.000139,-0.000031,0.00013,0.00028,0.004152,0.999991,0.439083,-0.002038,0.898444
2.96,-0.000124,-0.00005,0.000112,0.00191,0.003362,0.999993,0.444255,-0.00439,0.89589
2.97,-0.000133,-0.000013,-0.000039,-0.003272,-0.005027,0.999982,0.439312,-0.004695,0.898322
2.98,0.00006,0.000173,0.00023,-0.001034,-0.001826,0.999998,0.444957,0.008322,0.895513
2.99,-0.000059,0.000036,0.000064,-0.004725,-0.001192,0.999988,0.445559,0.000107,0.895252
3,-0.000031,0.000106,-0.000061,0.00846,0.000295,0.999964,0.447665,0.004659,0.894189
3.01,0.000053,-0.000033,0.000177,0.003947,-0.005086,0.999979,0.440715,0.008596,0.897606
3.02,-0.000023,-0.000087,0.000078,-0.011183,-0.001923,0.999936,0.43787,-0.003624,0.899031
3.03,0.000025,-0.000026,0.000096,-0.015295,0.002704,0.999879,0.441915,-0.004118,0.897048
3.04,-0.000085,-0.000215,0.000132,-0.013159,0.002726,0.99991,0.453981,-0.005302,0.890996
3.05,0.000022,-0.000016,0.00006,-0.023449,0.000166,0.999725,0.447176,-0.000007,0.894446
3.06,0.000051,-0.000069,-0.000008,-0.01891,-0.005537,0.999806,0.449679,-0.006516,0.893166
3.07,-0.000056,0.000075,-0.000067,-0.026051,-0.006447,0.99964,0.447387,-0.003117,0.894335
3.08,0.000065,-0.000084,-0.000042,-0.027238,0.00013,0.999629,0.440309,0.003788,0.897838
3.09,0.000071,-0.000037,-0.00006,-0.029686,-0.007955,0.999528,0.43761,0.005309,0.899149
3.1,-0.000071,0.000053,0.000158,-0.035842,-0.004497,0.999347,0.445148,0.005306,0.895441
3.11,-0.000077,0.000007,0.000116,-0.032273,0.000321,0.999479,0.44591,0.007081,0.89505
3.12,-0.000096,0.000002,0.000051,-0.035859,0.005478,0.999342,0.441797,-0.004585,0.897103
3.13,-0.000086,-0.000072,0.000059,-0.041298,-0.001125,0.999146,0.439286,0.00085,0.898347
3.14,-0.000037,-0.000078,0.000016,-0.037512,-0.001076,0.999296,0.444303,0.001115,0.895876
3.15,0.000058,-0.00001,0.000131,-0.047612,0.007559,0.998837,0.446309,0.000379,0.894879
3.16,0.000065,0.000023,0.000252,-0.055114,-0.004334,0.998471,0.44955,-0.001339,0.893254
3.17,-0.000111,0.000042,0.000026,-0.044349,-0.004414,0.999006,0.450942,0.003718,0.892545
3.18,0.000123,0.00012,-0.000117,-0.055091,-0.002637,0.998478,0.451655,0.008001,0.892157
3.19,-0.000124,0.000029,0.000123,-0.046874,0.000831,0.9989,0.447304,0.002552,0.894378
3.2,0.000025,-0.000035,0.000093,-0.0653,0.000748,0.997865,0.440864,0.001426,0.897573
3.21,0.000018,-0.000035,0.000143,-0.05267,-0.004435,0.998602,0.436177,-0.001912,0.899859
3.22,-0.000237,0.000027,-0.000037,-0.067591,-0.003315,0.997708,0.450663,-0.005123,0.89268
3.23,0.000044,-0.000049,-0.000024,-0.069846,0.00626,0.997538,0.43908,0.000466,0.898448
3.24,-0.000007,-0.000108,-0.000026,-0.073547,-0.003363,0.997286,0.44489,-0.002039,0.895583
3.25,-0.000176,-0.000031,0.000097,-0.077952,0.005595,0.996941,0.441121,-0.003859,0.897439
3.26,0.00005,-0.000041,0.000145,-0.077909,-0.00234,0.996958,0.43862,0.01011,0.898616
3.27,-0.000038,-0.000037,0.000104,-0.079579,0.000978,0.996828,0.443675,-0.002064,0.896185
3.28,0.000053,-0.000058,0.000032,-0.079802,-0.00107,0.99681,0.450524,0.008815,0.892721
3.29,-0.000053,-0.000021,-0.000025,-0.080526,-0.007909,0.996721,0.444962,0.009382,0.8955
3.3,0.00005,-0.000064,0.000094,-0.082463,-0.006725,0.996571,0.444675,0.003509,0.895685
3.31,-0.000111,0.000003,0.000088,-0.091387,-0.013323,0.995726,0.445567,-0.007264,0.895219
3.32,-0.000076,0.000148,0.000086,-0.087974,0.002631,0.996119,0.448157,-0.005839,0.893936
3.33,0.000116,0.000055,-0.000004,-0.097283,-0.000977,0.995256,0.449458,-0.002326,0.893299
3.34,-0.000073,0.000009,0.000059,-0.092832,-0.007478,0.995654,0.442829,-0.007052,0.896578
3.35,-0.000035,-0.000054,-0.000104,-0.095998,-0.001054,0.995381,0.447389,-0.000634,0.894339
3.36,-0.000059,-0.000222,0.000086,-0.094898,-0.000738,0.995487,0.435703,-0.000954,0.90009
3.37,-0.000103,-0.000091,0.000034,-0.099298,0.000463,0.995058,0.435593,0.001089,0.900143
3.38,-0.000016,-0.000154,-0.000099,-0.107895,-0.000893,0.994162,0.441486,0.007359,0.897238
3.39,-0.000132,-0.000207,-0.000031,-0.103703,-0.002958,0.994604,0.444593,-0.007682,0.8957
3.4,0.000099,-0.000121,0.00011,-0.101305,-0.003517,0.994849,0.436725,-0.000768,0.899595
3.41,-0.000159,-0.000003,0.000026,-0.115504,-0.005545,0.993292,0.449942,0.005327,0.893042
3.42,-0.000045,0.000021,0.000207,-0.110031,0.000505,0.993928,0.447888,0.006396,0.894067
3.43,-0.000022,-0.000018,-0.000031,-0.109041,-0.004332,0.994028,0.444661,0.004022,0.89569
3.44,0.000011,-0.00005,0.000126,-0.113085,0.001977,0.993583,0.448912,0.0023,0.893573
3.45,-0.000043,0.000123,-0.000119,-0.116,0.005907,0.993232,0.443311,-0.002272,0.896365
3.46,-0.000065,0.000048,0.000023,-0.11738,0.008436,0.993051,0.441665,-0.002839,0.897175
3.47,-0.000109,-0.000052,-0.000067,-0.125848,-0.011359,0.991985,0.44687,-0.005295,0.894583
3.48,-0.000029,0.000184,0.000154,-0.116912,0.00442,0.993132,0.44812,-0.000894,0.893973
3.49,-0.000136,-0.000105,0.000018,-0.120735,0.004584,0.992674,0.448678,-0.003304,0.893687
3.5,0.000048,-0.0001,-0.000007,-0.124055,0.000728,0.992275,0.4502,-0.007157,0.892899
3.51,0.000038,0.000047,0.000021,-0.127616,-0.003285,0.991818,0.43836,-0.00102,0.898799
3.52,-0.000137,-0.000164,-0.000007,-0.117753,0.003145,0.993038,0.440576,-0.001774,0.897714
3.53,-0.000234,0.000037,-0.000001,-0.127717,-0.000288,0.991811,0.438087,0.002292,0.89893
3.54,0.000003,0.000134,0.000156,-0.129293,0.005693,0.99159,0.44373,0.009203,0.896114
3.55,-0.00014,0.000047,0.000155,-0.128704,0.00258,0.99168,0.446716,-0.013592,0.894573
3.56,-0.000105,-0.000112,0.000044,-0.120759,-0.001829,0.99268,0.447469,-0.006386,0.894277
3.57,-0.000179,0.0001,-0.000156,-0.136538,-0.004408,0.990625,0.446076,0.005442,0.894978
3.58,-0.000136,-0.000052,0.000034,-0.129082,0.007218,0.991608,0.447195,0.001846,0.894434
3.59,-0.000025,-0.000005,0.000035,-0.13598,-0.001395,0.990711,0.444584,-0.004536,0.895726
3.6,0.00006,-0.000215,0.000054,-0.134293,0.001366,0.990941,0.437798,-0.010031,0.899018
3.61,-0.000102,-0.000017,0.000073,-0.139686,0.000548,0.990196,0.44784,0.001706,0.894112
3.62,-0.000119,-0.000085,0.000123,-0.142407,-0.000595,0.989808,0.439048,-0.005521,0.898447
3.63,-0.000009,-0.000088,0.000232,-0.148981,0.001472,0.988839,0.44573,0.002311,0.895164
3.64,0.000162,-0.000156,0.00008,-0.143805,0.006342,0.989586,0.449943,-0.000692,0.893057
3.65,0.00018,0.00004,0.000073,-0.135866,-0.000887,0.990727,0.449423,-0.007171,0.89329
3.66,-0.000058,-0.000076,0.000035,-0.147816,0.011725,0.988945,0.445168,0.009245,0.895399
3.67,-0.000088,0.000036,0.000019,-0.14021,0.006929,0.990098,0.442039,-0.003864,0.896987
3.68,-0.000078,-0.000134,0.000049,-0.139128,-0.010039,0.990224,0.446,0.000237,0.895033
3.69,-0.000117,-0.000044,0.000145,-0.146108,-0.0089,0.989229,0.443764,-0.00881,0.8961
3.7,-0.000008,0.000015,0.000085,-0.136692,-0.003891,0.990606,0.442222,-0.013299,0.896807
3.71,-0.000034,-0.00004,0.000027,-0.139184,0.004287,0.990257,0.436089,0.002034,0.899901
3.72,0.000027,-0.000123,0.000171,-0.135089,0.004552,0.990823,0.433535,-0.007762,0.901103
3.73,-0.000036,-0.000094,0.000011,-0.145784,0.002712,0.989313,0.439335,0.005344,0.898307
3.74,-0.000099,-0.000015,-0.000009,-0.131456,-0.003018,0.991317,0.441788,0.006813,0.897094
3.75,0.00006,-0.000097,-0.000145,-0.142812,0.002533,0.989747,0.443452,0.004691,0.896286
3.76,-0.000103,-0.000204,0.00005,-0.141058,0.007206,0.989975,0.437203,0.005724,0.899345
3.77,0.000053,0.000028,-0.000063,-0.136909,-0.001396,0.990583,0.447366,0.001118,0.89435
3.78,-0.000106,0.000127,0.000081,-0.145639,0.000927,0.989337,0.445489,0.009259,0.895239
3.79,-0.000039,0.000063,0.000268,-0.14121,0.004916,0.989967,0.443099,0.001058,0.896472
3.8,0.000074,-0.000017,0.000085,-0.148419,-0.005617,0.988909,0.444089,-0.011079,0.895914
3.81,0.000014,-0.000082,-0.000039,-0.130824,-0.002179,0.991403,0.447627,-0.009922,0.894166
3.82,-0.000035,-0.000111,0.000048,-0.141352,0.001454,0.989958,0.44807,0.007167,0.89397
3.83,-0.000031,0.000176,-0.000021,-0.137112,0.002293,0.990553,0.45322,0.002561,0.891395
3.84,-0.00005,-0.000043,0.000092,-0.141501,0.004381,0.989928,0.443413,0.002916,0.896313
3.85,0.000052,-0.000071,-0.000018,-0.135762,0.003397,0.990736,0.438223,0.003346,0.89886
3.86,-0.000183,-0.00011,0.0001,-0.130023,0.009428,0.991466,0.45558,0.002371,0.890192
3.87,-0.000035,-0.000117,0.000021,-0.132214,0.004034,0.991213,0.441099,0.001128,0.897458
3.88,-0.000037,0.000015,0.000002,-0.138608,-0.002026,0.990345,0.438042,-0.006231,0.898933
3.89,-0.000061,-0.000187,-0.000047,-0.133668,-0.010777,0.990968,0.43978,0.00774,0.898072
3.9,0.000102,-0.00022,0.000024,-0.132258,-0.004672,0.991204,0.444064,0.005096,0.895981
3.91,-0.00002,-0.000061,-0.000017,-0.131734,-0.008988,0.991244,0.438674,-0.008605,0.898605
3.92,-0.000045,-0.000029,0.000046,-0.12241,0.008756,0.992441,0.450473,0.005254,0.892775
3.93,-0.000203,-0.000042,-0.000021,-0.137545,0.000271,0.990495,0.440007,0.00003,0.897994
3.94,-0.000087,-0.000009,0.00011,-0.135812,-0.003705,0.990728,0.435434,-0.000364,0.900221
3.95,0.000039,-0.000072,0.000134,-0.127824,0.005168,0.991783,0.443779,-0.005668,0.896118
3.96,0.000063,0.000071,0.000175,-0.12305,-0.002692,0.992397,0.43884,0.00856,0.898525
3.97,-0.000052,-0.000044,0.000126,-0.13146,-0.009656,0.991274,0.44931,-0.001396,0.893375
3.98,-0.000159,-0.00001,0.000007,-0.131801,-0.002384,0.991273,0.446229,-0.001945,0.894917
3.99,-0.000072,-0.000181,-0.000024,-0.123231,0.001933,0.992376,0.439821,-0.004582,0.898074
4,-0.000041,0.000049,0.00014,-0.122796,0.00576,0.992415,0.443894,-0.002436,0.896076
4.01,-0.000046,-0.000045,-0.000019,-0.121461,-0.012418,0.992518,0.446295,0.008134,0.894849
4.02,-0.000004,-0.00005,0.000106,-0.114594,-0.004433,0.993402,0.439431,0.004803,0.898263
4.03,0.000113,-0.000032,-0.000077,-0.112465,-0.006205,0.993636,0.44374,0.011705,0.896079
4.04,-0.000115,-0.000156,-0.000051,-0.117894,-0.003262,0.993021,0.442505,0.007825,0.896732
4.05,0.000074,-0.000009,-0.000079,-0.108575,-0.009294,0.994045,0.446031,0.006025,0.894997
4.06,0.000018,0.000081,0.000022,-0.108577,-0.006331,0.994068,0.448948,-0.006673,0.893533
4.07,-0.000098,-0.000058,0.000078,-0.111764,-0.001473,0.993734,0.447965,0.004887,0.894038
4.08,0.000016,0.000074,0.000159,-0.112997,0.001293,0.993594,0.440295,-0.000732,0.897853
4.09,0.000064,0.00009,0.000111,-0.103831,0.001102,0.994594,0.451248,0.01238,0.892313
4.1,-0.000173,-0.00004,0.000081,-0.103972,0.002731,0.994576,0.443725,0.002463,0.89616
4.11,-0.000073,0.000051,0.000022,-0.099054,0.001797,0.99508,0.449279,0.004852,0.893378
4.12,-0.00012,0.000097,0.000112,-0.105858,-0.00881,0.994342,0.442027,-0.002889,0.896997
4.13,-0.00002,0.000052,0.000146,-0.095199,-0.004843,0.995446,0.438973,-0.002497,0.898497
4.14,-0.00001,-0.000243,-0.000005,-0.099425,0.001699,0.995044,0.447441,0.001892,0.894311
4.15,-0.000079,-0.000115,0.000071,-0.096593,-0.006058,0.995305,0.439472,-0.008036,0.89822
4.16,0.000065,-0.000071,-0.000045,-0.088889,-0.000379,0.996041,0.439345,-0.002696,0.898314
4.17,0.000138,-0.000068,-0.000054,-0.092262,0.004252,0.995726,0.443314,0.004408,0.896356
4.18,-0.000019,0.000008,-0.000008,-0.092892,-0.004485,0.995666,0.4429,0.005051,0.896557
4.19,0.00003,-0.000071,-0.000027,-0.070204,0.002454,0.99753,0.454416,0.000047,0.89079
4.2,-0.000024,0.000039,-0.000002,-0.077565,-0.000687,0.996987,0.432679,0.005291,0.901533
4.21,-0.000011,-0.000037,0.0003,-0.086623,0.006767,0.996218,0.445343,-0.001432,0.895359
4.22,-0.000101,0.000092,0.000049,-0.085742,0.004032,0.996309,0.441724,-0.012307,0.897067
4.23,-0.000051,0.000034,0.000132,-0.070353,-0.005492,0.997507,0.436528,0.002682,0.899687
4.24,0.000071,0,0.000001,-0.075502,-0.006373,0.997125,0.438151,-0.00176,0.8989
4.25,-0.000086,0.000016,0.000104,-0.072014,0.004276,0.997394,0.437325,0.004811,0.89929
4.26,0.000083,0.000008,0.000146,-0.070166,0.002383,0.997532,0.446373,0.002607,0.894843
4.27,0.000093,-0.000014,-0.000076,-0.060801,0.001298,0.998149,0.44242,0.004271,0.896798
4.28,-0.000142,-0.000154,0.000193,-0.065652,-0.00673,0.99782,0.443026,0.002475,0.896505
4.29,-0.000113,0.000079,0.000105,-0.060676,0.008231,0.998124,0.43724,0.009795,0.899292
4.3,0.00011,0.000059,0.000045,-0.054667,0.006588,0.998483,0.442974,-0.003497,0.896527
4.31,-0.000057,-0.000021,0.000069,-0.058428,-0.001304,0.998291,0.438275,0.003815,0.898833
4.32,-0.000086,-0.000032,0.000194,-0.057921,0.004225,0.998312,0.441266,-0.003972,0.897367
4.33,-0.000188,-0.000006,-0.000026,-0.047398,0.003365,0.99887,0.446676,-0.001912,0.894694
4.34,-0.000023,0.000045,0.000049,-0.041524,-0.003242,0.999132,0.444675,0.000707,0.895692
4.35,0.000028,-0.000167,0.00015,-0.043587,0.002046,0.999048,0.44121,0.000262,0.897404
4.36,-0.000092,0.000026,0.00007,-0.049656,-0.00595,0.998749,0.440194,0.000645,0.897903
4.37,-0.000265,-0.000095,0.000073,-0.050969,0.005076,0.998687,0.443784,-0.000959,0.896133
4.38,0.000096,-0.000004,0.000076,-0.036439,0.00527,0.999322,0.440166,0.000002,0.897916
4.39,-0.000163,0.000096,0.000211,-0.038257,0.003092,0.999263,0.44864,-0.000229,0.893713
4.4,-0.000037,-0.000048,-0.000088,-0.034579,-0.007312,0.999375,0.441617,0.001359,0.897202
4.41,0.000038,0.000207,0.000116,-0.020554,-0.001635,0.999787,0.443624,-0.007638,0.89618
4.42,0.000071,0.000019,-0.000032,-0.027146,0.002956,0.999627,0.445131,0.003286,0.89546
4.43,0.000077,-0.000136,0.000035,-0.022141,0.004153,0.999746,0.441496,-0.000392,0.897263
4.44,-0.000015,0.000048,0.00009,-0.018443,-0.006149,0.999811,0.447487,-0.010204,0.894232
4.45,-0.000006,-0.000095,-0.000059,-0.014741,-0.005976,0.999873,0.442158,0.000809,0.896937
4.46,-0.000034,-0.000091,-0.000061,-0.009051,-0.00094,0.999959,0.438515,0.006389,0.898701
4.47,-0.00015,-0.000071,-0.000108,-0.000254,0.000802,1,0.451944,0.007798,0.892012
4.48,-0.000157,-0.000171,0.00007,-0.012081,0.004132,0.999918,0.435529,-0.002363,0.900172
4.49,-0.000004,0.000146,-0.000077,-0.008416,0.003226,0.999959,0.449296,-0.005727,0.893365
4.5,-0.000099,0.000051,0.000035,-0.001179,0.000326,0.999999,0.446038,0.001628,0.895013
4.51,-0.000068,0.00012,0.000024,-0.000409,-0.001798,0.999998,0.44405,-0.008307,0.895964
4.52,-0.00014,-0.000144,0.000083,0.004927,-0.009357,0.999944,0.446087,0.002182,0.894987
4.53,-0.000013,-0.000148,-0.000032,0.01357,0.008739,0.99987,0.448699,-0.00195,0.893681
4.54,0.000007,0.000022,-0.000003,0.005425,0.003258,0.99998,0.435681,0.004364,0.90009
4.55,0.000015,0.000021,-0.000102,0.014757,-0.002152,0.999889,0.445033,-0.004188,0.895504
4.56,-0.000067,0.000008,0.000004,0.015545,0.003483,0.999873,0.449244,0.011721,0.893332
4.57,-0.000226,-0.000053,0.000119,0.032931,0.003892,0.99945,0.456602,0.002411,0.889668
4.58,0.000098,-0.00022,0.000282,0.018778,-0.001047,0.999823,0.4307,0.003039,0.90249
4.59,-0.000138,0.000055,0.000161,0.022263,0.006988,0.999728,0.443663,-0.000235,0.896194
4.6,0.000046,-0.000016,-0.000048,0.023987,0.002766,0.999708,0.440506,0.006014,0.897729
4.61,0.000015,-0.000091,-0.000167,0.035942,-0.00341,0.999348,0.441994,0.003008,0.897013
4.62,0.000207,0.000033,0.000212,0.035787,0.010111,0.999308,0.443743,-0.002113,0.896152
4.63,-0.000119,0.000099,0.000192,0.044666,-0.000615,0.999002,0.440296,-0.008596,0.897812
4.64,0.000096,-0.000031,-0.000051,0.040346,-0.005528,0.99917,0.447504,0.000398,0.894282
4.65,-0.000055,-0.000221,-0.000095,0.040583,0.00301,0.999172,0.447542,-0.004508,0.894251
4.66,-0.000031,-0.000115,0.000039,0.046923,0.005303,0.998884,0.445769,0.003257,0.895142
4.67,-0.000049,0.00014,0.000167,0.04389,0.005006,0.999024,0.443306,0.009685,0.896318
4.68,-0.000043,0.000077,-0.000014,0.04905,-0.002926,0.998792,0.435851,-0.007594,0.899987
4.69,-0.000069,0.000051,-0.000055,0.056228,-0.002782,0.998414,0.4377,0.003864,0.899113
4.7,-0.000064,-0.000144,0.000064,0.066198,0.004634,0.997796,0.43633,-0.009109,0.899741
4.71,0.000103,-0.000094,0.000073,0.051756,-0.005664,0.998644,0.444919,-0.006513,0.895547
4.72,-0.000118,-0.000129,-0.000054,0.058944,-0.004302,0.998252,0.432818,0.003098,0.901476
4.73,0.000088,0.000177,0.000096,0.064276,-0.001975,0.99793,0.442771,0.001917,0.896633
4.74,-0.000102,0.000033,0.000024,0.075468,0.001524,0.997147,0.446737,0.005357,0.894649
4.75,0.00003,-0.000003,0.000078,0.071836,0.007898,0.997385,0.445739,-0.006435,0.89514
4.76,0.000014,-0.000079,0.000018,0.06716,-0.002586,0.997739,0.440218,0.002735,0.897887
4.77,-0.00019,-0.000067,-0.000071,0.084029,-0.005618,0.996447,0.443159,0.003301,0.896437
4.78,-0.000052,-0.000112,0.000062,0.080934,0.000331,0.996719,0.441833,0.009937,0.897042
4.79,0,-0.000153,-0.000017,0.07824,-0.008405,0.996899,0.446495,-0.000828,0.894786
4.8,-0.000122,0.000036,0.000203,0.090536,-0.007884,0.995862,0.440258,0.000846,0.897871
4.81,0.000035,-0.000059,0.000181,0.08328,-0.009475,0.996481,0.443465,-0.00171,0.89629
4.82,-0.000172,0.000102,-0.000004,0.082382,0.003764,0.996594,0.450121,-0.011605,0.892892
4.83,-0.000282,0.000203,0.000191,0.091133,0.003356,0.995833,0.440443,0.000756,0.89778
4.84,-0.000129,-0.000014,0.000035,0.088171,0.004676,0.996094,0.44151,-0.001332,0.897255
4.85,-0.000031,-0.000158,-0.000006,0.102172,-0.003098,0.994762,0.439425,-0.002189,0.898277
4.86,0.000001,-0.000009,0.000158,0.098729,0.002111,0.995112,0.443708,0.001838,0.89617
4.87,-0.000032,0.000176,-0.000009,0.091581,-0.004463,0.995788,0.442567,-0.000002,0.896735
4.88,-0.000017,-0.000196,-0.000056,0.102394,-0.000464,0.994744,0.439903,-0.002516,0.898042
4.89,0.000076,-0.000111,0.0001,0.101786,0.004747,0.994795,0.444593,0.002159,0.89573
4.9,-0.000045,-0.00012,0.000023,0.106562,-0.000967,0.994306,0.439267,0.001569,0.898355
4.91,-0.000084,-0.000071,0.000119,0.10988,0.003163,0.99394,0.44593,0.001773,0.895066
4.92,0.000017,-0.000079,-0.000026,0.111544,0.008093,0.993727,0.441515,0.004817,0.897241
4.93,-0.000015,-0.000037,0.000143,0.111102,-0.00118,0.993808,0.433771,0.004909,0.90101
4.94,0.000192,0.000045,0.000051,0.102123,0.00809,0.994739,0.448533,0.001812,0.893764
4.95,-0.000054,-0.000103,-0.000026,0.11268,0.001408,0.99363,0.440304,0.003811,0.897841
4.96,-0.000127,-0.000063,0.000016,0.117285,0.003405,0.993092,0.440059,0.005171,0.897954
4.97,0.000025,-0.000064,0.000036,0.117768,0.003762,0.993034,0.442479,0.003522,0.896772
4.98,-0.000146,0.000115,0.000098,0.121716,-0.003061,0.99256,0.447056,0.0067,0.894481
4.99,0.000117,0.000041,0.000184,0.130744,-0.001538,0.991415,0.440203,-0.002022,0.897896
5,-0.000061,0.000034,0.00029,0.124805,0.00453,0.992171,0.438838,0.003841,0.898558
5.01,-0.000146,0.000074,0.000202,0.123328,0.009877,0.992317,0.443553,-0.011001,0.896181
5.02,-0.000003,0.000038,0.000165,0.122136,0.004047,0.992505,0.445094,-0.000559,0.895484
5.03,-0.000098,0.000008,-0.000024,0.13409,-0.008008,0.990937,0.443387,0.00458,0.896318
5.04,-0.0001,-0.000084,0.000041,0.133172,-0.006307,0.991073,0.444375,-0.009909,0.895786
5.05,-0.000026,0.000012,-0.000073,0.131592,0.000274,0.991304,0.443923,0.000487,0.896065
5.06,0.000137,0.000075,0.000119,0.132265,-0.00691,0.99119,0.442164,-0.004427,0.896923
5.07,-0.000071,-0.000037,0.000103,0.139515,-0.003137,0.990215,0.443889,-0.001234,0.896081
5.08,-0.000003,-0.000179,0.00012,0.131866,0.004392,0.991258,0.446939,0.002332,0.894561
5.09,0.000221,-0.000194,0.000143,0.135097,0.005916,0.990815,0.443589,0.000923,0.89623
5.1,-0.000006,-0.000039,0.000176,0.12499,-0.003195,0.992153,0.445735,-0.001785,0.895163
5.11,-0.000145,-0.000014,0.000185,0.141445,-0.001073,0.989946,0.445732,-0.003693,0.895159
5.12,-0.000057,-0.000066,0.000064,0.131635,0.010448,0.991243,0.443358,-0.001093,0.896344
5.13,-0.000079,0.00011,-0.000028,0.143628,-0.008014,0.989599,0.441436,0.005135,0.897278
5.14,0.000039,-0.000141,0.000114,0.134399,-0.006683,0.990905,0.443164,0.003491,0.896434
5.15,-0.000049,-0.00026,0.000053,0.132787,0.00246,0.991141,0.435477,-0.006078,0.900179
5.16,-0.000135,-0.000069,0.000192,0.135524,0.003338,0.990768,0.443384,-0.002352,0.896329
5.17,-0.00014,-0.000124,0.000183,0.139756,-0.001738,0.990185,0.439814,-0.005608,0.898071
5.18,-0.000029,0.00011,0.000083,0.130517,-0.009743,0.991398,0.439344,0.003411,0.898312
5.19,-0.000119,-0.000035,0.000164,0.140318,0.008851,0.990067,0.442545,0.004247,0.896736
5.2,0.000045,-0.000029,0.000058,0.136268,-0.002365,0.990669,0.439744,0.000034,0.898123
5.21,-0.00005,-0.000081,0.000227,0.140336,-0.000379,0.990104,0.447897,-0.00829,0.894047
5.22,-0.000039,-0.00013,0.000011,0.141575,0.005234,0.989914,0.446079,0.000653,0.894993
5.23,0.000026,0.000029,0.000041,0.135915,0.004296,0.990711,0.443548,-0.005687,0.896233
5.24,-0.000099,-0.000027,-0.000097,0.141666,0.00054,0.989914,0.4466,-0.004044,0.894725
5.25,-0.000156,0.000043,0.000011,0.140704,-0.000406,0.990052,0.444841,-0.008408,0.89557
5.26,-0.000006,0.000081,0.000112,0.145363,0.001624,0.989377,0.444271,0.001358,0.895891
5.27,-0.000038,0.000162,0.000114,0.143798,0.010469,0.989552,0.44524,-0.001954,0.895409
5.28,-0.000071,0.000037,0.00009,0.14812,-0.002568,0.988966,0.444984,0.002662,0.895535
5.29,-0.000116,-0.000022,0.000039,0.140142,-0.008301,0.990097,0.449486,0.003509,0.893281
5.3,-0.000216,-0.000044,0.000028,0.134073,0.002112,0.990969,0.442664,-0.001165,0.896687
5.31,-0.000079,-0.000176,0.000022,0.140197,0.004207,0.990115,0.445475,-0.008586,0.895253
5.32,-0.000043,-0.00002,-0.000048,0.134748,-0.003105,0.990875,0.447537,0.002458,0.894262
5.33,0.000017,-0.000138,0.000034,0.138158,0.000693,0.99041,0.447348,-0.00439,0.894349
5.34,0.000078,-0.000091,0.000008,0.125534,0.001383,0.992088,0.439972,-0.005243,0.897996
5.35,0.000057,-0.000063,0.000027,0.147234,0.003537,0.989095,0.442636,0.002062,0.896699
5.36,-0.00002,0.000065,-0.000144,0.142548,0.009456,0.989743,0.443943,0.000286,0.896055
5.37,-0.000114,-0.000119,-0.000044,0.133465,-0.000616,0.991053,0.43744,-0.006889,0.899221
5.38,-0.000116,-0.000104,0.000081,0.126811,-0.011704,0.991858,0.445345,-0.005013,0.895345
5.39,-0.000119,-0.000018,0.00009,0.132417,0.002292,0.991191,0.43689,-0.009805,0.899462
5.4,-0.000105,-0.000017,0.0002,0.133183,0.006814,0.991068,0.44475,0.007627,0.895622
5.41,-0.000011,-0.000086,0.000048,0.136954,-0.004699,0.990566,0.444196,-0.00296,0.895925
5.42,-0.000121,-0.000005,0.000131,0.131732,0.001816,0.991284,0.44193,-0.003947,0.897041
5.43,-0.000113,-0.000047,0.000153,0.135866,-0.006431,0.990706,0.440699,-0.002685,0.897651
5.44,-0.000084,-0.000012,-0.000038,0.130181,0.003577,0.991484,0.43849,0.005565,0.898719
5.45,-0.000112,-0.000074,0.000244,0.132321,-0.001705,0.991205,0.440316,0.006321,0.89782
5.46,-0.000075,-0.000075,0.000004,0.125182,-0.006381,0.992113,0.444819,-0.001741,0.895619
5.47,-0.000054,0.000029,0.00007,0.124349,0.000581,0.992238,0.441698,0.001669,0.897162
5.48,0.00014,-0.00001,0.00018,0.125466,-0.001302,0.992097,0.443739,-0.001545,0.896154
5.49,-0.000015,0.000024,-0.000072,0.121737,0.001524,0.992561,0.443307,-0.002027,0.896368
5.5,-0.000051,-0.000035,0.000032,0.109401,0.001405,0.993997,0.446864,0.010626,0.894539
5.51,-0.000227,0.000048,0.00002,0.118376,0.00093,0.992968,0.444311,-0.001646,0.895871
5.52,-0.000078,-0.000051,0.000034,0.119612,-0.004248,0.992812,0.441973,0.000679,0.897028
5.53,-0.000004,-0.00014,-0.000028,0.119941,-0.007144,0.992755,0.450535,-0.002639,0.892755
5.54,-0.000014,-0.000016,0.000021,0.119538,0.002091,0.992827,0.443125,0.004287,0.89645
5.55,-0.00009,-0.000102,0.000049,0.108839,-0.003304,0.994054,0.443739,-0.000211,0.896156
5.56,0.000064,-0.000121,0.000187,0.114661,-0.000007,0.993405,0.441277,0.000872,0.89737
5.57,0.000034,-0.000068,0.000122,0.110455,-0.002405,0.993878,0.441164,-0.006275,0.897404
5.58,-0.000167,-0.00018,-0.000059,0.104476,-0.003989,0.994519,0.441334,0.00111,0.897342
5.59,-0.000075,-0.000057,0.000009,0.109029,0.003854,0.994031,0.436531,-0.001083,0.899688
5.6,-0.000031,-0.000215,0.000097,0.10131,-0.003681,0.994848,0.445565,0.002786,0.895245
5.61,-0.000163,-0.000086,0.000018,0.101126,-0.00151,0.994872,0.446293,0.005937,0.894867
5.62,-0.00014,-0.000148,-0.000034,0.093982,0.00638,0.995553,0.449199,0.007878,0.893397
5.63,-0.00004,0.000023,0.000103,0.091902,0.004049,0.99576,0.440873,0.007184,0.897541
5.64,-0.000126,-0.000098,-0.000027,0.102101,0.001716,0.994773,0.44355,0.00019,0.896249
5.65,0,-0.000206,0.000162,0.093526,-0.007035,0.995592,0.441297,0.002685,0.897357
5.66,-0.000082,-0.000097,0.000083,0.093702,-0.000524,0.9956,0.441097,0.003785,0.897452
5.67,0.000051,0.000001,0.000145,0.0848,-0.00429,0.996389,0.440385,-0.001275,0.897808
5.68,-0.000028,0.000079,0.000162,0.090416,0.004488,0.995894,0.437323,0.001496,0.899303
5.69,-0.000048,0.000097,0.000068,0.092134,0.003536,0.99574,0.435309,-0.001945,0.900279
5.7,-0.000032,-0.000109,0.000028,0.078666,0.00286,0.996897,0.446503,-0.004249,0.894772
5.71,0.000028,-0.000143,0.00011,0.072125,0.004566,0.997385,0.443264,-0.002936,0.896386
5.72,-0.000009,-0.000004,-0.000139,0.082597,0.000853,0.996583,0.439842,-0.001636,0.898074
5.73,-0.000048,0.000028,-0.000013,0.073732,-0.002558,0.997275,0.450746,0.00132,0.892651
5.74,-0.000032,-0.000236,0.000112,0.076655,-0.006597,0.997036,0.438989,-0.002939,0.898488
5.75,-0.000097,0.000047,-0.000107,0.077061,0.005103,0.997013,0.444867,0.008884,0.895553
5.76,0.000021,-0.000049,0.000124,0.074291,0.00255,0.997233,0.448372,0.001346,0.893846
5.77,-0.00012,-0.000083,0.000249,0.065796,-0.002121,0.997831,0.444645,-0.012014,0.895626
5.78,-0.000112,-0.00009,0.000029,0.0604,0.004457,0.998164,0.444056,0.002822,0.895995
5.79,-0.000129,0.000075,0.000204,0.057559,0.001634,0.998341,0.442338,-0.005317,0.896833
5.8,-0.000101,-0.000179,0.000156,0.047806,-0.003239,0.998851,0.441948,0.004003,0.897032
5.81,0.000057,0.000043,0.000155,0.063319,0.003308,0.997988,0.437243,-0.000362,0.899343
5.82,-0.000115,-0.000043,-0.000067,0.046869,-0.002241,0.998899,0.442087,-0.000204,0.896972
5.83,-0.000163,0.000057,-0.000005,0.04605,0.002168,0.998937,0.441921,0.003907,0.897046
5.84,0.000159,-0.000022,-0.000002,0.049035,0.005956,0.998779,0.442796,-0.007893,0.896587
5.85,0.00003,0.000129,0.000096,0.043715,0.001251,0.999043,0.447158,0.005693,0.894437
5.86,-0.000146,0.000004,0.000174,0.041553,-0.000322,0.999136,0.439933,0.001381,0.89803
5.87,-0.000082,-0.000096,0.000142,0.038501,0.000446,0.999258,0.443859,-0.002524,0.896093
5.88,-0.000027,-0.000125,0.00002,0.04056,0.004573,0.999167,0.440962,-0.011259,0.897455
5.89,-0.000105,-0.000003,0.000063,0.030257,0.005243,0.999528,0.444569,-0.008638,0.895703
5.9,0.000061,0.000033,-0.000083,0.03425,-0.006569,0.999392,0.44369,-0.008101,0.896144
5.91,-0.000004,0.00005,0.000093,0.032856,-0.002707,0.999456,0.439786,-0.002113,0.8981
5.92,0.00005,-0.000077,-0.000029,0.013594,-0.000242,0.999908,0.447546,0.001676,0.894259
5.93,0.000042,-0.000122,-0.000135,0.023562,-0.001268,0.999722,0.440066,-0.001393,0.897964
5.94,0.00005,-0.000092,0.000027,0.020599,0.002038,0.999786,0.445128,0.007265,0.895438
5.95,-0.000161,-0.000144,-0.000047,0.017712,0.012885,0.99976,0.434453,-0.000981,0.900694
5.96,-0.000071,0.000004,-0.000147,0.003663,0.001068,0.999993,0.4491,-0.001991,0.893479
5.97,0.000026,-0.000132,-0.000039,0.014785,-0.002535,0.999887,0.439698,-0.008536,0.898105
5.98,0.00002,-0.000035,-0.00008,-0.001312,0.003168,0.999994,0.447139,-0.003895,0.894456
5.99,0.000122,-0.000104,0.000075,0.000364,-0.002807,0.999996,0.445455,-0.002468,0.895301
6,-0.000022,0.000094,0.000014,0.00837,0.007294,0.999938,0.43563,-0.001766,0.900124
6.01,0.000049,-0.000093,0.004458,0.000475,0.008318,0.999965,0.445763,0.000525,0.895151
6.02,-0.000106,-0.00006,0.013138,-0.00218,-0.004148,0.999989,0.438206,-0.006593,0.89885
6.03,-0.000012,-0.000019,0.021779,0.000811,0.000045,1,0.442644,-0.007405,0.896667
6.04,-0.000008,-0.0001,0.030256,-0.00451,0.004716,0.999979,0.441912,0.000065,0.897058
6.05,-0.000143,0.00007,0.038902,-0.002591,-0.008342,0.999962,0.435997,-0.005143,0.899933
6.06,-0.000089,-0.000083,0.047413,-0.002574,-0.002449,0.999994,0.43647,0.000289,0.899719
6.07,-0.000038,-0.000114,0.056043,-0.003093,-0.000716,0.999995,0.449179,-0.007987,0.893406
6.08,-0.000218,-0.000066,0.064548,0.002856,-0.001407,0.999995,0.439612,-0.005272,0.898172
6.09,-0.000063,-0.000002,0.073059,-0.001394,0.002132,0.999997,0.446155,0.004549,0.894944
6.1,0.000012,-0.000044,0.081684,0.000154,0.000003,1,0.43365,-0.003159,0.901076
6.11,-0.000159,-0.000132,0.090338,-0.00675,-0.002957,0.999973,0.447174,-0.004396,0.894436
6.12,-0.000124,-0.000023,0.098954,0.00007,-0.005312,0.999986,0.448131,-0.015655,0.893831
6.13,0.000051,0.000107,0.107381,-0.003541,0.000032,0.999994,0.441967,-0.009036,0.896986
6.14,-0.000134,0.00006,0.115967,-0.008081,-0.007197,0.999941,0.44409,0.006288,0.89596
6.15,0.000059,-0.000028,0.124564,0.012033,0.004731,0.999916,0.436571,0.000495,0.899669
6.16,0.000034,0.000034,0.133011,-0.000035,0.007751,0.99997,0.439071,-0.00226,0.898449
6.17,-0.000005,-0.000008,0.141479,0.000244,0.005294,0.999986,0.448481,-0.002067,0.89379
6.18,0.000047,-0.000073,0.150087,-0.010821,-0.005927,0.999924,0.447641,-0.005394,0.894197
6.19,-0.000049,0.000057,0.158388,0.00434,0.000832,0.99999,0.444877,-0.014845,0.895469
6.2,-0.000061,0.000149,0.166812,-0.000949,0.001827,0.999998,0.450692,-0.021285,0.892426
6.21,-0.000151,-0.000091,0.175236,0.003684,-0.004869,0.999981,0.445462,-0.005611,0.895283
6.22,0.000149,-0.000011,0.18375,-0.00177,-0.004672,0.999988,0.442833,-0.010307,0.896545
6.23,-0.000127,0.000002,0.192112,-0.004731,-0.000776,0.999989,0.43886,-0.00249,0.898552
6.24,0.000118,-0.000089,0.200471,-0.00254,0.000258,0.999997,0.440671,-0.007627,0.897636
6.25,-0.000013,-0.000118,0.208758,-0.002058,0.005917,0.99998,0.452494,-0.01419,0.891654
6.26,-0.000062,-0.000232,0.217132,-0.001201,-0.002522,0.999996,0.430463,-0.011893,0.90253
6.27,0.000008,-0.000067,0.225258,-0.001425,0.006716,0.999976,0.450755,-0.014248,0.892534
6.28,0.00009,-0.000005,0.233734,-0.004713,0.012193,0.999915,0.438428,-0.012897,0.898674
6.29,0.000084,-0.000074,0.241962,-0.000929,0.004267,0.99999,0.441559,-0.016162,0.897087
6.3,-0.00006,-0.000034,0.250102,-0.001255,0.004167,0.999991,0.438097,-0.014,0.898819
6.31,-0.00004,0.000069,0.258312,-0.002356,0.004489,0.999987,0.442586,-0.015459,0.896593
6.32,-0.000053,-0.000053,0.266494,-0.000527,-0.000651,1,0.441093,-0.01853,0.89727
6.33,-0.000118,-0.000073,0.274593,-0.007482,-0.003593,0.999966,0.440052,-0.021725,0.897709
6.34,-0.000089,-0.000039,0.282648,-0.010349,-0.014541,0.999841,0.449641,-0.015899,0.893068
6.35,0.000135,0.000087,0.290813,0.004345,0.003148,0.999986,0.432771,-0.027149,0.901095
6.36,-0.000044,0.000162,0.298842,-0.013595,-0.000859,0.999907,0.441261,-0.030858,0.896848
6.37,-0.000047,-0.000002,0.306849,-0.004438,-0.006589,0.999968,0.436991,-0.02747,0.899046
6.38,0.000084,-0.00003,0.31498,-0.000071,0.003029,0.999995,0.448766,-0.027003,0.893241
6.39,-0.000116,0.000032,0.322649,0.006029,0.00331,0.999976,0.443583,-0.027998,0.895796
6.4,0.000119,-0.000058,0.330636,-0.002004,0.003394,0.999992,0.433771,-0.027326,0.900609
6.41,0.000041,0.000081,0.338412,0.004618,0.005568,0.999974,0.435069,-0.036749,0.899647
6.42,-0.00007,-0.00015,0.346352,-0.006451,0.002073,0.999977,0.44055,-0.030094,0.897224
6.43,-0.000048,-0.000059,0.354073,0.004237,-0.007872,0.99996,0.445551,-0.023116,0.894958
6.44,-0.000073,-0.000094,0.361933,-0.000494,0.006849,0.999976,0.436236,-0.043288,0.89879
6.45,0.000093,-0.000197,0.369592,0.004302,0.000624,0.999991,0.446851,-0.041753,0.893633
6.46,-0.000076,0.000014,0.377193,0.001524,-0.008129,0.999966,0.435706,-0.031755,0.899529
6.47,-0.000052,-0.000119,0.384969,0.001175,0.006201,0.99998,0.4445,-0.04567,0.894614
6.48,-0.000031,-0.000043,0.392531,-0.001496,-0.006394,0.999978,0.449154,-0.041887,0.892472
6.49,-0.000061,-0.000164,0.400098,-0.000691,0.006514,0.999979,0.436486,-0.046438,0.898512
6.5,-0.000014,-0.000042,0.407636,-0.007088,-0.01167,0.999907,0.442366,-0.041781,0.895861
6.51,0.000067,-0.000124,0.414941,0.001268,-0.004937,0.999987,0.434653,-0.043229,0.89956
6.52,0.000096,0.000095,0.422358,0.005894,0.003626,0.999976,0.436241,-0.051337,0.898364
6.53,-0.000142,-0.000084,0.429746,0.001655,0.000716,0.999998,0.449544,-0.052969,0.891686
6.54,-0.000178,-0.000026,0.436997,0.002708,0.002812,0.999992,0.44234,-0.060142,0.894828
6.55,-0.000145,0.000051,0.444321,0.001078,-0.003728,0.999992,0.442036,-0.054219,0.895357
6.56,-0.000046,0.000026,0.451675,0.003507,0.009553,0.999948,0.441027,-0.065344,0.895112
6.57,-0.000069,-0.000025,0.458706,0.002625,0.001277,0.999996,0.439004,-0.05688,0.896683
6.58,0.000113,0.000028,0.465805,0.000315,-0.006087,0.999981,0.432641,-0.053488,0.899978
6.59,-0.000039,0.000034,0.473016,0.002322,0.000863,0.999997,0.435561,-0.058539,0.898254
6.6,0.00012,0.000091,0.479947,-0.001358,-0.002907,0.999995,0.43457,-0.066088,0.89821
6.61,-0.000047,-0.000141,0.486984,-0.001473,0.001754,0.999997,0.439141,-0.065525,0.896026
6.62,-0.000026,0.000207,0.493885,0.006303,-0.005164,0.999967,0.441826,-0.073356,0.894096
6.63,-0.000222,-0.000087,0.500747,-0.005529,0.006224,0.999965,0.437932,-0.0729,0.896048
6.64,-0.000149,-0.000104,0.507511,0.006667,-0.002529,0.999975,0.438682,-0.070164,0.895899
6.65,-0.00001,-0.000043,0.514215,-0.002738,-0.001148,0.999996,0.439999,-0.07323,0.895007
6.66,0.000029,-0.000076,0.520942,0.000418,-0.000757,1,0.444576,-0.072198,0.892827
6.67,-0.00016,-0.000097,0.527679,0.005967,0.004288,0.999973,0.439026,-0.07908,0.894987
6.68,-0.000181,-0.000035,0.534263,-0.009405,0.000548,0.999956,0.430808,-0.085168,0.898416
6.69,-0.000072,-0.000008,0.540623,0.003363,0.003101,0.99999,0.432337,-0.092209,0.896985
6.7,0.000075,0.000067,0.547201,0.002872,-0.0033,0.99999,0.429891,-0.096051,0.897757
6.71,-0.000193,-0.00012,0.553666,-0.003852,-0.004192,0.999984,0.433097,-0.096222,0.896197
6.72,0.00011,-0.000003,0.56003,0.001164,-0.00514,0.999986,0.427926,-0.084903,0.899817
6.73,-0.000092,-0.000045,0.566199,-0.001874,0.008744,0.99996,0.434455,-0.095334,0.895634
6.74,-0.000003,-0.000162,0.572498,-0.001601,-0.003568,0.999992,0.424487,-0.096919,0.900232
6.75,0.000076,-0.000129,0.578451,0.002174,0.005967,0.99998,0.430202,-0.100706,0.897098
6.76,-0.000009,-0.000086,0.584452,-0.004484,0.001055,0.999989,0.431539,-0.102246,0.896281
6.77,0.000031,-0.000015,0.590644,-0.013506,0.000619,0.999909,0.433285,-0.108258,0.894731
6.78,0.000145,-0.000017,0.596581,-0.003177,0.000254,0.999995,0.438618,-0.101661,0.892905
6.79,-0.000031,-0.000119,0.602476,-0.001316,0.007677,0.99997,0.426467,-0.114789,0.89719
6.8,-0.000006,-0.000077,0.608333,0.007548,0.001051,0.999971,0.426085,-0.099062,0.899243
6.81,0.000106,0.000046,0.614205,0.008793,-0.003127,0.999956,0.432631,-0.12067,0.893459
6.82,0.000007,0.000014,0.619958,0.000653,0.001448,0.999999,0.431525,-0.127795,0.893003
6.83,-0.000041,0.000133,0.625376,0.00059,0.004047,0.999992,0.42075,-0.129669,0.897862
6.84,-0.000062,-0.000149,0.630988,0.002449,-0.005183,0.999984,0.429653,-0.119729,0.895021
6.85,0.000006,0.000098,0.63645,0.004878,-0.001063,0.999988,0.420806,-0.119876,0.899195
6.86,-0.000039,-0.00006,0.641863,-0.00017,0.002736,0.999996,0.423643,-0.121152,0.897691
6.87,-0.000143,-0.000023,0.647126,-0.005046,0.00463,0.999977,0.41881,-0.128122,0.89899
6.88,-0.00003,-0.000027,0.652499,-0.006459,-0.011138,0.999917,0.417719,-0.131467,0.899015
6.89,-0.000128,-0.000149,0.657927,-0.008794,0.000554,0.999961,0.416584,-0.134539,0.899087
6.9,-0.000157,0.000107,0.662951,0.009019,-0.006291,0.99994,0.410022,-0.139122,0.901403
6.91,-0.000071,-0.00013,0.668052,-0.00606,-0.005243,0.999968,0.426292,-0.144148,0.893026
6.92,0.000111,-0.00011,0.672924,-0.004322,0.008922,0.999951,0.417048,-0.152827,0.895944
6.93,0.000052,0.000001,0.67804,-0.003881,0.011385,0.999928,0.414283,-0.156332,0.896622
6.94,-0.000089,0.000019,0.682598,-0.002011,-0.001201,0.999997,0.423416,-0.149768,0.89347
6.95,0.000143,-0.000092,0.68728,0.002849,0.005784,0.999979,0.421545,-0.152386,0.893912
6.96,-0.00005,-0.000041,0.692331,-0.002611,-0.002075,0.999994,0.413002,-0.152368,0.897894
6.97,-0.000069,-0.00003,0.696831,-0.006764,-0.002059,0.999975,0.412809,-0.159657,0.896715
6.98,0.000099,-0.000034,0.701408,0.001324,0.003827,0.999992,0.411858,-0.163734,0.896418
6.99,0.000006,-0.000055,0.705786,0.001184,-0.004806,0.999988,0.419524,-0.172606,0.891183
7,-0.000037,-0.000109,0.710269,0.00168,0.002582,0.999995,0.40705,-0.168218,0.897782
7.01,-0.00016,0.000074,0.714553,0.00245,-0.001502,0.999996,0.407875,-0.16889,0.897282
7.02,-0.000048,-0.000095,0.718678,0.001281,-0.002376,0.999996,0.408287,-0.171006,0.896693
7.03,0.000002,0.000036,0.722872,0.003868,0.001618,0.999991,0.403878,-0.180734,0.896782
7.04,0.000047,-0.000077,0.726937,-0.00259,0.00703,0.999972,0.40167,-0.184653,0.896975
7.05,-0.000176,0.000038,0.73092,0.004555,-0.003492,0.999984,0.402046,-0.194312,0.894763
7.06,-0.000076,0.000073,0.734877,0.00605,-0.000397,0.999982,0.405699,-0.193744,0.893237
7.07,-0.000285,-0.000025,0.73852,0.007062,0.005421,0.99996,0.403592,-0.185709,0.895894
7.08,0.000054,0.000189,0.74235,0.009127,-0.007575,0.99993,0.399383,-0.193828,0.89606
7.09,-0.000033,-0.000051,0.746093,-0.002942,0.006937,0.999972,0.399141,-0.192005,0.89656
7.1,0.000017,0.000084,0.749561,-0.002588,0.000473,0.999997,0.39519,-0.203993,0.895663
7.11,0.000098,-0.00011,0.753175,0.002317,0.00107,0.999997,0.395277,-0.199647,0.896603
7.12,0.000062,0.000034,0.756489,0.009369,0.000379,0.999956,0.396656,-0.199851,0.895948
7.13,-0.000101,-0.000069,0.759904,-0.000741,-0.000392,1,0.397661,-0.207458,0.893771
7.14,0.000061,-0.000141,0.763204,0.003208,0.003371,0.999989,0.386339,-0.210329,0.898055
7.15,0.000014,0.00002,0.766374,0.002152,0.001091,0.999997,0.388023,-0.221758,0.894573
7.16,0.000093,0.000014,0.769495,-0.00186,-0.004388,0.999989,0.391883,-0.222677,0.892661
7.17,0.00001,0.000128,0.772256,-0.000764,-0.00038,1,0.393555,-0.215618,0.893657
7.18,0.000072,-0.000051,0.775315,-0.001611,0.00499,0.999986,0.380258,-0.222315,0.897764
7.19,-0.000124,-0.000192,0.778139,-0.004789,0.006205,0.999969,0.381167,-0.224513,0.896831
7.2,-0.000099,0.000014,0.780791,-0.003737,-0.001729,0.999992,0.371792,-0.229843,0.899413
7.21,0.000085,-0.000005,0.783559,0.001478,0.005719,0.999983,0.381743,-0.229353,0.89536
7.22,-0.000101,-0.000097,0.786058,0.00188,0.002639,0.999995,0.373535,-0.233622,0.897715
7.23,-0.000087,-0.000028,0.78863,0.00295,0.001934,0.999994,0.376472,-0.235438,0.896012
7.24,-0.000163,-0.000052,0.790971,0.004132,0.001428,0.99999,0.380914,-0.235575,0.894097
7.25,-0.000025,0.000134,0.793419,0.001328,-0.001451,0.999998,0.365243,-0.242565,0.898755
7.26,-0.000067,-0.00017,0.79547,0.002796,0.004908,0.999984,0.371128,-0.252345,0.893637
7.27,-0.000187,0.000035,0.797669,-0.00641,-0.008131,0.999946,0.368745,-0.243412,0.897094
7.28,-0.000034,-0.000083,0.799798,-0.003445,0.000773,0.999994,0.366595,-0.25062,0.89599
7.29,0.000083,-0.000088,0.801727,0.006289,-0.003197,0.999975,0.353661,-0.256404,0.899545
7.3,-0.00011,0.000048,0.803546,-0.004186,-0.001654,0.99999,0.360008,-0.266492,0.894079
7.31,-0.000138,-0.00015,0.805303,-0.002569,-0.004723,0.999986,0.363317,-0.272117,0.89104
7.32,0.000002,0.000196,0.807042,0.000681,-0.002889,0.999996,0.352187,-0.268799,0.8965
7.33,0.000044,-0.000007,0.808646,-0.001514,0.001377,0.999998,0.35294,-0.266533,0.89688
7.34,-0.000064,-0.000049,0.810207,0.00768,-0.004548,0.99996,0.354021,-0.263382,0.897384
7.35,0.000129,-0.000195,0.811737,-0.009797,-0.009834,0.999904,0.349166,-0.272367,0.896604
7.36,-0.000011,-0.000079,0.813064,0.004212,-0.000984,0.999991,0.333339,-0.280446,0.900131
7.37,0.000037,-0.000015,0.814346,-0.003518,-0.002697,0.99999,0.347614,-0.274829,0.896456
7.38,0.000021,-0.000206,0.815607,0.006877,-0.009637,0.99993,0.353603,-0.278539,0.892962
7.39,0.000159,0.000057,0.816646,0.000945,0.002095,0.999997,0.337203,-0.289903,0.895684
7.4,-0.000162,-0.000039,0.817477,0.000644,-0.00639,0.999979,0.337044,-0.290449,0.895567
7.41,-0.000091,0.000056,0.818378,-0.007854,0.00343,0.999963,0.334959,-0.288217,0.897069
7.42,-0.000051,-0.000195,0.819245,0.004698,-0.001717,0.999987,0.331658,-0.294547,0.89624
7.43,-0.000032,-0.00009,0.819916,0.003999,0.005595,0.999976,0.328141,-0.291536,0.898516
7.44,0.000125,-0.000134,0.820518,0.004353,-0.009008,0.99995,0.329166,-0.301246,0.89493
7.45,-0.00011,0.000076,0.821334,0.00046,-0.006983,0.999976,0.321432,-0.295056,0.899791
7.46,-0.00001,-0.000091,0.821564,0.006685,0.000076,0.999978,0.331253,-0.302607,0.8937
7.47,0.000053,-0.000108,0.822089,0.007512,0.002294,0.999969,0.329863,-0.304945,0.89342
7.48,0.000084,-0.000023,0.822289,0.006707,-0.005213,0.999964,0.315327,-0.311744,0.896317
7.49,0.000026,0.000107,0.822321,0.005573,0.000606,0.999984,0.318163,-0.310207,0.895848
7.5,0.000064,-0.000061,0.822436,0.001438,0.00102,0.999998,0.316225,-0.312026,0.895903
7.51,-0.00003,-0.000047,0.822417,-0.002035,-0.001694,0.999996,0.321609,-0.319963,0.891174
7.52,-0.000179,-0.000111,0.82254,0.00225,0.001909,0.999996,0.306606,-0.319669,0.896551
7.53,0.000132,0.000028,0.822336,0.00609,-0.011995,0.99991,0.303284,-0.324982,0.895771
7.54,-0.000085,-0.000035,0.821987,0.004544,-0.002054,0.999988,0.311072,-0.320763,0.89462
7.55,-0.000134,-0.000115,0.82161,0.007698,0.003865,0.999963,0.302029,-0.325482,0.896013
7.56,-0.000067,-0.000121,0.821185,-0.001145,-0.00562,0.999984,0.294549,-0.329764,0.896938
7.57,-0.000062,0.00006,0.82061,0.004973,-0.001203,0.999987,0.301681,-0.332528,0.89354
7.58,-0.000066,-0.000018,0.819964,-0.001014,0.009274,0.999956,0.293402,-0.336659,0.894749
7.59,-0.000098,-0.000064,0.819324,0.001077,0.002694,0.999996,0.295565,-0.329569,0.896674
7.6,0.000017,0.000084,0.8183,0.003339,-0.000163,0.999994,0.282107,-0.336477,0.898443
7.61,-0.000074,-0.000065,0.817563,0.002451,0.002847,0.999993,0.268057,-0.344004,0.899893
7.62,-0.000079,-0.000073,0.816626,-0.002809,-0.001153,0.999995,0.279888,-0.336881,0.898985
7.63,-0.000024,-0.00013,0.815595,-0.00218,-0.005254,0.999984,0.28028,-0.34169,0.897046
7.64,0.000048,-0.000079,0.814382,-0.002392,0.002938,0.999993,0.282722,-0.349323,0.893332
7.65,-0.000104,0.00007,0.813032,-0.001978,0.009053,0.999957,0.267574,-0.351398,0.897175
7.66,-0.00011,-0.000061,0.811637,-0.004487,0.005831,0.999973,0.265303,-0.351562,0.897785
7.67,-0.000023,-0.000013,0.810271,-0.003953,0.003161,0.999987,0.26641,-0.345577,0.899779
7.68,-0.000088,-0.000348,0.808751,-0.00031,0.002717,0.999996,0.262821,-0.357985,0.895976
7.69,-0.000205,-0.000007,0.807227,-0.002543,-0.002409,0.999994,0.260356,-0.35342,0.898504
7.7,-0.000016,-0.000063,0.805411,0.005851,-0.008634,0.999946,0.259934,-0.358804,0.89649
7.71,-0.000051,-0.000077,0.803585,0.001471,0.006667,0.999977,0.258543,-0.366925,0.8936
7.72,-0.00012,0.000075,0.801755,0.005584,-0.00417,0.999976,0.249618,-0.361578,0.898305
7.73,0.000044,-0.000051,0.799796,-0.001879,-0.01186,0.999928,0.250906,-0.367893,0.895377
7.74,-0.000054,0.000012,0.797808,0.001928,0.00421,0.999989,0.242229,-0.370645,0.896631
7.75,-0.000019,-0.000087,0.795526,-0.005627,0.003456,0.999978,0.241736,-0.369011,0.897438
7.76,0.000105,-0.000053,0.793339,0.005096,0.006932,0.999963,0.23652,-0.378331,0.894944
7.77,0.000088,0.000066,0.791095,-0.000798,-0.003491,0.999994,0.23874,-0.372043,0.896988
7.78,-0.000074,0.000177,0.78868,0.000008,0.003542,0.999994,0.231537,-0.379526,0.89574
7.79,0.000008,-0.000044,0.786033,-0.000057,0.009021,0.999959,0.23169,-0.372192,0.898773
7.8,-0.000156,0.000007,0.783615,-0.000065,-0.002587,0.999997,0.231597,-0.381253,0.894991
7.81,-0.00006,-0.000131,0.780793,-0.001291,-0.003286,0.999994,0.226682,-0.38131,0.896224
7.82,-0.000068,-0.000156,0.778251,0.001431,0.000597,0.999999,0.22604,-0.384393,0.895069
7.83,0.000061,0.000218,0.775416,0.002512,-0.003886,0.999989,0.218947,-0.389461,0.894641
7.84,-0.000091,-0.000105,0.772121,0.000418,-0.00928,0.999957,0.215734,-0.388191,0.895972
7.85,-0.000091,-0.000044,0.769505,0.004684,-0.003057,0.999984,0.218347,-0.392317,0.893539
7.86,0.000014,0.000023,0.766352,-0.002029,0.000618,0.999998,0.204301,-0.39125,0.897321
7.87,0.000018,0.000098,0.76307,-0.001357,0.00828,0.999965,0.207389,-0.38889,0.897638
7.88,-0.000079,-0.00015,0.76005,-0.002175,-0.000813,0.999997,0.208786,-0.390778,0.896494
7.89,0.000074,0.000037,0.756467,0.007179,0.011488,0.999908,0.202616,-0.39841,0.894548
7.9,-0.000024,-0.000049,0.753158,-0.000737,0.00316,0.999995,0.199079,-0.394603,0.897026
7.91,-0.000056,0.000017,0.749613,0.004246,-0.00505,0.999978,0.18706,-0.395931,0.899026
7.92,0.000035,-0.000008,0.746037,-0.010482,0.00263,0.999942,0.197692,-0.399526,0.895152
7.93,-0.000049,-0.000067,0.742466,0.012126,-0.004331,0.999917,0.186796,-0.406744,0.894241
7.94,-0.000063,-0.000003,0.738612,0.003233,-0.004502,0.999985,0.197044,-0.403817,0.893368
7.95,-0.000169,0.00005,0.734725,-0.004069,-0.00564,0.999976,0.177247,-0.40175,0.898432
7.96,0.00002,0.000008,0.730763,-0.001011,-0.005117,0.999986,0.187492,-0.403051,0.895766
7.97,-0.000122,-0.000074,0.726845,0.001449,-0.008279,0.999965,0.178688,-0.409133,0.894807
7.98,-0.000143,0.000036,0.722826,0.001242,-0.004019,0.999991,0.172653,-0.403772,0.89842
7.99,-0.000006,-0.000066,0.718724,-0.004417,-0.006579,0.999969,0.170663,-0.408426,0.896695
8,-0.000105,-0.000031,0.71452,-0.00179,0.012252,0.999923,0.165172,-0.411208,0.896452
8.01,-0.000036,-0.000069,0.710068,-0.002863,0.002739,0.999992,0.167715,-0.406502,0.898125
8.02,-0.000025,0.000001,0.705756,0.006574,-0.004784,0.999967,0.164254,-0.413181,0.895713
8.03,-0.000107,0.000019,0.701534,-0.014084,-0.001086,0.9999,0.169052,-0.415908,0.893556
8.04,-0.000066,0.000001,0.696812,0.003522,-0.006959,0.99997,0.160261,-0.419548,0.893474
8.05,-0.000263,-0.000018,0.692102,-0.010694,-0.003694,0.999936,0.158591,-0.405935,0.900036
8.06,0.000081,-0.000051,0.687405,0.00134,-0.003736,0.999992,0.153036,-0.419464,0.894779
8.07,-0.000059,-0.000014,0.682658,-0.000556,-0.001649,0.999998,0.152726,-0.410725,0.898877
8.08,-0.000044,-0.000147,0.677846,0.005718,-0.006505,0.999962,0.134439,-0.415765,0.899481
8.09,0.000028,0.000143,0.673012,0.003747,0.006537,0.999972,0.139213,-0.427127,0.893411
8.1,-0.000016,0.000075,0.66805,-0.009014,-0.001898,0.999958,0.14343,-0.420296,0.89598
8.11,0.000106,0.000066,0.662889,-0.006906,-0.00345,0.99997,0.13373,-0.423959,0.895754
8.12,-0.000017,-0.000013,0.65779,0.000184,0.001053,0.999999,0.139371,-0.422237,0.895707
8.13,-0.000022,-0.000097,0.652373,-0.004505,0.005451,0.999975,0.13631,-0.414388,0.899835
8.14,-0.000098,-0.000205,0.647284,-0.004798,-0.002875,0.999984,0.129335,-0.423824,0.896463
8.15,-0.000039,-0.000175,0.641988,0.002991,0.007049,0.999971,0.12593,-0.422387,0.897625
8.16,0.000036,-0.00002,0.636653,-0.001121,0.008774,0.999961,0.120712,-0.416333,0.901163
8.17,0.000124,-0.000134,0.631108,0.008946,0.000929,0.99996,0.119699,-0.425787,0.896871
8.18,-0.000001,0.000008,0.62554,0.003378,0.001487,0.999993,0.122022,-0.431097,0.894017
8.19,-0.000102,-0.00008,0.619759,0.006756,0.012645,0.999897,0.121308,-0.435173,0.892137
8.2,-0.000105,-0.000037,0.614008,-0.003984,-0.002574,0.999989,0.104138,-0.41765,0.902621
8.21,-0.000131,0.000022,0.608366,0.004005,-0.007175,0.999966,0.11219,-0.43283,0.894467
8.22,-0.000006,-0.000194,0.602474,0.001958,0.003722,0.999991,0.109043,-0.420609,0.900665
8.23,-0.000088,-0.000026,0.596595,0.000697,0.001332,0.999999,0.111898,-0.425243,0.898136
8.24,0.000042,-0.000034,0.590687,0.001836,-0.002917,0.999994,0.103059,-0.426721,0.898492
8.25,-0.000038,0.000033,0.584618,0.006918,0.006753,0.999953,0.099533,-0.438087,0.893405
8.26,0.000059,0.000011,0.578583,0.002614,-0.004595,0.999986,0.095688,-0.439063,0.893346
8.27,-0.000036,0.000017,0.572504,0.003693,-0.007099,0.999968,0.094995,-0.436793,0.894532
8.28,0.000043,0.000004,0.566276,0.006125,-0.003878,0.999974,0.094802,-0.434619,0.895611
8.29,-0.000029,0.000081,0.559918,-0.000401,-0.000736,1,0.094571,-0.439342,0.893328
8.3,-0.000221,0.000088,0.55359,-0.000697,-0.007796,0.999969,0.089433,-0.4331,0.896898
8.31,-0.000142,-0.000046,0.547103,0.008975,-0.000346,0.99996,0.087876,-0.431274,0.897931
8.32,0.000144,0.000015,0.540583,0.007837,0.001569,0.999968,0.074634,-0.432481,0.898549
8.33,0.000008,-0.000063,0.534367,-0.002895,0.005492,0.999981,0.076971,-0.442018,0.893698
8.34,-0.000131,-0.000225,0.527628,0.004338,0.003178,0.999986,0.078936,-0.442536,0.89327
8.35,-0.00007,-0.000065,0.520799,0.005006,-0.000109,0.999987,0.08291,-0.439199,0.894556
8.36,-0.000002,0.000117,0.514126,-0.001524,-0.003469,0.999993,0.069329,-0.433944,0.898268
8.37,0.000063,-0.000078,0.507747,-0.002257,-0.011534,0.999931,0.07233,-0.437316,0.896394
8.38,-0.000001,-0.000045,0.500833,0.004063,-0.004623,0.999981,0.061477,-0.435949,0.897869
8.39,0.000006,-0.00008,0.493939,-0.006687,0.001208,0.999977,0.059835,-0.431097,0.90032
8.4,-0.000084,-0.000185,0.48714,0.001559,0.002114,0.999997,0.073784,-0.440653,0.89464
8.41,-0.00007,-0.000082,0.480024,0.004041,-0.002548,0.999989,0.061004,-0.437053,0.897364
8.42,-0.000176,-0.000147,0.47293,0.007138,-0.004674,0.999964,0.063053,-0.43865,0.896443
8.43,-0.000085,-0.000022,0.465999,0.008078,0.006355,0.999947,0.054508,-0.445023,0.893859
8.44,-0.000081,0.000014,0.458831,-0.003166,0.002755,0.999991,0.058915,-0.43634,0.897851
8.45,-0.000134,-0.000009,0.451522,0.000344,-0.006909,0.999976,0.059565,-0.441653,0.895207
8.46,0.000053,0.000011,0.444383,-0.008118,0.000645,0.999967,0.063913,-0.431248,0.899967
8.47,-0.000156,-0.000019,0.437042,-0.003436,-0.008029,0.999962,0.046576,-0.443935,0.894848
8.48,0.000022,-0.000039,0.429718,-0.009821,0.009123,0.99991,0.052355,-0.437643,0.897623
8.49,0.000041,0.000034,0.42237,-0.006557,0.001629,0.999977,0.038452,-0.438075,0.898116
8.5,0.000062,-0.000055,0.414982,0.005169,0.006625,0.999965,0.049379,-0.441197,0.896051
8.51,-0.000029,-0.000094,0.407511,-0.000358,-0.002893,0.999996,0.043127,-0.445157,0.894414
8.52,-0.000053,0.000105,0.400177,0.004754,0.003062,0.999984,0.04878,-0.438001,0.89765
8.53,-0.000062,0.000112,0.392495,-0.008578,-0.003932,0.999955,0.03948,-0.440898,0.896688
8.54,-0.000006,0.000048,0.384934,-0.00278,-0.005394,0.999982,0.034228,-0.445859,0.894449
8.55,0.000171,-0.000007,0.377171,0.00537,0.009236,0.999943,0.037965,-0.446845,0.893805
8.56,0.000074,-0.000065,0.369575,-0.000541,0.000448,1,0.032405,-0.442713,0.896078
8.57,-0.000301,0.000059,0.361959,-0.004337,0.004076,0.999982,0.041163,-0.426776,0.90342
8.58,0.00003,0.000057,0.354281,-0.002467,-0.009685,0.99995,0.038889,-0.444869,0.894751
8.59,-0.000043,0.000053,0.346275,-0.007112,-0.005912,0.999957,0.030423,-0.440647,0.897165
8.6,-0.00007,0.000064,0.338543,-0.005343,0.001246,0.999985,0.028663,-0.445281,0.894932
8.61,-0.000156,0.000003,0.330625,0.010003,-0.006262,0.99993,0.026451,-0.443488,0.89589
8.62,-0.000111,0.000009,0.322701,0.002876,0.000579,0.999996,0.035859,-0.43967,0.897443
8.63,-0.000176,-0.000126,0.314951,-0.001502,0.004806,0.999987,0.031383,-0.442188,0.896373
8.64,-0.000172,-0.000009,0.306875,0.006709,-0.006921,0.999954,0.020476,-0.442425,0.896572
8.65,0.000016,-0.000136,0.298786,-0.001161,0.002033,0.999997,0.023964,-0.441325,0.897027
8.66,-0.000027,0.000041,0.290717,0.0041,-0.006784,0.999969,0.015494,-0.438061,0.898812
8.67,-0.000141,0.000059,0.282797,0.002775,-0.009183,0.999954,0.021912,-0.436508,0.899433
8.68,-0.000007,-0.000082,0.274633,-0.009987,0.002895,0.999946,0.01332,-0.451672,0.892084
8.69,-0.00003,0.000044,0.266355,-0.000373,-0.001399,0.999999,0.015093,-0.434164,0.900707
8.7,-0.000029,-0.000043,0.258204,-0.0095,0.002553,0.999952,0.01555,-0.438318,0.898686
8.71,-0.000021,-0.000026,0.250074,0.005467,-0.000245,0.999985,0.005387,-0.437522,0.899192
8.72,-0.000005,-0.000152,0.241886,0.000895,0.009001,0.999959,0.022603,-0.449008,0.893242
8.73,-0.000002,-0.000004,0.23374,0.000446,0.002789,0.999996,0.02018,-0.440598,0.897478
8.74,-0.000144,-0.00016,0.225396,-0.00328,0.008488,0.999959,0.01463,-0.44217,0.896812
8.75,0,0.000156,0.217133,-0.005868,0.002667,0.999979,0.012787,-0.443621,0.896123
8.76,-0.000116,0.000042,0.208686,0.000454,0.005829,0.999983,0.009328,-0.442446,0.896746
8.77,-0.000169,0.000199,0.200446,0.009355,0.006056,0.999938,0.01161,-0.438233,0.898787
8.78,0.000023,0.00002,0.192212,0.002902,0.001634,0.999994,0.014358,-0.444311,0.895758
8.79,-0.000015,0.000078,0.183579,0.011651,-0.000252,0.999932,0.002569,-0.441207,0.897402
8.8,-0.000161,0.000096,0.175392,-0.000458,0.006455,0.999979,-0.000914,-0.452498,0.891765
8.81,0.000005,-0.000009,0.166853,0.000948,-0.00299,0.999995,0.009484,-0.447143,0.894412
8.82,-0.000099,0.000106,0.158453,0.007888,-0.002994,0.999964,-0.004312,-0.430618,0.902524
8.83,0.000005,0.000004,0.150027,0.004967,0.001793,0.999986,-0.001119,-0.447176,0.894445
8.84,0.000005,0.000036,0.141357,0.005223,-0.00636,0.999966,0.004129,-0.441572,0.897216
8.85,0.000005,0.000162,0.132922,0.002623,-0.014483,0.999892,0.00339,-0.436238,0.899825
8.86,-0.000051,0.000049,0.124544,-0.00006,0.011975,0.999928,0.001176,-0.441677,0.897173
8.87,0.000015,-0.00017,0.115983,-0.007296,0.00736,0.999946,0.005212,-0.436966,0.899463
8.88,-0.000143,-0.000101,0.107454,0.0004,0.005816,0.999983,0.000767,-0.442924,0.896559
8.89,-0.000065,0.000042,0.099136,-0.000112,0.005594,0.999984,0.002755,-0.438021,0.89896
8.9,0.000028,0.000034,0.090228,0.005429,-0.00135,0.999984,-0.001267,-0.443908,0.896071
8.91,-0.000096,-0.000122,0.081694,-0.006712,-0.006464,0.999957,-0.00498,-0.44448,0.895775
8.92,-0.000135,-0.000086,0.073148,-0.001015,0.001599,0.999998,-0.001018,-0.43868,0.898643
8.93,-0.000127,-0.000153,0.064465,-0.000207,-0.004829,0.999988,-0.001222,-0.439859,0.898066
8.94,0,-0.000023,0.056083,0.007224,-0.003643,0.999967,-0.000932,-0.437668,0.899136
8.95,0.000052,-0.000058,0.047456,0.008592,-0.003676,0.999956,0.00433,-0.440899,0.897546
8.96,-0.000165,0.000171,0.038901,-0.004994,-0.000002,0.999988,-0.001866,-0.438484,0.898737
8.97,-0.000058,-0.00013,0.030225,-0.002097,-0.008841,0.999959,-0.000734,-0.444538,0.89576
8.98,-0.000203,-0.000097,0.021649,-0.004756,-0.003962,0.999981,-0.006194,-0.4478,0.894112
8.99,-0.000033,-0.000072,0.013055,0.000841,0.010365,0.999946,0.007454,-0.435844,0.899991
9,-0.00013,-0.000004,0.004317,-0.000136,-0.005183,0.999987,-0.00482,-0.440121,0.897925
9.01,-0.000113,0.000012,-0.004339,-0.003749,-0.007363,0.999966,0.003862,-0.433634,0.901081
9.02,0.000127,-0.00008,-0.012691,-0.002017,0.002211,0.999996,0.010019,-0.437704,0.899063
9.03,-0.000135,0.000024,-0.021581,0.002021,0.007163,0.999972,-0.001181,-0.441127,0.897444
9.04,-0.000156,-0.000015,-0.030025,-0.001556,-0.008449,0.999963,0.006254,-0.441152,0.89741
9.05,-0.000151,0.000075,-0.038759,0.000982,0.005636,0.999984,0.004022,-0.433705,0.901046
9.06,-0.000028,0.000004,-0.047239,0.014704,-0.001102,0.999891,-0.006284,-0.44188,0.897052
9.07,-0.000196,0.000113,-0.055837,-0.004132,-0.004599,0.999981,0.006976,-0.447816,0.894098
9.08,-0.000077,-0.000118,-0.064624,0.00158,0.004094,0.99999,-0.00373,-0.436158,0.899862
9.09,-0.000158,0.000019,-0.073088,0.006196,0.008078,0.999948,0.005853,-0.439345,0.898299
9.1,-0.000138,-0.000075,-0.081497,0.004813,-0.000145,0.999988,-0.006978,-0.439162,0.898381
9.11,-0.000068,-0.00008,-0.090081,0.007031,-0.004468,0.999965,0.00376,-0.441171,0.897415
9.12,0.000001,-0.000025,-0.098808,0.003017,-0.000243,0.999995,0.004661,-0.441501,0.897249
9.13,-0.000175,-0.000131,-0.107341,-0.003096,-0.004552,0.999985,0.005812,-0.453107,0.891437
9.14,-0.000059,0.000002,-0.115784,-0.00279,0.007327,0.999969,0.009481,-0.447242,0.894363
9.15,-0.00002,-0.000009,-0.124441,-0.006237,0.001999,0.999979,0.012326,-0.443908,0.895987
9.16,-0.000227,-0.000074,-0.132943,-0.005695,0.007104,0.999959,0.005593,-0.443368,0.896322
9.17,-0.000096,-0.000053,-0.14146,0.005656,-0.004159,0.999975,0.008322,-0.444741,0.89562
9.18,-0.000136,-0.000037,-0.149818,0.009576,0.000048,0.999954,0.012814,-0.443184,0.896339
9.19,-0.000097,0.000015,-0.158308,0.001578,0.00997,0.999949,0.014476,-0.441541,0.897124
9.2,-0.000128,-0.000025,-0.166567,-0.003615,0.001402,0.999992,-0.003092,-0.44736,0.894349
9.21,-0.000098,0.000073,-0.175036,-0.003168,-0.002568,0.999992,0.007663,-0.435871,0.899976
9.22,0.000091,-0.0001,-0.183385,-0.002163,0.002741,0.999994,0.012584,-0.441581,0.897133
9.23,-0.000029,-0.000051,-0.191967,0.008341,-0.008311,0.999931,0.017762,-0.441224,0.897221
9.24,0.000013,-0.000024,-0.200326,-0.005569,0.003547,0.999978,0.013052,-0.445002,0.895435
9.25,0.000073,-0.000092,-0.208744,0.000233,-0.002434,0.999997,0.018481,-0.440174,0.897722
9.26,0.00003,0.000033,-0.216877,-0.008346,0.005199,0.999952,0.015092,-0.447364,0.894225
9.27,-0.000133,0.000066,-0.225226,0.000432,0.001894,0.999998,0.016922,-0.442765,0.896478
9.28,0.000114,-0.000138,-0.233519,0.009834,-0.000637,0.999951,0.016292,-0.438979,0.89835
9.29,-0.000064,-0.000167,-0.241846,-0.00808,-0.001739,0.999966,0.012426,-0.440734,0.897552
9.3,0.000059,-0.00007,-0.250065,-0.002925,0.006149,0.999977,0.011116,-0.443995,0.89596
9.31,0.000036,0.000058,-0.258107,0.000599,0.000663,1,0.018344,-0.438845,0.898375
9.32,-0.000108,-0.000034,-0.266267,-0.000857,-0.003028,0.999995,0.019725,-0.444089,0.895766
9.33,-0.000097,-0.000094,-0.274418,-0.001933,-0.00067,0.999998,0.026729,-0.450416,0.892419
9.34,0.000097,-0.000129,-0.28282,0.000599,0.00007,1,0.019876,-0.444898,0.89536
9.35,-0.000166,-0.000117,-0.290678,-0.005383,-0.004464,0.999976,0.021583,-0.448845,0.893349
9.36,0.000014,-0.000041,-0.298768,-0.003412,0.002686,0.999991,0.018633,-0.44901,0.893332
9.37,-0.000026,-0.000113,-0.306719,-0.00585,-0.007159,0.999957,0.033933,-0.447688,0.893546
9.38,-0.000095,0.000205,-0.314618,-0.00213,-0.005918,0.99998,0.025763,-0.443508,0.8959
9.39,-0.000112,-0.000116,-0.322667,0.000348,-0.004217,0.999991,0.035123,-0.442717,0.895973
9.4,-0.000183,-0.000092,-0.330598,0.004441,-0.003608,0.999984,0.030018,-0.448764,0.893146
9.41,0.000038,-0.000066,-0.338471,-0.000698,0.003952,0.999992,0.020363,-0.446534,0.894535
9.42,-0.000156,-0.000131,-0.346238,0.006041,-0.001684,0.99998,0.032907,-0.442197,0.896314
9.43,-0.000058,0.00007,-0.354081,-0.000449,0.002708,0.999996,0.038402,-0.435046,0.899589
9.44,0.000053,-0.000006,-0.36178,0.006722,-0.003296,0.999972,0.036646,-0.433581,0.900369
9.45,-0.000215,-0.000141,-0.36943,-0.006135,0.001849,0.999979,0.040057,-0.446018,0.894127
9.46,0.000083,-0.000011,-0.377102,0.000415,0.004798,0.999988,0.043452,-0.437094,0.898365
9.47,-0.000075,-0.000061,-0.384859,0.000065,0.005324,0.999986,0.048611,-0.438266,0.89753
9.48,0.000046,0.000001,-0.392412,-0.005265,0.0011,0.999986,0.041551,-0.442246,0.895931
9.49,-0.000068,0.00002,-0.399911,-0.004692,0.006995,0.999965,0.057667,-0.445298,0.893523
9.5,-0.000112,0.000121,-0.40742,-0.004881,0.000857,0.999988,0.050386,-0.444945,0.894139
9.51,-0.000039,0.0001,-0.414812,-0.00065,0.001503,0.999999,0.053854,-0.43112,0.900686
9.52,-0.000047,0.000018,-0.422408,0.003277,0.001794,0.999993,0.056092,-0.44106,0.895723
9.53,-0.000095,-0.000226,-0.429575,-0.00469,0.000658,0.999989,0.058446,-0.439964,0.896112
9.54,-0.000205,0.000031,-0.437074,0.001779,-0.01029,0.999945,0.051413,-0.434152,0.899371
9.55,-0.000125,-0.000046,-0.444251,0.001975,0.003216,0.999993,0.049876,-0.44223,0.895514
9.56,0.000014,0.000126,-0.451466,0.001263,0.006506,0.999978,0.062928,-0.444495,0.893568
9.57,0.000037,-0.000081,-0.458609,-0.003482,0.007839,0.999963,0.060226,-0.440479,0.89574
9.58,-0.000026,-0.000069,-0.465803,-0.000474,-0.003213,0.999995,0.06932,-0.436463,0.897048
9.59,-0.000045,-0.000012,-0.472832,-0.001024,-0.003701,0.999993,0.064561,-0.449989,0.890697
9.6,-0.000084,-0.000093,-0.479822,-0.007014,-0.000397,0.999975,0.059794,-0.438701,0.896641
9.61,-0.000187,-0.000083,-0.48672,-0.001069,-0.002231,0.999997,0.069542,-0.441009,0.894805
9.62,-0.000276,-0.000089,-0.493709,-0.005722,-0.000719,0.999983,0.072392,-0.436655,0.896712
9.63,-0.000183,0.000198,-0.500856,-0.005148,0.007325,0.99996,0.071954,-0.436452,0.896846
9.64,0.000086,0.000107,-0.507355,-0.000022,-0.002023,0.999998,0.073224,-0.430966,0.899392
9.65,-0.000059,0.000002,-0.514263,-0.002013,0.001487,0.999997,0.078611,-0.441183,0.893968
9.66,0.000031,-0.000126,-0.520902,0.006596,-0.007216,0.999952,0.078325,-0.434324,0.897345
9.67,0.000047,-0.000126,-0.527546,-0.00211,0.001874,0.999996,0.080802,-0.436085,0.896271
9.68,-0.000025,-0.000146,-0.533991,0.001754,-0.002653,0.999995,0.080184,-0.437409,0.895681
9.69,-0.00001,-0.000161,-0.540617,0.005437,-0.002545,0.999982,0.085541,-0.436259,0.895746
9.7,-0.000107,-0.000086,-0.547067,0.004423,0.005734,0.999974,0.094578,-0.433539,0.896158
9.71,-0.000101,0.000055,-0.553535,0.001704,0.00278,0.999995,0.093322,-0.432865,0.896615
9.72,0.000046,-0.000033,-0.559739,0.002032,-0.001042,0.999997,0.095093,-0.437196,0.894325
9.73,-0.000087,-0.000073,-0.566193,-0.011424,-0.00865,0.999897,0.092696,-0.434005,0.896129
9.74,0.000011,0.000053,-0.572123,0.004056,0.00257,0.999988,0.097104,-0.425707,0.899636
9.75,0.000073,-0.000007,-0.57848,-0.001195,0.003156,0.999994,0.097856,-0.443886,0.890724
9.76,-0.000006,-0.000031,-0.584424,0.00029,0.007879,0.999969,0.105567,-0.43475,0.894342
9.77,0.000043,-0.000102,-0.590638,-0.002724,-0.000933,0.999996,0.105999,-0.423896,0.899487
9.78,0.00008,-0.000002,-0.596559,-0.00565,0.005595,0.999968,0.10896,-0.43246,0.895045
9.79,0.000064,-0.000063,-0.60246,-0.000413,0.006867,0.999976,0.112174,-0.43051,0.895588
9.8,-0.00008,-0.0002,-0.608189,0.009901,-0.000056,0.999951,0.111735,-0.420643,0.900319
9.81,-0.000145,-0.000078,-0.614093,0.005713,0.002887,0.99998,0.115544,-0.424822,0.897873
9.82,0.000024,-0.000035,-0.619722,-0.000339,-0.008921,0.99996,0.120362,-0.426775,0.896313
9.83,-0.000186,-0.000036,-0.62548,0.000242,0.005084,0.999987,0.126088,-0.426849,0.89549
9.84,-0.000013,0.000003,-0.630912,0.00069,-0.00768,0.99997,0.120017,-0.421173,0.899005
9.85,0.000139,0.000017,-0.636348,-0.000069,0.003699,0.999993,0.129647,-0.418362,0.89898
9.86,-0.000027,-0.000046,-0.641736,0.006244,-0.00379,0.999973,0.136663,-0.425538,0.894562
9.87,0.000057,-0.000142,-0.647078,0.004141,-0.004945,0.999979,0.122528,-0.422769,0.897916
9.88,0.000005,0.000055,-0.652409,0.000177,0.00009,1,0.127569,-0.422393,0.897391
9.89,-0.000148,-0.000131,-0.657497,0.00234,-0.002059,0.999995,0.138498,-0.422752,0.8956
9.9,-0.000017,-0.000152,-0.662761,0.004138,0.005155,0.999978,0.141654,-0.411647,0.900267
9.91,-0.000071,-0.00019,-0.668054,0.001943,0.002381,0.999995,0.140117,-0.417808,0.897666
9.92,-0.000179,-0.000005,-0.672847,-0.002413,-0.000176,0.999997,0.140684,-0.411909,0.900299
9.93,-0.000061,-0.000004,-0.677706,-0.000949,-0.003991,0.999992,0.15277,-0.415601,0.896625
9.94,-0.000223,-0.000055,-0.682672,-0.009771,-0.000345,0.999952,0.150968,-0.413354,0.897968
9.95,-0.000147,-0.000076,-0.687377,-0.014958,0.006509,0.999867,0.148267,-0.416002,0.897195
9.96,-0.000063,-0.000156,-0.692099,-0.003314,0.001637,0.999993,0.161473,-0.41704,0.894429
9.97,0.000136,-0.000121,-0.696819,-0.000298,0.007211,0.999974,0.164245,-0.410002,0.897174
9.98,-0.000015,0.000023,-0.70117,0.001914,-0.001262,0.999997,0.165401,-0.418385,0.893083
9.99,-0.000137,0.000058,-0.70574,-0.004514,-0.000546,0.99999,0.166285,-0.416587,0.893759
10,-0.000138,-0.000082,-0.710066,0.005776,-0.001095,0.999983,0.157859,-0.4183,0.894486
10.01,0.000023,0.000026,-0.714364,0.006564,0.005188,0.999965,0.173342,-0.397471,0.901093
10.02,0.000042,-0.000022,-0.718512,0.008381,-0.009396,0.999921,0.17062,-0.404303,0.89857
10.03,-0.000162,-0.000166,-0.722672,-0.012625,-0.0045,0.99991,0.170134,-0.405773,0.897999
10.04,-0.000161,-0.000055,-0.726818,-0.003563,-0.010645,0.999937,0.175415,-0.409501,0.895287
10.05,-0.000082,-0.000068,-0.730678,0.001292,-0.008539,0.999963,0.182125,-0.405186,0.89591
10.06,-0.00026,0.000048,-0.73451,0.00578,0.006778,0.99996,0.190319,-0.405516,0.894056
10.07,-0.000037,-0.00003,-0.738476,-0.000212,-0.001963,0.999998,0.190131,-0.397953,0.897487
10.08,0.00012,-0.000132,-0.74228,0.006057,0.003193,0.999977,0.197957,-0.407111,0.891669
10.09,-0.000056,0.00002,-0.745941,0.005474,-0.009551,0.999939,0.198997,-0.394571,0.897058
10.1,0.000018,-0.000065,-0.749536,-0.002846,-0.011527,0.99993,0.198963,-0.387181,0.90028
10.11,-0.000098,-0.000087,-0.753056,-0.003829,0.002221,0.99999,0.208879,-0.394496,0.894842
10.12,-0.000052,-0.000131,-0.756327,-0.001989,0.008092,0.999965,0.203971,-0.402329,0.892484
10.13,-0.000051,-0.000149,-0.759705,0.001985,-0.007829,0.999967,0.20188,-0.394009,0.896661
10.14,-0.000105,0.000016,-0.763057,-0.003237,0.002391,0.999992,0.213176,-0.386183,0.897451
10.15,-0.000018,-0.000014,-0.766277,0.001879,0.0028,0.999994,0.214461,-0.384077,0.898049
10.16,-0.000036,0.000149,-0.769508,0.001609,-0.004425,0.999989,0.216608,-0.390437,0.894785
10.17,-0.000034,0.000009,-0.772407,0.001851,0.00029,0.999998,0.218921,-0.378385,0.899388
10.18,-0.000159,0.00016,-0.775265,0.004211,-0.001868,0.999989,0.222197,-0.379975,0.897913
10.19,0.000142,0.000018,-0.778058,0.001477,0.006871,0.999975,0.228889,-0.385373,0.893923
10.2,0.000002,0.000027,-0.780709,0.009931,-0.002508,0.999948,0.231272,-0.387599,0.892345
10.21,-0.000001,-0.000016,-0.783458,-0.003598,-0.001446,0.999992,0.226694,-0.377057,0.898019
10.22,0.000079,0.000043,-0.786136,0.000978,-0.005332,0.999985,0.235202,-0.372617,0.897684
10.23,-0.000095,0,-0.788593,0.001308,0.004887,0.999987,0.239762,-0.373649,0.896047
10.24,-0.000072,-0.000112,-0.790964,0.001036,0.014866,0.999889,0.235837,-0.3707,0.898311
10.25,-0.000002,0.000058,-0.793257,0.000646,-0.005919,0.999982,0.242094,-0.368983,0.897353
10.26,0.000142,-0.000035,-0.795208,-0.002254,0.009307,0.999954,0.250897,-0.369201,0.894842
10.27,0.000048,0.000015,-0.797672,0.004145,-0.002466,0.999988,0.241791,-0.370183,0.89694
10.28,-0.000286,-0.000042,-0.799667,-0.001855,0.000505,0.999998,0.251937,-0.361122,0.897841
10.29,0.000128,-0.000149,-0.801483,-0.002639,0.000575,0.999996,0.248451,-0.357653,0.900198
10.3,-0.000061,0.000035,-0.80375,-0.001819,0.00464,0.999988,0.263321,-0.353078,0.897774
10.31,-0.000027,-0.000059,-0.805259,-0.002724,0.010853,0.999937,0.261901,-0.361523,0.894823
10.32,-0.000031,-0.000128,-0.806939,0.006297,0.009608,0.999934,0.260786,-0.36079,0.895445
10.33,0.000021,0.000023,-0.808547,0.002603,0.00467,0.999986,0.26782,-0.358257,0.894385
10.34,0.000057,-0.000031,-0.810279,0.004102,0.00521,0.999978,0.266336,-0.359621,0.894281
10.35,-0.00016,0.000089,-0.811535,-0.004774,0.00301,0.999984,0.270515,-0.346371,0.898248
10.36,-0.000031,-0.000067,-0.812941,-0.002671,-0.000852,0.999996,0.279564,-0.348306,0.894722
10.37,-0.000037,-0.000058,-0.814263,0.004655,0.00131,0.999988,0.278363,-0.347438,0.895433
10.38,0.000149,-0.000009,-0.815424,-0.004732,0.002153,0.999986,0.283815,-0.342895,0.895473
10.39,-0.000153,-0.000092,-0.816388,0.001989,0.000799,0.999998,0.278044,-0.332837,0.901061
10.4,0.000027,-0.000048,-0.817436,-0.006906,-0.000045,0.999976,0.282804,-0.331217,0.900176
10.41,-0.000066,-0.000125,-0.818227,-0.005577,0.002246,0.999982,0.291714,-0.342782,0.892975
10.42,-0.000007,0.000187,-0.819217,0.011883,-0.000229,0.999929,0.295289,-0.331565,0.89603
10.43,-0.000051,0.000048,-0.819893,-0.006048,-0.005459,0.999967,0.293616,-0.323061,0.899679
10.44,-0.000161,-0.000111,-0.820494,-0.008935,0.003629,0.999953,0.294742,-0.329684,0.896903
10.45,-0.000009,-0.000037,-0.820956,0.001654,-0.008014,0.999967,0.290179,-0.330905,0.897941
10.46,0.000047,-0.000001,-0.821492,-0.008802,0.008208,0.999928,0.306733,-0.319978,0.896398
10.47,-0.000062,0.000019,-0.821775,-0.00667,0.000605,0.999978,0.304379,-0.324775,0.895474
10.48,-0.000034,0.000011,-0.822154,-0.004833,-0.003131,0.999983,0.304268,-0.327137,0.894652
10.49,-0.000163,-0.000116,-0.822239,0.003703,0.004646,0.999982,0.306948,-0.322056,0.89558
10.5,0,0.00011,-0.822391,0.000724,0.00266,0.999996,0.316608,-0.305855,0.897893
10.51,0.000036,0.000087,-0.822309,0.008654,0.00128,0.999962,0.312826,-0.307156,0.898774
10.52,-0.000093,-0.000045,-0.822295,-0.000276,-0.003214,0.999995,0.326096,-0.307731,0.893847
10.53,-0.000125,0.000013,-0.822036,-0.001486,-0.003857,0.999991,0.313201,-0.31026,0.897577
10.54,-0.000081,0.000143,-0.82188,0.010248,0.001626,0.999946,0.328895,-0.301945,0.894795
10.55,-0.000057,-0.000049,-0.821556,-0.003426,-0.007194,0.999968,0.325313,-0.316749,0.890978
10.56,-0.000003,-0.000027,-0.820899,0.003083,-0.003815,0.999988,0.32774,-0.292031,0.898501
10.57,0.000014,0.000018,-0.820522,-0.004092,0.00735,0.999965,0.32779,-0.297611,0.89665
10.58,-0.000163,-0.000036,-0.819946,0.002468,0.008915,0.999957,0.326565,-0.291929,0.898962
10.59,0.000044,-0.000031,-0.819006,0.002293,0.001575,0.999996,0.331732,-0.292467,0.896893
10.6,0.000025,0.000044,-0.818321,0.000344,0.006543,0.999979,0.343984,-0.289188,0.893334
10.61,-0.000021,0.000028,-0.81736,-0.002992,0.008919,0.999956,0.344566,-0.288327,0.893388
10.62,-0.000101,0.000014,-0.816222,0.002728,0.004357,0.999987,0.352451,-0.291882,0.889148
10.63,-0.000047,-0.000051,-0.815432,-0.001173,-0.000422,0.999999,0.334681,-0.283932,0.898538
10.64,-0.000166,0.000075,-0.814197,-0.002006,-0.007695,0.999968,0.341861,-0.274402,0.898796
10.65,-0.000013,0.000132,-0.812725,0.001746,-0.000332,0.999998,0.352248,-0.273877,0.894937
10.66,-0.000117,0.000063,-0.811542,0.001815,0.005193,0.999985,0.348717,-0.264828,0.899034
10.67,-0.000005,0.000013,-0.810162,-0.000505,0.003232,0.999995,0.357863,-0.270768,0.893655
10.68,0.000099,0.000025,-0.808605,-0.001841,-0.003914,0.999991,0.355732,-0.270243,0.894664
10.69,0.00007,0.00005,-0.806981,-0.002271,0.00224,0.999995,0.3462,-0.264071,0.900229
10.7,-0.000011,0.000125,-0.805274,0.001456,0.007285,0.999972,0.358457,-0.264417,0.895317
10.71,-0.000047,-0.000103,-0.803558,-0.006295,-0.00699,0.999956,0.366992,-0.245019,0.897376
10.72,-0.000131,-0.000019,-0.801627,0.003323,0.008162,0.999961,0.369771,-0.252406,0.894181
10.73,-0.000218,-0.000027,-0.799626,-0.001112,0.004513,0.999989,0.369256,-0.252447,0.894383
10.74,-0.000025,-0.000112,-0.797517,0.003631,0.007065,0.999968,0.377542,-0.248202,0.892109
10.75,-0.0001,-0.000136,-0.795581,0.003907,-0.002179,0.99999,0.36914,-0.239556,0.897969
10.76,-0.00004,0.000057,-0.793155,-0.004196,0.009598,0.999945,0.370739,-0.235714,0.898327
10.77,-0.000021,-0.000133,-0.790998,0.000046,-0.000002,1,0.378391,-0.237981,0.894531
10.78,-0.000118,-0.000044,-0.788693,-0.002952,0.002927,0.999991,0.379359,-0.230096,0.896182
10.79,-0.00003,0.000028,-0.786062,0.002534,0.000597,0.999997,0.383488,-0.236363,0.892787
10.8,0.000001,-0.00011,-0.7836,-0.000648,-0.006774,0.999977,0.376197,-0.229629,0.897634
10.81,-0.000095,0.000072,-0.780722,0.011545,-0.002174,0.999931,0.387367,-0.22219,0.894751
10.82,-0.000079,0.000076,-0.778093,-0.001214,-0.00394,0.999992,0.380911,-0.216366,0.89894
10.83,0.000093,0.000013,-0.775272,-0.008983,0.002677,0.999956,0.379501,-0.213258,0.900278
10.84,0.00003,-0.000096,-0.772397,0.006616,0.004492,0.999968,0.386608,-0.222323,0.895046
10.85,-0.000166,-0.000006,-0.769317,-0.007211,0.004157,0.999965,0.379924,-0.215121,0.899656
10.86,-0.000046,-0.000064,-0.766101,0.003531,-0.00122,0.999993,0.384033,-0.205981,0.90005
10.87,-0.000076,-0.000092,-0.762947,-0.003638,0.001466,0.999992,0.393224,-0.204628,0.896383
10.88,0.000085,0.000001,-0.759953,-0.000938,-0.00474,0.999988,0.398431,-0.211494,0.892481
10.89,-0.000092,0.000025,-0.756462,-0.004163,-0.005744,0.999975,0.396014,-0.197716,0.896706
10.9,0.000096,-0.000148,-0.752984,-0.000565,-0.00239,0.999997,0.397821,-0.201011,0.895172
10.91,-0.000094,0.000087,-0.749547,0.002375,-0.00143,0.999996,0.386251,-0.194124,0.901735
10.92,0.00005,-0.000085,-0.746078,0.001554,0.000905,0.999998,0.396913,-0.188576,0.898276
10.93,-0.000136,-0.000082,-0.742377,-0.005207,0.006717,0.999964,0.395389,-0.190496,0.898542
10.94,0.000065,0.000088,-0.738516,0.006226,0.003178,0.999976,0.403197,-0.184574,0.896306
10.95,-0.00013,-0.000039,-0.73477,-0.00103,0.008376,0.999964,0.39931,-0.177193,0.89953
10.96,0.000087,-0.000001,-0.730757,-0.001784,-0.00397,0.999991,0.401288,-0.184394,0.8972
10.97,-0.000074,-0.000204,-0.726877,-0.004567,0.000758,0.999989,0.402333,-0.176915,0.898237
10.98,-0.000137,0.000004,-0.722731,0.002777,0.001858,0.999994,0.41247,-0.169387,0.895085
10.99,-0.000109,-0.000063,-0.718454,-0.002832,0.006531,0.999975,0.403666,-0.172703,0.898458
11,-0.000123,-0.000109,-0.714382,-0.000497,-0.003701,0.999993,0.407257,-0.163737,0.898517
11.01,-0.0001,-0.000066,-0.71001,-0.000901,0.000871,0.999999,0.408934,-0.165312,0.897466
11.02,0.000112,-0.000184,-0.705673,-0.006704,0.003812,0.99997,0.41361,-0.163613,0.895632
11.03,-0.000036,-0.000036,-0.701226,-0.006075,-0.001784,0.99998,0.413988,-0.16914,0.89443
11.04,-0.000069,0.000059,-0.696712,-0.003043,0.002488,0.999992,0.415472,-0.160939,0.895255
11.05,-0.000051,-0.000029,-0.692047,0.003259,0.001733,0.999993,0.417724,-0.163112,0.893812
11.06,-0.000054,0.000059,-0.687367,0.001046,0.00017,0.999999,0.410051,-0.152406,0.899239
11.07,-0.000024,-0.000033,-0.682687,0.001718,0.004099,0.99999,0.417145,-0.155422,0.895452
11.08,-0.000112,-0.00012,-0.677742,0.001042,0.002943,0.999995,0.414947,-0.144934,0.898228
11.09,-0.000102,-0.000121,-0.672822,-0.004366,-0.000238,0.99999,0.422468,-0.141338,0.89529
11.1,0.000006,-0.000182,-0.667707,0.001424,-0.004728,0.999988,0.413169,-0.148884,0.898401
11.11,-0.000037,-0.000038,-0.662698,0.001716,0.003706,0.999992,0.42004,-0.143047,0.896161
11.12,-0.000033,-0.000081,-0.657465,0.002236,-0.004239,0.999989,0.421637,-0.139409,0.895984
11.13,-0.000133,-0.000037,-0.652375,-0.000461,-0.003317,0.999994,0.423007,-0.131354,0.896555
11.14,-0.000133,-0.000038,-0.647137,-0.009059,-0.003402,0.999953,0.42261,-0.131624,0.896703
11.15,0.00017,-0.000107,-0.641825,0.000418,0.000196,1,0.422971,-0.141495,0.895028
11.16,0.000018,-0.000022,-0.636505,0.00964,-0.000215,0.999954,0.423916,-0.124145,0.897153
11.17,-0.000004,-0.000019,-0.630872,-0.003822,-0.003548,0.999986,0.426386,-0.125206,0.895834
11.18,0.000059,0.00006,-0.625316,-0.008921,0.008412,0.999925,0.419302,-0.1234,0.899421
11.19,-0.000012,-0.000125,-0.619735,0.003715,0.008765,0.999955,0.425506,-0.110517,0.898182
11.2,-0.00002,-0.000064,-0.614019,0.008236,-0.011708,0.999898,0.429067,-0.113695,0.896089
11.21,-0.000111,0.000105,-0.608077,0.001604,-0.002676,0.999995,0.429648,-0.116958,0.89539
11.22,-0.000073,0.000006,-0.602456,0.000239,-0.003469,0.999994,0.431136,-0.106276,0.896006
11.23,0.000071,0.000009,-0.596533,0.009056,-0.013071,0.999874,0.428636,-0.102237,0.897674
11.24,-0.000059,-0.000018,-0.590665,0.008159,0.003393,0.999961,0.431854,-0.099349,0.896455
11.25,0.00002,-0.000091,-0.584505,-0.001265,-0.003006,0.999995,0.43075,-0.095304,0.897425
11.26,-0.000028,0.000067,-0.578463,-0.000305,-0.006479,0.999979,0.42966,-0.102682,0.897134
11.27,0.00005,-0.000109,-0.572255,0.00587,-0.006411,0.999962,0.431472,-0.088621,0.897763
11.28,-0.000059,-0.000012,-0.566086,0.011892,-0.004212,0.99992,0.433874,-0.101467,0.895242
11.29,0.000042,-0.000205,-0.559785,-0.004903,0.00392,0.99998,0.435303,-0.087478,0.896024
11.3,-0.00017,0.000077,-0.553646,-0.000694,-0.011728,0.999931,0.434085,-0.08489,0.896863
11.31,-0.000127,-0.000175,-0.54693,0.000167,0.00023,1,0.432149,-0.086436,0.89765
11.32,-0.000152,-0.000019,-0.540659,0.002563,-0.014801,0.999887,0.437392,-0.081474,0.895573
11.33,-0.000197,-0.000058,-0.534035,-0.004559,-0.001557,0.999988,0.444188,-0.081149,0.892251
11.34,-0.000056,0.000053,-0.527546,0.003153,-0.008737,0.999957,0.435525,-0.078947,0.896708
11.35,-0.000039,-0.000062,-0.520848,0.003981,-0.005252,0.999978,0.438538,-0.077776,0.895341
11.36,0.000126,0.000003,-0.514168,-0.004995,-0.002397,0.999985,0.441926,-0.067394,0.894516
11.37,-0.000093,-0.000095,-0.507307,-0.006147,0.005044,0.999968,0.43636,-0.076461,0.896517
11.38,-0.000137,-0.000108,-0.500638,0.001407,0.00095,0.999999,0.444206,-0.070291,0.893163
11.39,-0.000077,0.000142,-0.493976,0.011711,-0.006939,0.999907,0.435957,-0.071529,0.89712
11.4,-0.000008,0.000034,-0.486953,-0.005016,-0.001516,0.999986,0.437696,-0.067013,0.896622
11.41,-0.000096,0.000009,-0.479745,0.005513,0.003428,0.999979,0.441054,-0.068512,0.894862
11.42,-0.00012,-0.000166,-0.472782,-0.001901,0.005814,0.999981,0.4349,-0.058996,0.898544
11.43,0.000094,-0.000058,-0.465987,-0.002837,0.006103,0.999977,0.43872,-0.055615,0.896901
11.44,0.000087,-0.000046,-0.458573,0.001199,-0.005757,0.999983,0.443784,-0.064757,0.893791
11.45,-0.000043,-0.000061,-0.451537,0.002108,-0.014284,0.999896,0.435895,-0.049341,0.898644
11.46,0.000089,0.000096,-0.44446,0.002064,-0.008521,0.999962,0.439043,-0.049719,0.897089
11.47,-0.000121,0.000126,-0.437034,0.008392,-0.005496,0.99995,0.438447,-0.053309,0.897174
11.48,-0.000158,-0.000028,-0.429691,-0.00072,-0.002854,0.999996,0.442196,-0.043999,0.895839
11.49,-0.000048,-0.000071,-0.422342,0.002395,0.008423,0.999962,0.439148,-0.052767,0.896864
11.5,-0.000079,0,-0.414972,0.000488,0.000632,1,0.438525,-0.051518,0.897241
11.51,-0.000065,-0.000041,-0.407329,0.003157,-0.002579,0.999992,0.445738,-0.044964,0.894034
11.52,-0.000007,-0.000038,-0.399892,0.003294,-0.009569,0.999949,0.44421,-0.035199,0.895231
11.53,-0.000004,0.000066,-0.392347,-0.002062,-0.000725,0.999998,0.437105,-0.041932,0.898433
11.54,0.000117,0.000089,-0.384805,-0.004849,-0.000773,0.999988,0.43396,-0.038396,0.900113
11.55,-0.000076,0.000048,-0.377123,-0.000615,-0.001091,0.999999,0.44357,-0.035954,0.895518
11.56,-0.000048,-0.000158,-0.369654,0.000076,-0.014163,0.9999,0.442797,-0.028904,0.896156
11.57,-0.000009,0.000039,-0.36171,0.004913,-0.000117,0.999988,0.437991,-0.027107,0.898571
11.58,-0.000152,0.000062,-0.354072,0.006713,-0.003447,0.999972,0.442729,-0.032455,0.896068
11.59,-0.000006,0.000008,-0.346303,-0.001397,-0.003894,0.999991,0.442082,-0.040724,0.89605
11.6,-0.000091,-0.00021,-0.338482,-0.003485,-0.000866,0.999994,0.445455,-0.032364,0.894719
11.61,-0.000197,0.000009,-0.330528,-0.001328,-0.002338,0.999996,0.437373,-0.025518,0.898918
11.62,0.00004,0.000002,-0.322685,0.001967,0.000001,0.999998,0.443227,-0.031957,0.895839
11.63,-0.000009,-0.000063,-0.314636,0.002929,0.001451,0.999995,0.441191,-0.022556,0.89713
11.64,-0.000012,-0.000115,-0.306715,0.000066,0.005752,0.999983,0.444716,-0.030873,0.895139
11.65,-0.000035,-0.000056,-0.298629,0.004268,-0.000985,0.99999,0.450006,-0.02104,0.892778
11.66,0.00011,-0.000061,-0.290697,-0.00225,0.000202,0.999997,0.443348,-0.016968,0.896189
11.67,-0.000236,-0.00004,-0.282632,-0.000175,0.007476,0.999972,0.446199,-0.028107,0.894492
11.68,-0.000228,-0.000004,-0.274439,-0.008943,-0.000916,0.99996,0.44384,-0.017369,0.895938
11.69,-0.000104,-0.000061,-0.266441,0.000157,0.003275,0.999995,0.444761,-0.016475,0.895498
11.7,0.000027,-0.000161,-0.258221,-0.006613,-0.005392,0.999964,0.439982,-0.018245,0.897821
11.71,0.000131,-0.000024,-0.249962,-0.007367,-0.00379,0.999966,0.440951,-0.01934,0.897323
11.72,-0.000052,-0.000131,-0.241787,-0.000294,-0.000134,1,0.443122,-0.014267,0.896348
11.73,-0.000004,-0.000118,-0.233509,-0.008587,0.000616,0.999963,0.443937,-0.007742,0.896025
11.74,0.000069,0.000065,-0.225406,0.001353,-0.005002,0.999987,0.438058,-0.010804,0.898882
11.75,-0.000125,-0.00017,-0.216879,-0.000509,0.003701,0.999993,0.446455,-0.008916,0.894762
11.76,0.000014,0.000033,-0.20873,0.003076,-0.010615,0.999939,0.450401,-0.013825,0.89272
11.77,-0.000141,-0.000022,-0.200302,0.003889,-0.004552,0.999982,0.443458,-0.013279,0.896197
11.78,-0.000114,-0.000016,-0.19189,-0.000012,0.00144,0.999999,0.439277,-0.008204,0.898314
11.79,-0.00002,-0.000119,-0.183746,0.000953,-0.001127,0.999999,0.44068,-0.017056,0.897502
11.8,-0.000062,-0.000014,-0.175179,0.001358,0.003888,0.999992,0.445144,-0.00764,0.895427
11.81,-0.000077,-0.000089,-0.166669,-0.002743,-0.001683,0.999995,0.441547,-0.010174,0.89718
11.82,-0.000044,-0.000018,-0.158373,-0.004345,-0.002431,0.999988,0.447462,-0.007737,0.894269
11.83,-0.000094,-0.000014,-0.149916,0.003816,-0.005923,0.999975,0.443798,0.001883,0.896125
11.84,-0.000149,-0.000057,-0.141247,-0.005819,0.003935,0.999975,0.440183,-0.008696,0.897866
11.85,-0.000023,0.000099,-0.132871,0.006304,0.002726,0.999976,0.436796,-0.011075,0.899493
11.86,-0.000067,-0.00015,-0.124403,0.000191,-0.003121,0.999995,0.446612,-0.006854,0.894701
11.87,0.000086,0,-0.115768,-0.005062,-0.001521,0.999986,0.43023,-0.002085,0.902717
11.88,0.000022,-0.00003,-0.107317,0.001055,0.012301,0.999924,0.448708,0.001099,0.893678
11.89,-0.000029,0.00003,-0.098715,0.000435,-0.000445,1,0.444923,0.005238,0.895554
11.9,0.000003,-0.000015,-0.090266,-0.001486,0.000281,0.999999,0.433678,0.003637,0.901061
11.91,-0.000062,-0.000111,-0.081546,0.003644,0.002127,0.999991,0.442066,0.001686,0.896981
11.92,-0.000223,-0.000048,-0.07285,0.000021,0.001529,0.999999,0.43931,-0.000405,0.898336
11.93,-0.000069,-0.000128,-0.064478,-0.001121,-0.000454,0.999999,0.442279,0.004832,0.896865
11.94,0.000073,-0.000043,-0.055833,0.000881,-0.002643,0.999996,0.441148,0.000061,0.897434
11.95,-0.000031,-0.000061,-0.047016,0.006061,-0.004662,0.999971,0.443464,0.00388,0.896284
11.96,-0.000033,-0.000076,-0.038732,-0.001193,0.018171,0.999834,0.443647,-0.001137,0.896201
11.97,-0.000006,0.000007,-0.030017,0.000278,-0.000521,1,0.452447,0.003158,0.891786
11.98,-0.000027,-0.000154,-0.02143,-0.00249,0.009832,0.999949,0.445957,0.006233,0.895033
11.99,-0.000066,-0.000054,-0.012994,-0.001391,-0.000025,0.999999,0.440989,0.008888,0.897469
12,-0.000089,-0.000092,-0.004256,-0.004618,0.00054,0.999989,0.44329,-0.004514,0.896367
12.01,0.00414,-0.000024,0.000064,-0.007297,-0.001119,0.999973,0.447312,0.006998,0.894351
12.02,0.012782,-0.000083,-0.000021,-0.008162,0.004242,0.999958,0.44041,-0.004156,0.897787
12.03,0.021569,-0.000249,0.000024,0.009098,-0.005897,0.999941,0.436627,0.00095,0.899642
12.04,0.029954,-0.000066,0.000128,-0.001612,0.0059,0.999981,0.445545,-0.002203,0.895257
12.05,0.038649,-0.000017,-0.00002,0.000427,0.004046,0.999992,0.44175,0.005135,0.897123
12.06,0.047474,0.000051,0.000152,0.004744,-0.000072,0.999989,0.448661,0.006516,0.893678
12.07,0.055785,-0.000125,0.000148,0.000937,0.003287,0.999994,0.443972,0.008644,0.895999
12.08,0.064473,-0.000051,0.000083,-0.007448,-0.004835,0.999961,0.447527,0.006153,0.894249
12.09,0.072963,0.000039,0.000055,-0.010432,0.010172,0.999894,0.440625,0.012889,0.897599
12.1,0.081689,-0.000087,0.000098,-0.006542,0.006051,0.99996,0.447244,0.007534,0.89438
12.11,0.090151,0.000055,0.000152,0.000217,0.003912,0.999992,0.438745,0.008447,0.898572
12.12,0.098848,0.000016,0.000109,0.004405,0.010799,0.999932,0.438931,0.013795,0.898415
12.13,0.107077,0.000044,0.00003,0.006084,0.006945,0.999957,0.43915,0.0046,0.898402
12.14,0.115855,-0.000053,-0.000068,0.002186,0.00984,0.999949,0.445667,0.006465,0.895176
12.15,0.12432,0.000029,0.000177,0.003149,0.001989,0.999993,0.440724,0.006337,0.89762
12.16,0.132819,-0.000108,0.00018,-0.000318,0.011446,0.999934,0.451671,0.015905,0.892043
12.17,0.141289,0.000152,0.000058,0.004837,0.011662,0.99992,0.445118,0.018914,0.895272
12.18,0.149765,0.000057,0.000201,-0.003525,0.010453,0.999939,0.445583,0.012997,0.895146
12.19,0.158178,0.000107,0.000029,0.005016,0.009145,0.999946,0.441511,0.013739,0.897151
12.2,0.166875,-0.000062,-0.000084,-0.002426,0.015905,0.999871,0.444593,0.01625,0.895585
12.21,0.175214,0.000052,0.000237,0.005233,0.022363,0.999736,0.449491,0.023774,0.892968
12.22,0.183726,0.000032,0.000033,0.00412,0.025836,0.999658,0.445917,0.026659,0.894677
12.23,0.191915,-0.000054,-0.000019,-0.003468,0.02578,0.999662,0.446835,0.024805,0.894272
12.24,0.200301,-0.000251,0.000069,-0.011427,0.021596,0.999701,0.434254,0.015419,0.900658
12.25,0.208665,0.000195,0.00012,-0.003878,0.030954,0.999513,0.439411,0.028337,0.897839
12.26,0.216944,0.000021,-0.000053,-0.006045,0.026654,0.999626,0.439283,0.028152,0.897908
12.27,0.225229,-0.000192,0.000179,-0.004314,0.033999,0.999413,0.448464,0.035114,0.893111
12.28,0.233604,-0.000131,0.000048,-0.001457,0.035492,0.999369,0.4411,0.036711,0.896707
12.29,0.241881,0.000015,0.000087,0.001078,0.030909,0.999522,0.443254,0.025776,0.896025
12.3,0.249942,-0.000084,0.000062,-0.00125,0.043622,0.999047,0.441604,0.037808,0.896413
12.31,0.258288,-0.000101,-0.000044,0.007681,0.040916,0.999133,0.43462,0.027877,0.900182
12.32,0.26647,-0.00011,0.000148,-0.000187,0.045386,0.99897,0.440667,0.032671,0.897076
12.33,0.274526,0.000048,0.000206,-0.008768,0.047984,0.99881,0.441164,0.043806,0.896357
12.34,0.282668,0.000039,-0.000026,0.007528,0.058415,0.998264,0.44243,0.04256,0.895793
12.35,0.29062,0.000028,0.000188,-0.004462,0.055602,0.998443,0.4422,0.0438,0.895846
12.36,0.298843,0.000173,0.000081,0.000647,0.055941,0.998434,0.438791,0.04788,0.897313
12.37,0.306747,0.000059,0.000055,0.011127,0.054674,0.998442,0.438732,0.050142,0.897218
12.38,0.314698,-0.00012,0.00014,0.00169,0.056775,0.998386,0.442823,0.053825,0.894992
12.39,0.32255,0.000016,-0.00007,0.007129,0.064299,0.997905,0.44348,0.045199,0.895144
12.4,0.330643,-0.000118,0.000127,0.003223,0.072327,0.997376,0.445142,0.070426,0.892686
12.41,0.338277,-0.000067,0.000156,-0.004308,0.066908,0.99775,0.448819,0.063199,0.891385
12.42,0.346177,-0.000023,0.000012,-0.01311,0.068359,0.997575,0.446217,0.067296,0.892391
12.43,0.353838,-0.000002,0.000091,-0.003204,0.073844,0.997265,0.446653,0.073115,0.891715
12.44,0.361697,0.000021,-0.000016,0.001664,0.085886,0.996304,0.444816,0.073726,0.892582
12.45,0.369421,-0.000028,-0.000006,-0.001999,0.081242,0.996692,0.441804,0.07651,0.893843
12.46,0.377383,-0.000164,0.000118,-0.008755,0.084821,0.996358,0.441863,0.072664,0.894135
12.47,0.384902,-0.000201,-0.000098,0.004187,0.093321,0.995627,0.437288,0.084137,0.895377
12.48,0.392455,-0.000071,0.000087,0.002802,0.093521,0.995613,0.430594,0.078379,0.899136
12.49,0.400053,-0.000061,-0.000039,-0.004653,0.108966,0.994035,0.442546,0.079711,0.893196
12.5,0.407219,-0.000011,-0.000027,-0.004097,0.099449,0.995034,0.444334,0.098912,0.890384
12.51,0.414943,-0.000008,-0.000067,0.003067,0.115222,0.993335,0.443454,0.097324,0.890997
12.52,0.422479,0.000066,0.000128,-0.00601,0.114635,0.99339,0.451326,0.100851,0.886642
12.53,0.429593,-0.000064,0.000006,-0.00774,0.116545,0.993155,0.443223,0.101552,0.890641
12.54,0.43698,-0.000127,0.000092,-0.004731,0.122415,0.992468,0.445348,0.097384,0.890046
12.55,0.444308,0.000003,0.000009,0.00495,0.12245,0.992462,0.447866,0.108167,0.887533
12.56,0.451624,-0.000012,-0.000185,0.003384,0.129484,0.991576,0.450874,0.121598,0.884266
12.57,0.458629,-0.000034,0.000138,0.010787,0.123504,0.992285,0.440917,0.117311,0.889849
12.58,0.465782,-0.000051,-0.000004,-0.004037,0.138622,0.990337,0.437725,0.12837,0.889898
12.59,0.472939,-0.000068,0.000001,-0.000695,0.143229,0.989689,0.443541,0.127992,0.887068
12.6,0.479837,0.00002,0.000007,-0.001458,0.149417,0.988773,0.437378,0.137174,0.888754
12.61,0.486723,0.000026,-0.000008,-0.003347,0.153331,0.988169,0.443282,0.140301,0.885334
12.62,0.493815,0.000004,0.000159,-0.01023,0.162036,0.986732,0.436028,0.141301,0.888771
12.63,0.500735,-0.000079,0.000039,-0.009541,0.162656,0.986637,0.436338,0.156474,0.886073
12.64,0.507337,0.000118,0.000092,-0.004358,0.174706,0.984611,0.444939,0.144928,0.883756
12.65,0.514321,-0.000057,-0.000125,-0.007265,0.178034,0.983998,0.439738,0.157183,0.884264
12.66,0.521026,-0.000021,0.000065,0.000685,0.172801,0.984957,0.443382,0.162656,0.881451
12.67,0.527534,0.000028,0.0001,-0.004928,0.183843,0.982943,0.442154,0.17171,0.88035
12.68,0.533968,0.000066,0.000007,0.0067,0.196775,0.980426,0.444191,0.17327,0.879018
12.69,0.540586,0.000122,0.000134,-0.000466,0.203812,0.97901,0.441467,0.175246,0.879997
12.7,0.547058,-0.000191,0.000068,0.004926,0.198186,0.980152,0.442251,0.177173,0.879218
12.71,0.553535,-0.000036,-0.000055,-0.001348,0.202191,0.979345,0.447657,0.178024,0.876305
12.72,0.559759,-0.000138,0.000072,-0.004015,0.210339,0.97762,0.441198,0.189555,0.877162
12.73,0.566178,0.000061,-0.00001,0.010281,0.207847,0.978107,0.447023,0.19252,0.873559
12.74,0.572343,0.00002,0.000009,0.003181,0.219866,0.975525,0.446735,0.196564,0.872806
12.75,0.578463,0.000157,0.000072,0.002584,0.230721,0.973017,0.447435,0.201116,0.87141
12.76,0.584643,-0.000067,0.000057,-0.001053,0.233751,0.972296,0.439998,0.196155,0.876314
12.77,0.590443,-0.000031,0.000158,0.000883,0.235622,0.971844,0.447942,0.222947,0.865819
12.78,0.596737,0.000076,0.000114,-0.00676,0.250913,0.967986,0.442899,0.224013,0.868135
12.79,0.602454,-0.000081,0.00004,-0.004318,0.255174,0.966886,0.446249,0.223568,0.866533
12.8,0.608333,-0.000097,0.000135,0.001622,0.255701,0.966755,0.447552,0.232092,0.863615
12.81,0.613956,-0.000184,-0.000035,0.000915,0.251299,0.967909,0.440345,0.246615,0.863294
12.82,0.619592,-0.000148,0.000152,0.004862,0.26116,0.965283,0.439243,0.246597,0.863861
12.83,0.625348,-0.00001,0.000155,-0.001101,0.273746,0.961801,0.448553,0.242809,0.860142
12.84,0.631035,-0.000073,0.00017,0.004779,0.282649,0.959211,0.445964,0.25182,0.858896
12.85,0.636448,-0.000028,0.000092,0.005325,0.286049,0.9582,0.446519,0.259041,0.856457
12.86,0.64171,-0.000097,0.000044,0.004079,0.286018,0.958216,0.447458,0.266278,0.853743
12.87,0.647238,-0.000061,0.000043,-0.001744,0.29439,0.955684,0.449182,0.263695,0.853639
12.88,0.652548,0.000095,0.000121,0.00155,0.30333,0.952884,0.444246,0.271885,0.853653
12.89,0.657781,-0.000064,0.000027,-0.00197,0.314129,0.949378,0.442974,0.28031,0.851587
12.9,0.662834,-0.000055,0.000009,-0.000631,0.315731,0.948848,0.447101,0.288964,0.846523
12.91,0.668012,-0.000046,-0.000031,-0.009582,0.320488,0.947204,0.445652,0.28063,0.850083
12.92,0.6729,0.000132,0.000061,-0.00784,0.33033,0.943833,0.447464,0.302411,0.841619
12.93,0.67788,-0.000067,0.000011,-0.000143,0.335668,0.94198,0.441758,0.3067,0.843081
12.94,0.682554,-0.000041,0.000214,0.005192,0.349136,0.937058,0.448342,0.307271,0.839389
12.95,0.687279,0.000114,-0.000034,0.000077,0.355646,0.934621,0.446645,0.320214,0.835447
12.96,0.69205,0.000044,0.000109,0.006398,0.354586,0.935002,0.441474,0.320442,0.838104
12.97,0.69671,-0.000173,0.000085,-0.003116,0.362244,0.932078,0.441308,0.326618,0.835804
12.98,0.701135,0.000195,0.000035,-0.002192,0.380258,0.924878,0.443648,0.33006,0.833209
12.99,0.705702,-0.000129,0.000012,0.004189,0.371064,0.928598,0.440572,0.333988,0.833276
13,0.709958,0.000057,0.000031,-0.003749,0.38285,0.923803,0.448133,0.343683,0.825263
13.01,0.714426,-0.000088,0.00001,-0.003915,0.385459,0.922717,0.436229,0.348261,0.82971
13.02,0.718717,-0.000113,-0.000104,0.000082,0.396356,0.918097,0.447729,0.347141,0.824034
13.03,0.722789,-0.000128,0.000015,-0.008376,0.405183,0.914197,0.440787,0.368106,0.818661
13.04,0.726903,-0.0001,0.00013,0.000035,0.408998,0.912535,0.437835,0.365961,0.821202
13.05,0.730755,0.000101,0.000169,0.001931,0.412861,0.910792,0.443409,0.373237,0.814913
13.06,0.734683,-0.000047,-0.000019,0.001331,0.420349,0.907361,0.442609,0.375832,0.814155
13.07,0.738571,0.000072,-0.000073,-0.005537,0.42272,0.906243,0.440909,0.385799,0.810407
13.08,0.742382,-0.000144,-0.000021,-0.000991,0.427306,0.904107,0.44577,0.391936,0.804783
13.09,0.745813,0.000155,0.000059,0.005844,0.442028,0.896982,0.4413,0.402144,0.802206
13.1,0.749576,-0.000088,0.000147,-0.000294,0.451799,0.89212,0.442842,0.404582,0.800128
13.11,0.752874,-0.000026,0.000246,-0.00446,0.456923,0.889495,0.442691,0.409611,0.797649
13.12,0.756445,-0.000027,0.000112,-0.007761,0.459052,0.888376,0.439922,0.416437,0.795644
13.13,0.759745,-0.000027,0.000137,-0.003095,0.469181,0.883097,0.437609,0.421508,0.794248
13.14,0.763087,0.000004,0.000023,0.008852,0.475591,0.879622,0.43987,0.421611,0.792943
13.15,0.766268,-0.000024,0.000181,-0.007581,0.478122,0.87826,0.442553,0.429033,0.78745
13.16,0.76939,-0.00005,-0.00016,-0.007066,0.493322,0.869818,0.452339,0.434149,0.77904
13.17,0.772392,0.000037,-0.000026,0.000566,0.498288,0.867012,0.443374,0.449732,0.775345
13.18,0.775072,-0.000128,0.000134,-0.005321,0.501993,0.864855,0.445062,0.447655,0.77558
13.19,0.777986,-0.000069,0.000073,0.005873,0.507375,0.861705,0.441676,0.457275,0.771895
13.2,0.780933,-0.00003,0.000045,-0.008496,0.516984,0.855953,0.443181,0.459392,0.769772
13.21,0.78344,0.000114,0.000147,0.00514,0.528627,0.848839,0.438367,0.465635,0.768777
13.22,0.786055,-0.000151,-0.000015,-0.004225,0.529958,0.848013,0.441512,0.475494,0.760903
13.23,0.788603,-0.000092,0.000131,-0.000391,0.531987,0.846752,0.439461,0.473689,0.763212
13.24,0.790987,-0.000003,0.000111,-0.005957,0.543497,0.83939,0.445962,0.489776,0.749158
13.25,0.793315,-0.000103,0.000025,-0.012449,0.547087,0.836983,0.43915,0.498002,0.747758
13.26,0.795705,-0.000134,0.000012,-0.001869,0.552267,0.833665,0.446972,0.491223,0.747607
13.27,0.797736,-0.000043,-0.000017,-0.006426,0.562525,0.826756,0.440144,0.500963,0.745191
13.28,0.799582,0.000018,0.000143,-0.002829,0.571281,0.82075,0.440423,0.507546,0.740557
13.29,0.801786,-0.000024,0.000145,-0.002909,0.580296,0.814401,0.446222,0.509634,0.735635
13.3,0.803452,-0.000014,-0.000005,-0.00287,0.579336,0.815084,0.44742,0.525545,0.723614
13.31,0.805348,0.000037,0.000147,-0.001919,0.585801,0.810453,0.440907,0.528031,0.725799
13.32,0.806949,0.000082,0.000012,-0.009842,0.589096,0.808003,0.441169,0.529328,0.724694
13.33,0.80856,-0.000044,-0.000074,0.008864,0.599915,0.800015,0.446242,0.542266,0.71191
13.34,0.810175,-0.000003,0.000036,-0.0068,0.608583,0.793461,0.436238,0.545555,0.715588
13.35,0.811658,-0.000056,0.000054,0.002643,0.608362,0.793655,0.449934,0.55136,0.702539
13.36,0.812833,-0.000025,-0.000021,-0.00473,0.628477,0.777814,0.438314,0.555359,0.706723
13.37,0.814177,-0.000037,0.00007,0.003663,0.626663,0.779282,0.437997,0.564416,0.699709
13.38,0.815242,-0.000165,0.000027,-0.000659,0.62739,0.778705,0.444731,0.569449,0.691333
13.39,0.816506,0.000003,0.000132,-0.003536,0.638795,0.769369,0.443618,0.575311,0.687183
13.4,0.817568,0.000015,0.000052,-0.004462,0.648413,0.761276,0.443444,0.580765,0.682693
13.41,0.818265,-0.000111,0.000013,0.003218,0.656245,0.754541,0.445586,0.579328,0.682519
13.42,0.819189,-0.000009,0.000054,0.003293,0.658012,0.753,0.444521,0.586732,0.676865
13.43,0.819873,0.000026,0.000072,0.000753,0.666815,0.745223,0.44323,0.590663,0.674288
13.44,0.820543,-0.000002,0.000006,-0.001961,0.670806,0.741631,0.440841,0.606412,0.661759
13.45,0.820968,0.000014,0.00009,-0.006566,0.676862,0.736081,0.438458,0.611764,0.658407
13.46,0.821489,-0.000065,0.000252,-0.002918,0.681052,0.732229,0.441541,0.61164,0.656459
13.47,0.821803,-0.000048,0.000077,-0.004767,0.693229,0.720702,0.449541,0.61449,0.648317
13.48,0.822039,-0.000018,0.000211,0.000989,0.689742,0.724054,0.439341,0.628443,0.641903
13.49,0.822402,0.000026,0.000105,0.00352,0.706551,0.707654,0.438383,0.624815,0.646085
13.5,0.82242,0.000055,0.00004,-0.006448,0.70443,0.709744,0.44215,0.641226,0.627162
13.51,0.822373,-0.00002,0.000133,0.005061,0.712945,0.701202,0.446472,0.637254,0.628148
13.52,0.822349,0.00003,-0.000123,-0.005962,0.719388,0.694583,0.443007,0.646743,0.620861
13.53,0.822244,0.000176,0.00017,-0.002719,0.720343,0.693613,0.446461,0.647853,0.617219
13.54,0.821841,-0.000103,0.000078,-0.000686,0.73299,0.680239,0.444159,0.655698,0.610559
13.55,0.821422,0.000035,0.000008,-0.000359,0.735348,0.677689,0.45298,0.657179,0.602432
13.56,0.821142,0.00009,-0.000124,0.001772,0.739453,0.673206,0.447755,0.665205,0.59751
13.57,0.820542,-0.00009,-0.000069,-0.003531,0.748471,0.663158,0.446257,0.66171,0.60249
13.58,0.819832,-0.000048,0.000144,-0.004699,0.750411,0.660954,0.436705,0.673193,0.596741
13.59,0.819033,0.000063,0.00023,0.008969,0.756242,0.65423,0.446684,0.68209,0.578987
13.6,0.818407,0.000019,0.000052,-0.000901,0.761169,0.648553,0.441508,0.683171,0.581677
13.61,0.817352,0.000018,0.000087,0.00191,0.762208,0.647329,0.443802,0.691902,0.569483
13.62,0.816529,0.000195,0.000117,0.005872,0.768651,0.639642,0.448324,0.687875,0.570819
13.63,0.815422,0.000108,-0.000064,0.003128,0.781856,0.623452,0.444194,0.698663,0.560858
13.64,0.814117,-0.000061,-0.000004,0.003819,0.782937,0.622089,0.446226,0.704593,0.551753
13.65,0.813019,-0.000056,0.000205,0.005549,0.791607,0.611005,0.443854,0.709156,0.547806
13.66,0.811744,0.000039,0.00002,0.001469,0.792301,0.610128,0.441333,0.710982,0.547476
13.67,0.810228,0.000042,-0.000039,0.002448,0.7971,0.603843,0.446051,0.706971,0.548844
13.68,0.80868,0.000033,0.000073,-0.005391,0.801407,0.598095,0.446337,0.71825,0.533761
13.69,0.807173,0.000077,-0.000018,0.001684,0.809799,0.586705,0.441625,0.721539,0.533244
13.7,0.805344,-0.000102,0.000104,-0.007796,0.809153,0.587546,0.449284,0.728567,0.517044
13.71,0.803467,0.000052,0.000087,-0.001274,0.818217,0.574908,0.435155,0.735363,0.519502
13.72,0.801748,-0.000041,-0.000073,-0.005424,0.821954,0.569529,0.449553,0.734914,0.507744
13.73,0.799851,-0.000044,0.000174,-0.007162,0.82141,0.570293,0.437153,0.740544,0.510385
13.74,0.79768,0.00003,0.000213,-0.004265,0.833133,0.553057,0.440962,0.745703,0.499479
13.75,0.79553,0.000094,-0.000076,0.001606,0.835486,0.54951,0.446387,0.744142,0.496982
13.76,0.793348,-0.00005,0.000042,-0.005305,0.836602,0.547786,0.444002,0.750418,0.489628
13.77,0.790956,0.000002,0.000198,0.001116,0.843578,0.537006,0.439419,0.75352,0.488997
13.78,0.788391,-0.000025,-0.000009,0.000069,0.848769,0.528764,0.444442,0.759337,0.475266
13.79,0.786165,-0.000066,0.000093,0.003904,0.852414,0.522852,0.438655,0.768624,0.465617
13.8,0.783453,0.00003,0.000142,0.003489,0.850933,0.525262,0.44553,0.767775,0.46046
13.81,0.780791,-0.000024,-0.00007,-0.001287,0.857711,0.514131,0.450463,0.767165,0.456663
13.82,0.778106,0.000046,0.000005,-0.000185,0.865666,0.500621,0.44933,0.773701,0.446642
13.83,0.775344,-0.00021,-0.000108,0.002558,0.870801,0.49163,0.447355,0.777938,0.441232
13.84,0.772208,-0.000071,0.000055,0.003238,0.87209,0.489335,0.4361,0.781546,0.446097
13.85,0.76932,-0.000035,0.000117,-0.003595,0.873918,0.48606,0.44327,0.784011,0.434556
13.86,0.766199,-0.000139,-0.000055,-0.002364,0.878762,0.477254,0.446885,0.787664,0.424122
13.87,0.763254,-0.000234,0.000038,0.000138,0.881946,0.471351,0.447958,0.790325,0.417995
13.88,0.759943,0.000013,-0.000019,0.003408,0.884284,0.466936,0.441609,0.795064,0.415757
13.89,0.756478,0.000047,0.000159,0.000012,0.892497,0.451053,0.442434,0.799606,0.406056
13.9,0.752979,0.000038,0.000076,0.004967,0.889256,0.457383,0.443829,0.799965,0.403822
13.91,0.749651,0.000093,0.000024,0.011105,0.898341,0.439159,0.450191,0.803422,0.389668
13.92,0.745843,0.000006,0.000209,-0.003085,0.898628,0.4387,0.445728,0.805061,0.391413
13.93,0.742362,-0.000009,0.000263,0.004973,0.903154,0.429288,0.43574,0.811172,0.390039
13.94,0.738463,0.00005,0.000004,-0.003111,0.905528,0.424276,0.442268,0.810538,0.383962
13.95,0.734728,-0.000021,0.000186,-0.004117,0.908865,0.41707,0.439679,0.815827,0.375644
13.96,0.730732,-0.000075,-0.000085,-0.008746,0.911723,0.410712,0.441368,0.818481,0.367808
13.97,0.726866,-0.000069,0.00009,-0.00681,0.915469,0.402331,0.440164,0.81971,0.366512
13.98,0.72266,-0.00006,0.000144,-0.002671,0.920729,0.390195,0.439879,0.825278,0.354151
13.99,0.718589,0.000026,0.0001,0.002117,0.918985,0.394288,0.439943,0.824523,0.355827
14,0.714346,-0.000165,0.00014,-0.003781,0.923228,0.384234,0.445076,0.831765,0.331774
14.01,0.710085,0.000057,-0.000122,0.005582,0.930201,0.367009,0.43582,0.835231,0.335336
14.02,0.705542,-0.000216,-0.000023,-0.000324,0.926804,0.375544,0.445098,0.832559,0.329747
14.03,0.701315,0.000021,0.000051,0.006733,0.931148,0.364579,0.449275,0.833352,0.321989
14.04,0.696697,0.000038,0.000027,0.006461,0.934593,0.35566,0.443356,0.836268,0.322633
14.05,0.692105,-0.000016,-0.000137,-0.008034,0.934636,0.355515,0.44509,0.839104,0.312727
14.06,0.687346,0.00009,0.000019,-0.007113,0.9389,0.344116,0.445558,0.842274,0.303402
14.07,0.682601,-0.000082,0.000011,-0.000023,0.943022,0.33273,0.446525,0.841302,0.304676
14.08,0.677871,-0.000052,-0.000036,0.006845,0.941862,0.335929,0.437011,0.848633,0.298068
14.09,0.672586,-0.000079,-0.000118,-0.002818,0.946524,0.322622,0.442185,0.846603,0.296201
14.1,0.667709,0.000041,0.000115,0.008339,0.94843,0.316878,0.436098,0.851618,0.290801
14.11,0.662638,0.000046,0.000094,0.007185,0.950542,0.310511,0.446462,0.848794,0.283231
14.12,0.657602,0.000035,-0.000088,-0.001241,0.951956,0.306232,0.446354,0.852384,0.272413
14.13,0.652358,-0.000154,-0.000043,0.001774,0.953353,0.301854,0.448638,0.853199,0.266036
14.14,0.647261,-0.000145,-0.000047,0.007165,0.957159,0.289475,0.447351,0.854092,0.265339
14.15,0.641752,-0.000012,0.000024,-0.001658,0.95838,0.28549,0.447416,0.856101,0.258669
14.16,0.63649,-0.000091,-0.000059,0.00704,0.959729,0.280839,0.435764,0.865184,0.248126
14.17,0.630881,-0.000026,-0.000028,-0.003888,0.962578,0.270978,0.455237,0.856932,0.241717
14.18,0.625389,0.000129,0.000002,-0.006507,0.965999,0.258465,0.451124,0.859045,0.241927
14.19,0.619741,0.000089,-0.000004,-0.00287,0.966379,0.257104,0.438938,0.867314,0.234734
14.2,0.613967,-0.000125,0.000087,-0.000222,0.966554,0.256464,0.445227,0.865473,0.229629
14.21,0.608323,-0.000043,0.000056,0.001221,0.967587,0.252535,0.439688,0.869899,0.223496
14.22,0.602559,0.000045,-0.00007,-0.003649,0.969519,0.244988,0.445327,0.866667,0.224884
14.23,0.596551,-0.000021,0.000115,-0.003137,0.971722,0.236107,0.443953,0.869709,0.215667
14.24,0.590571,-0.000087,0.000011,0.0097,0.972597,0.232295,0.453486,0.86474,0.215814
14.25,0.584409,-0.000033,-0.000001,-0.00232,0.974288,0.225293,0.442141,0.872569,0.207688
14.26,0.578514,-0.000121,0.000013,-0.001286,0.975081,0.221847,0.448498,0.869625,0.206401
14.27,0.572234,-0.000124,0.000112,-0.00031,0.976627,0.214942,0.437791,0.878118,0.192998
14.28,0.566063,0.000007,-0.000047,-0.006163,0.975559,0.219651,0.457573,0.868528,0.190488
14.29,0.559833,-0.000179,0.000009,-0.001264,0.977,0.213235,0.45065,0.872985,0.186579
14.3,0.553441,0.000019,0.000066,0.001515,0.9802,0.198005,0.438069,0.881726,0.175085
14.31,0.547069,0.000041,0.000067,-0.00051,0.980803,0.195003,0.444797,0.8778,0.17783
14.32,0.54067,0.000034,0.000044,0.007636,0.980929,0.194215,0.447262,0.877056,0.175295
14.33,0.534078,-0.000004,0.000013,0.000749,0.981235,0.192813,0.446069,0.879066,0.168123
14.34,0.527559,0.000064,0.000124,-0.007551,0.984477,0.175352,0.442053,0.882333,0.161486
14.35,0.520855,-0.000145,0.000045,0.00115,0.985054,0.172242,0.441634,0.881919,0.164855
14.36,0.514184,0.000064,0.000016,-0.00672,0.983283,0.181961,0.449437,0.882441,0.138939
14.37,0.507427,0.000031,0.000008,0.004519,0.987861,0.155274,0.436125,0.888697,0.141465
14.38,0.500626,0.000117,0.000179,0.003503,0.98709,0.160129,0.451779,0.880951,0.140785
14.39,0.493834,-0.000009,-0.000035,-0.008475,0.987709,0.156075,0.446032,0.884405,0.137418
14.4,0.486914,-0.000028,0.000069,-0.000209,0.989579,0.143991,0.445484,0.883984,0.14183
14.41,0.479852,-0.000034,0.000033,-0.003117,0.988333,0.152277,0.447103,0.886411,0.119895
14.42,0.472904,0.000092,0.000081,0.003372,0.991312,0.131485,0.444298,0.887066,0.125355
14.43,0.46566,-0.000117,-0.000088,0.004551,0.991495,0.130065,0.443234,0.887792,0.123967
14.44,0.458612,0.000016,0.000084,-0.009737,0.991841,0.127111,0.445907,0.886527,0.123433
14.45,0.451455,-0.00001,-0.000016,-0.005415,0.991594,0.129273,0.439864,0.890651,0.115155
14.46,0.44416,-0.000155,-0.000025,0.000452,0.992514,0.12213,0.449535,0.887649,0.099987
14.47,0.437136,-0.00015,0.000158,-0.006674,0.993604,0.112724,0.447233,0.887804,0.108565
14.48,0.429808,-0.000049,0.000045,-0.002559,0.994062,0.108783,0.445947,0.889768,0.097175
14.49,0.422271,-0.000035,0.000107,-0.00703,0.994969,0.099939,0.447307,0.888554,0.101924
14.5,0.414912,0.000054,0.000153,-0.006558,0.994765,0.101982,0.436319,0.894868,0.094006
14.51,0.407482,-0.000005,0.000044,-0.000718,0.994979,0.100083,0.44038,0.893083,0.092018
14.52,0.399979,-0.00013,0.000084,0.007139,0.994876,0.100851,0.443091,0.892675,0.082473
14.53,0.392419,-0.000108,0.000237,-0.000421,0.995926,0.09017,0.44681,0.891217,0.078061
14.54,0.384726,-0.000109,0.000073,-0.008542,0.995483,0.094553,0.443058,0.893283,0.075794
14.55,0.377009,-0.000102,-0.000084,0.001531,0.995948,0.089921,0.441314,0.89425,0.074558
14.56,0.36942,-0.000045,0.000077,0.001622,0.996857,0.0792,0.437385,0.896814,0.066478
14.57,0.361886,0.000037,0.000152,-0.009193,0.996546,0.082526,0.440122,0.895135,0.0709
14.58,0.354087,-0.000074,0.000146,-0.003992,0.996924,0.078275,0.440085,0.895038,0.072328
14.59,0.3462,-0.000087,0.000182,-0.013853,0.997142,0.074265,0.448817,0.891075,0.067446
14.6,0.33848,-0.000014,0.000114,-0.001034,0.998192,0.060101,0.447023,0.89213,0.065388
14.61,0.33062,-0.000152,0.000041,0.017226,0.99752,0.068238,0.445248,0.893473,0.058827
14.62,0.322536,-0.000023,-0.00001,-0.003414,0.997892,0.064806,0.444237,0.894263,0.054282
14.63,0.314817,0.000012,-0.000022,-0.004868,0.998353,0.05716,0.43628,0.898305,0.052041
14.64,0.306723,-0.000139,0.000052,0.002461,0.99854,0.053957,0.434009,0.899585,0.048823
14.65,0.298764,-0.000011,-0.000119,0.007241,0.99871,0.050259,0.44522,0.894285,0.045088
14.66,0.290646,0.000011,0.000075,0.000433,0.998577,0.05332,0.436409,0.89895,0.037894
14.67,0.282704,-0.000146,0.000094,-0.014904,0.999259,0.035491,0.441169,0.896572,0.039086
14.68,0.274443,-0.000017,0.000084,0.007244,0.999177,0.039902,0.443831,0.895244,0.039393
14.69,0.266426,-0.000084,0.000065,0.002027,0.999206,0.039781,0.439946,0.897177,0.038999
14.7,0.258101,-0.000157,0.000097,0.007637,0.998754,0.049315,0.451508,0.891736,0.030796
14.71,0.250007,-0.000175,-0.000026,-0.002536,0.999338,0.036279,0.440649,0.896979,0.035442
14.72,0.241795,0.000102,0.00014,0.001663,0.999296,0.037475,0.441354,0.896916,0.027358
14.73,0.233617,-0.000189,0.00004,0.006901,0.999426,0.033164,0.449283,0.892769,0.033295
14.74,0.225318,0.000001,0.000085,-0.000487,0.999694,0.024743,0.447666,0.893783,0.027336
14.75,0.216961,0.00012,0.000177,0.005222,0.999583,0.028399,0.442817,0.896448,0.017177
14.76,0.208654,-0.000119,0.000228,-0.00001,0.999802,0.019902,0.441084,0.897101,0.02558
14.77,0.200272,0.000071,0.000215,-0.005728,0.999602,0.027612,0.443297,0.896104,0.022047
14.78,0.191873,-0.000008,0.000018,0.002311,0.999871,0.01592,0.441441,0.897184,0.013771
14.79,0.183615,-0.000006,0.000218,0.006965,0.999707,0.023194,0.447171,0.894264,0.018194
14.8,0.175217,-0.000035,0.000147,0.011111,0.999745,0.019637,0.439915,0.898039,-0.000317
14.81,0.166717,-0.000066,0.000244,-0.003126,0.999838,0.017708,0.441291,0.897355,0.004038
14.82,0.158226,-0.000076,0.000052,0.002375,0.999942,0.010549,0.447251,0.89425,0.016821
14.83,0.149745,-0.000218,0.000141,-0.000073,0.999945,0.010468,0.442778,0.896461,0.017467
14.84,0.141292,-0.000081,0.000016,-0.004936,0.999824,0.018127,0.44384,0.896083,0.006459
14.85,0.132783,-0.000128,0.000063,0.001701,0.999989,0.0043,0.444391,0.895801,0.007515
14.86,0.124571,0.00003,0.000114,0.004156,0.999964,0.007396,0.439501,0.898193,0.009367
14.87,0.11571,-0.000036,-0.000055,-0.005262,0.999949,0.00864,0.447013,0.894518,0.004065
14.88,0.107376,-0.000054,0.000052,0.004527,0.999969,0.006409,0.446404,0.894792,0.008395
14.89,0.098756,-0.000085,-0.000084,-0.006978,0.99996,0.005596,0.445131,0.895459,0.003297
14.9,0.090258,-0.000155,-0.000055,-0.001543,0.999997,-0.001911,0.438242,0.898856,-0.001479
14.91,0.081616,-0.000095,0.000071,0.008429,0.999941,0.00685,0.436949,0.899485,0.001738
14.92,0.073156,-0.000012,0.000066,0.00184,0.999998,0.000249,0.439255,0.898362,-0.000881
14.93,0.064487,0.000041,-0.000113,0.005352,0.999977,0.004167,0.443526,0.896247,0.004996
14.94,0.055928,-0.000115,-0.000059,-0.001379,0.999985,0.005327,0.441385,0.897308,-0.004091
14.95,0.0473,-0.000068,0.000099,-0.006223,0.999957,0.006837,0.441255,0.897378,-0.002605
14.96,0.038795,-0.000237,0.000042,0.004727,0.999988,0.000841,0.445647,0.895151,-0.010131
14.97,0.030264,0.000042,0.000175,0.004816,0.999988,0.000358,0.451039,0.892493,0.004559
14.98,0.021494,-0.000159,-0.00005,-0.005238,0.999986,0.000991,0.445468,0.895295,0.00242
14.99,0.012936,0.00005,-0.000015,0.005429,0.999984,-0.001814,0.446795,0.894627,0.004043
15,0.004238,-0.000011,-0.000104,-0.001205,0.99998,0.006131,0.43662,0.89964,-0.003208
15.01,-0.004382,0.000107,0.000239,0.001448,0.999998,0.001005,0.444897,0.895576,0.003193
15.02,-0.012973,0.000126,0.000003,0.000942,0.999991,-0.004128,0.4425,0.896767,-0.001365
15.03,-0.021645,-0.000229,0.000132,-0.005424,0.999985,0.001128,0.441916,0.897043,-0.004931
15.04,-0.030215,0.00017,0.000077,-0.00524,0.999986,0.000343,0.431964,0.901889,-0.00197
15.05,-0.038771,-0.000191,0.000179,0.002307,0.999995,-0.002356,0.444004,0.896024,-0.001437
15.06,-0.04742,-0.000048,-0.000144,0.006566,0.999954,0.007054,0.442469,0.896778,-0.003114
15.07,-0.055904,0.000053,-0.000004,-0.004313,0.99999,0.000674,0.440833,0.897572,-0.005565
15.08,-0.064566,0.000001,0.000133,-0.004758,0.999981,-0.003943,0.440834,0.89755,0.008392
15.09,-0.073148,0.000117,0.000028,0.001447,0.999972,0.007325,0.439783,0.898102,-0.002233
15.1,-0.081784,-0.000074,-0.000173,0.000408,0.999891,0.014779,0.443419,0.896234,0.011994
15.11,-0.090367,0.000054,0.000072,-0.003322,0.999994,-0.001229,0.442439,0.896799,-0.000574
15.12,-0.098924,-0.000003,-0.000127,-0.002175,0.999976,0.006553,0.437194,0.899279,0.012618
15.13,-0.107422,0.000012,0.00011,0.004198,0.999914,0.01242,0.442747,0.896642,0.002767
15.14,-0.115998,0.000046,0.000212,-0.003332,0.999989,0.003246,0.437437,0.899133,0.014448
15.15,-0.124488,0.000031,-0.000087,-0.000736,0.999956,0.009401,0.439193,0.898336,0.01012
15.16,-0.133129,0.00002,0.000053,0.000397,0.999959,0.009073,0.437531,0.899199,0.002889
15.17,-0.141432,-0.000084,0.000023,-0.008646,0.999918,0.009497,0.444491,0.895727,0.009992
15.18,-0.149855,0.000117,0.00003,0.001234,0.999931,0.011721,0.43476,0.900456,0.012785
15.19,-0.15853,0.000078,0.000102,-0.000624,0.999939,0.011008,0.439114,0.898308,0.014892
15.2,-0.16677,-0.000017,0.000252,0.005225,0.999806,0.018999,0.44499,0.895343,0.018564
15.21,-0.175247,0.000012,-0.000113,-0.002364,0.999686,0.024937,0.441856,0.896864,0.019955
15.22,-0.183709,-0.000093,0.000047,0.006626,0.999721,0.022652,0.441729,0.896888,0.021617
15.23,-0.192014,-0.000099,0.0002,-0.003629,0.999701,0.024197,0.445766,0.894624,0.03068
15.24,-0.200501,-0.000072,0.00007,0.002825,0.999787,0.020457,0.446964,0.894343,0.019336
15.25,-0.20886,0.000017,0.000104,-0.000935,0.999355,0.035901,0.435074,0.900056,0.024697
15.26,-0.217095,0.000134,0.000056,-0.007835,0.999535,0.029478,0.445519,0.894888,0.02625
15.27,-0.225341,-0.000117,-0.000097,0.000122,0.999582,0.028908,0.447059,0.894159,0.02485
15.28,-0.233691,-0.000061,0.000009,-0.001659,0.999473,0.032425,0.444003,0.895569,0.028586
15.29,-0.241814,-0.000242,-0.00005,0.000616,0.999266,0.0383,0.443635,0.895643,0.031801
15.3,-0.250259,0.000084,0,0.003766,0.999097,0.042309,0.436906,0.899115,0.026573
15.31,-0.258336,-0.000129,0.000128,0.000328,0.999052,0.04354,0.448431,0.893144,0.034682
15.32,-0.26649,-0.000014,-0.000128,0.005696,0.999389,0.034479,0.448746,0.89292,0.03635
15.33,-0.274485,0.000001,0.000097,0.003945,0.999169,0.040579,0.448653,0.893054,0.034116
15.34,-0.282583,-0.00005,0.000035,-0.000673,0.99931,0.03713,0.433801,0.900279,0.036251
15.35,-0.290701,0.000004,0.000028,0.00394,0.998421,0.056037,0.44273,0.895365,0.048074
15.36,-0.298801,-0.000077,0.000112,0.007607,0.998156,0.060215,0.451561,0.891089,0.045308
15.37,-0.306731,-0.000033,0.000214,0.01166,0.998311,0.056905,0.436636,0.898274,0.049526
15.38,-0.314921,-0.000053,0.000199,0.003536,0.998631,0.052179,0.44242,0.895022,0.056579
15.39,-0.322763,-0.000173,0.000171,0.001526,0.998152,0.060743,0.439228,0.896284,0.061264
15.4,-0.330583,-0.000137,0.000117,0.001151,0.997367,0.072515,0.442995,0.894343,0.062496
15.41,-0.338588,-0.00015,0.000036,0.002059,0.997545,0.070003,0.44213,0.894844,0.061445
15.42,-0.346372,-0.000129,0.000017,-0.011784,0.997054,0.075798,0.437206,0.896716,0.06893
15.43,-0.354211,-0.000028,0.000047,0.002661,0.996948,0.078023,0.442446,0.894244,0.067601
15.44,-0.361812,-0.000073,-0.000067,-0.010197,0.99703,0.07633,0.440487,0.895403,0.065004
15.45,-0.369707,-0.000054,0.000184,-0.003193,0.995312,0.096665,0.441957,0.894183,0.071489
15.46,-0.377192,-0.000089,0.000132,0.004986,0.99627,0.086149,0.442607,0.893284,0.078373
15.47,-0.385,0.000056,0.000016,-0.002999,0.995889,0.090532,0.445558,0.89138,0.083182
15.48,-0.392422,0.000022,0.000025,-0.010563,0.994968,0.099639,0.443913,0.891512,0.090267
15.49,-0.400008,-0.000126,0.000043,0.003048,0.99467,0.103065,0.443526,0.891825,0.089067
15.5,-0.407445,0.000326,0.000111,-0.002088,0.994309,0.106514,0.451455,0.886863,0.0983
15.51,-0.414991,-0.000121,0.000142,-0.0001,0.995161,0.098257,0.440398,0.89151,0.106115
15.52,-0.422557,-0.000103,0.000081,0.005599,0.993616,0.112679,0.438056,0.89228,0.109289
15.53,-0.429885,0.000102,0.000145,-0.003781,0.994041,0.108941,0.436075,0.893581,0.106542
15.54,-0.437149,-0.000081,-0.000066,0.005191,0.991759,0.12801,0.439254,0.891571,0.11026
15.55,-0.444494,0.000006,0.000104,-0.002833,0.991785,0.127887,0.44135,0.89039,0.111427
15.56,-0.451563,-0.000009,0.000001,-0.000655,0.991051,0.133483,0.434571,0.89182,0.125717
15.57,-0.458736,-0.000162,0.00005,-0.000436,0.9918,0.127795,0.446207,0.887648,0.113929
15.58,-0.465762,0.000083,0.000009,-0.004156,0.989992,0.141062,0.438708,0.889729,0.126168
15.59,-0.472993,0.000088,0.000206,-0.003018,0.988358,0.152117,0.44905,0.885281,0.120957
15.6,-0.480115,-0.00007,0.00007,-0.002999,0.988296,0.152521,0.436195,0.889296,0.137429
15.61,-0.486845,-0.000106,0.000106,-0.004016,0.987675,0.15647,0.441725,0.886318,0.138993
15.62,-0.493893,0.000175,0.000087,0.003163,0.98713,0.159888,0.448191,0.883196,0.138166
15.63,-0.500739,-0.000062,0.000142,0.001949,0.986996,0.160734,0.439563,0.885992,0.147658
15.64,-0.507473,-0.000128,0.000069,0.016127,0.986781,0.161256,0.436873,0.886189,0.154308
15.65,-0.514399,-0.000099,-0.000064,0.001278,0.986357,0.164615,0.439879,0.885307,0.150793
15.66,-0.521091,-0.000093,-0.000036,-0.001733,0.982404,0.186762,0.446076,0.880245,0.161818
15.67,-0.527565,0.000037,0.000029,0.008072,0.983081,0.182993,0.439994,0.88159,0.170894
15.68,-0.534288,0.000038,-0.000128,-0.002624,0.98109,0.193534,0.444135,0.878688,0.175076
15.69,-0.540879,0.000031,0.000107,-0.005589,0.981363,0.192083,0.432902,0.883992,0.176504
15.7,-0.547085,-0.000052,-0.000061,-0.004212,0.97775,0.209729,0.440456,0.878509,0.184986
15.71,-0.553615,0.000017,-0.000017,0.008681,0.980574,0.195959,0.445196,0.87597,0.185679
15.72,-0.559972,-0.000155,-0.000052,0.001339,0.97757,0.210606,0.44929,0.872389,0.192551
15.73,-0.566115,0.000007,-0.000052,-0.003866,0.976667,0.214722,0.43446,0.879035,0.196322
15.74,-0.5725,-0.000082,0.000098,-0.002279,0.974526,0.224262,0.439819,0.876247,0.196852
15.75,-0.578661,-0.000047,-0.000138,-0.001099,0.974845,0.222881,0.445947,0.870466,0.208373
15.76,-0.584759,0.000004,0.000128,-0.000442,0.972435,0.233172,0.443871,0.870864,0.211127
15.77,-0.590776,-0.0001,0.00012,-0.001116,0.969135,0.246529,0.440731,0.871051,0.216857
15.78,-0.59667,-0.00008,0.000095,-0.006174,0.97013,0.242506,0.440437,0.86808,0.229024
15.79,-0.602515,0.000065,0.000119,0.003913,0.968723,0.248112,0.441031,0.869984,0.220497
15.8,-0.608412,-0.000043,0.000045,-0.016015,0.966895,0.254673,0.434821,0.869379,0.234758
15.81,-0.614244,-0.000118,0.000135,-0.004936,0.962339,0.271809,0.443232,0.865252,0.234274
15.82,-0.61996,0.000055,0.000075,0.003225,0.961339,0.27535,0.451006,0.859802,0.239446
15.83,-0.62546,0.000015,0.000092,-0.001161,0.961343,0.27535,0.441962,0.862698,0.245808
15.84,-0.630901,-0.000067,0.00003,-0.010064,0.957651,0.287757,0.446008,0.857537,0.256336
15.85,-0.636519,0.000132,0.000133,-0.00194,0.957546,0.288273,0.438702,0.861193,0.256687
15.86,-0.641998,-0.000062,-0.000012,-0.001542,0.954468,0.29831,0.443802,0.857356,0.260731
15.87,-0.647266,-0.000014,0.000251,-0.003465,0.952657,0.304027,0.44362,0.856423,0.264085
15.88,-0.652706,0.000058,0.000088,0.004595,0.953785,0.300453,0.436959,0.857215,0.272486
15.89,-0.657815,-0.000045,0.000007,-0.006994,0.952978,0.302958,0.447045,0.851456,0.274179
15.9,-0.662884,0.000056,-0.000083,-0.002254,0.945262,0.326306,0.444649,0.849332,0.28447
15.91,-0.667836,-0.000065,0.000182,0.000013,0.945312,0.326168,0.441584,0.849864,0.287635
15.92,-0.672904,0.000076,0.0001,0.006785,0.944806,0.327559,0.436362,0.848608,0.299086
15.93,-0.67776,-0.000027,-0.000022,0.005153,0.943165,0.332284,0.440401,0.844221,0.305512
15.94,-0.682637,0.00003,0.000234,-0.001191,0.941075,0.338196,0.441436,0.842284,0.309342
15.95,-0.687637,-0.000049,0.000143,-0.003043,0.93712,0.348994,0.446464,0.834845,0.32203
15.96,-0.692262,-0.000052,0.000236,0.005631,0.935226,0.354006,0.441691,0.840375,0.314131
15.97,-0.696644,-0.000109,0.000175,0.001458,0.930532,0.366207,0.444128,0.834099,0.327154
15.98,-0.701203,0.000036,0.000084,-0.001704,0.929499,0.368821,0.441873,0.831799,0.335944
15.99,-0.705747,-0.000108,0.000006,-0.004986,0.930223,0.366962,0.441592,0.833405,0.332314
16,-0.710088,-0.000019,0.000213,0.001017,0.92128,0.388899,0.43305,0.833164,0.343956
16.01,-0.714487,-0.000241,0.000022,-0.001261,0.920424,0.39092,0.446293,0.8228,0.351885
16.02,-0.718662,0.000002,0.000057,0.001718,0.91779,0.397062,0.442439,0.821479,0.35975
16.03,-0.722907,0.000099,-0.000007,0.001664,0.915616,0.40205,0.448707,0.820137,0.355018
16.04,-0.726843,-0.000056,-0.000053,-0.001363,0.912911,0.408156,0.440923,0.821356,0.361885
16.05,-0.730772,-0.00025,-0.000023,0.006665,0.904841,0.425697,0.44206,0.813987,0.376838
16.06,-0.734767,-0.000062,0.000117,-0.002803,0.906951,0.421226,0.446377,0.809382,0.381639
16.07,-0.738643,-0.00007,0.00024,-0.001036,0.9004,0.435062,0.441787,0.809642,0.3864
16.08,-0.742402,-0.000045,-0.000043,-0.000713,0.901086,0.433641,0.440729,0.809591,0.387711
16.09,-0.746115,0.000026,0.000101,0.010185,0.895617,0.444709,0.437264,0.805174,0.400619
16.1,-0.749635,-0.000092,0.000112,0.000061,0.890438,0.455105,0.451749,0.794176,0.406456
16.11,-0.753287,-0.00006,0.00003,-0.009227,0.887282,0.461136,0.448265,0.796951,0.40488
16.12,-0.756633,-0.000017,-0.000006,-0.003105,0.89024,0.455482,0.435833,0.802093,0.408286
16.13,-0.759966,0.000127,0.000117,0.00355,0.88448,0.466565,0.449113,0.78791,0.421302
16.14,-0.763046,-0.000026,0.000137,0.001761,0.879513,0.475872,0.435187,0.788782,0.434091
16.15,-0.766252,0.000076,0.000259,0.000876,0.876819,0.480819,0.444253,0.784904,0.431932
16.16,-0.769427,-0.000007,0.000048,-0.006397,0.868909,0.494931,0.440124,0.787427,0.431567
16.17,-0.772716,-0.000151,0.000054,-0.003161,0.867525,0.497384,0.441071,0.782147,0.440116
16.18,-0.775271,-0.00008,0.000152,-0.002938,0.868285,0.496057,0.43808,0.780418,0.446133
16.19,-0.778047,-0.000065,0.000177,-0.00307,0.858971,0.512016,0.446645,0.767681,0.459537
16.2,-0.780753,0.000011,-0.000032,0.006513,0.854604,0.51924,0.448022,0.768766,0.456371
16.21,-0.783439,-0.000043,0.00002,-0.000782,0.852947,0.521997,0.444542,0.763689,0.468148
16.22,-0.786132,-0.000076,0.000147,-0.00044,0.849859,0.52701,0.444182,0.754925,0.482483
16.23,-0.788564,0.000078,0.000104,0.013825,0.842277,0.538868,0.442695,0.761214,0.473893
16.24,-0.791104,-0.000043,0.00013,-0.001497,0.848861,0.528615,0.441415,0.751556,0.490222
16.25,-0.793386,0.000226,0.000032,-0.001947,0.832821,0.553539,0.443916,0.744814,0.498187
16.26,-0.795631,0.000072,0.000119,-0.000427,0.825625,0.564219,0.4455,0.74227,0.500564
16.27,-0.797724,-0.000049,0.000091,0.00322,0.826632,0.562733,0.438772,0.739737,0.510165
16.28,-0.799703,0.000038,0.000027,-0.001454,0.826263,0.563283,0.436942,0.736781,0.51598
16.29,-0.801705,0.000045,0.00012,0.000516,0.815134,0.579272,0.443335,0.73753,0.509414
16.3,-0.803891,-0.000106,-0.000014,0.001504,0.807577,0.589761,0.443101,0.724151,0.528456
16.31,-0.805432,-0.000013,0.000134,0.003695,0.808913,0.587916,0.4425,0.721234,0.532932
16.32,-0.807061,-0.00004,0.000056,-0.003652,0.800728,0.599018,0.438413,0.719835,0.538174
16.33,-0.808575,-0.000082,0.00008,-0.004781,0.795613,0.605786,0.43415,0.718136,0.543869
16.34,-0.810117,0.000002,-0.000125,-0.000452,0.79362,0.608413,0.434561,0.716388,0.545843
16.35,-0.811657,-0.000062,0.000044,-0.001821,0.789398,0.613879,0.441725,0.708355,0.550556
16.36,-0.812945,0.000012,0.000031,-0.001856,0.78124,0.624228,0.44407,0.703788,0.554513
16.37,-0.814217,0.000009,0.000063,0.002198,0.780167,0.625567,0.441702,0.697273,0.564544
16.38,-0.815438,-0.000007,0.000024,0.000419,0.770404,0.637556,0.442563,0.688515,0.57453
16.39,-0.816584,-0.000026,-0.00003,-0.005043,0.765827,0.643027,0.432079,0.689658,0.581103
16.4,-0.817643,0.000085,0.000033,0.001677,0.75893,0.65117,0.438287,0.690409,0.575535
16.41,-0.818436,-0.00004,0.000056,-0.004337,0.754614,0.656155,0.446809,0.680875,0.58032
16.42,-0.819242,-0.000023,-0.000017,0.005704,0.748424,0.663196,0.442988,0.671817,0.593653
16.43,-0.819884,-0.000089,0.000144,-0.001075,0.748037,0.663657,0.444525,0.666189,0.598824
16.44,-0.820763,-0.000121,0.00014,-0.003415,0.742052,0.670334,0.451085,0.663333,0.597086
16.45,-0.82115,-0.000087,0.000086,-0.005501,0.732671,0.680561,0.44449,0.660386,0.605243
16.46,-0.821679,-0.000022,-0.00014,0.000765,0.733251,0.679958,0.435812,0.651197,0.621297
16.47,-0.821988,-0.000085,0.000101,-0.002239,0.7211,0.692827,0.44687,0.648024,0.616743
16.48,-0.822142,-0.000103,0.000194,0.000303,0.717464,0.696595,0.448584,0.645989,0.617633
16.49,-0.822451,-0.000208,-0.000154,-0.00526,0.709933,0.704249,0.443465,0.642175,0.62526
16.5,-0.822355,-0.000036,-0.000003,-0.008128,0.704119,0.710036,0.443954,0.633931,0.633274
16.51,-0.822554,-0.000124,0.000172,-0.003201,0.702103,0.712068,0.443722,0.628901,0.638431
16.52,-0.822406,0.000128,0.000036,-0.00695,0.697073,0.716966,0.444009,0.623896,0.643125
16.53,-0.822424,0.000045,0.000021,-0.001493,0.690849,0.722997,0.44506,0.616391,0.649603
16.54,-0.821969,0.000108,0.000031,-0.000216,0.684155,0.729337,0.442027,0.61352,0.654375
16.55,-0.821486,-0.000029,-0.000012,-0.00182,0.680014,0.733197,0.440276,0.615044,0.654124
16.56,-0.821092,-0.000081,0.000161,-0.001665,0.671288,0.741195,0.442326,0.602964,0.663914
16.57,-0.820512,-0.000023,0.000107,0.006357,0.657036,0.753833,0.443948,0.593694,0.671146
16.58,-0.819916,-0.000053,0.000132,0.001457,0.663498,0.748177,0.435084,0.592635,0.677854
16.59,-0.819264,0.000025,-0.000029,0.005765,0.655498,0.755175,0.444921,0.577575,0.684436
16.6,-0.818425,0.000008,-0.000015,0.001128,0.645308,0.763922,0.446818,0.573497,0.686626
16.61,-0.81757,-0.000075,0.000117,0.002141,0.641124,0.767434,0.435425,0.578317,0.689895
16.62,-0.816606,0.00001,0.000187,0.004391,0.626543,0.779375,0.443887,0.569683,0.691683
16.63,-0.815433,-0.000169,0.000065,-0.004701,0.62909,0.777318,0.442878,0.569265,0.692674
16.64,-0.814204,-0.000053,0.000151,-0.006339,0.62667,0.779259,0.443392,0.554304,0.704379
16.65,-0.812983,0.000009,0.000031,-0.003313,0.625142,0.780504,0.43995,0.554504,0.706378
16.66,-0.811734,-0.00005,0.00006,-0.008999,0.612628,0.79032,0.442428,0.549947,0.708389
16.67,-0.810207,0.000009,0.000028,0.003483,0.603305,0.797503,0.445349,0.541137,0.713327
16.68,-0.808722,0.000006,-0.000087,0.003052,0.594726,0.803923,0.447706,0.530426,0.719867
16.69,-0.80718,-0.000097,0.000037,0.00069,0.589022,0.808117,0.448394,0.527478,0.721602
16.7,-0.805435,-0.00005,-0.000021,-0.008768,0.581155,0.813746,0.441545,0.517135,0.733218
16.71,-0.803562,-0.000003,-0.000089,0.005517,0.575165,0.818019,0.444594,0.519644,0.729593
16.72,-0.80174,-0.000126,0.000203,-0.005475,0.567058,0.82366,0.440002,0.514852,0.735748
16.73,-0.799814,-0.000062,0.000062,-0.000859,0.570551,0.821262,0.446903,0.503339,0.739545
16.74,-0.797738,-0.000032,0.00019,0.001082,0.552687,0.833388,0.447113,0.497918,0.74308
16.75,-0.795558,0.000046,0.000153,0.001363,0.548389,0.836222,0.447896,0.481615,0.753284
16.76,-0.793434,0.00012,0.000115,0.007431,0.538407,0.842652,0.446839,0.484287,0.752197
16.77,-0.790949,-0.000103,0.000126,0.007973,0.53977,0.841775,0.442772,0.48565,0.753722
16.78,-0.788594,-0.000074,0.000254,-0.001736,0.527355,0.849643,0.446081,0.47339,0.759548
16.79,-0.786091,-0.000048,0.000072,-0.002033,0.526058,0.850446,0.440218,0.467253,0.766735
16.8,-0.783485,0.000072,0.000106,0.007104,0.519076,0.854699,0.448135,0.460134,0.766454
16.81,-0.780797,0.000101,-0.000052,-0.007129,0.507589,0.86157,0.440298,0.464916,0.768108
16.82,-0.778199,-0.000109,0.000064,0.011361,0.510961,0.859529,0.445312,0.446486,0.776111
16.83,-0.775198,0.00003,-0.000036,-0.002431,0.491454,0.8709,0.446386,0.445568,0.776021
16.84,-0.772432,0.000063,0.000009,-0.004124,0.491025,0.871136,0.4463,0.444074,0.776927
16.85,-0.769413,0,-0.000104,0.001863,0.476503,0.879171,0.448122,0.429063,0.784278
16.86,-0.76625,0.000003,0.000105,-0.001262,0.471338,0.881952,0.439105,0.432548,0.787458
16.87,-0.763232,-0.000094,0.000003,0.000664,0.467593,0.883944,0.441761,0.43024,0.787236
16.88,-0.759871,-0.000021,0.000067,0.005892,0.471876,0.881645,0.441719,0.41436,0.795732
16.89,-0.756399,0.000087,-0.000007,0.005985,0.441515,0.897234,0.442743,0.406135,0.799396
16.9,-0.753192,0.000123,0.000028,-0.000303,0.454834,0.890576,0.443991,0.403735,0.799919
16.91,-0.749511,0.000113,0.000008,0.002596,0.446298,0.89488,0.440497,0.400028,0.803704
16.92,-0.74607,-0.00002,-0.00002,-0.003101,0.422608,0.906307,0.446788,0.391237,0.804558
16.93,-0.742465,-0.000062,0.00013,-0.000956,0.425748,0.904841,0.443505,0.373517,0.814732
16.94,-0.73867,-0.000045,0.000015,0.001643,0.427132,0.904188,0.450473,0.37562,0.809928
16.95,-0.73492,0.000103,-0.000149,0.000645,0.412618,0.910904,0.439449,0.374668,0.8164
16.96,-0.730948,0.000022,-0.000066,-0.002698,0.404289,0.914627,0.443893,0.3588,0.82111
16.97,-0.726848,0.000082,-0.00002,0.009259,0.396287,0.91808,0.440946,0.36046,0.821971
16.98,-0.722813,-0.000124,0.0001,-0.001014,0.385874,0.922551,0.448101,0.356068,0.820013
16.99,-0.718674,-0.000008,0.000175,0.011964,0.393122,0.919408,0.445145,0.350251,0.824118
17,-0.714413,0.00009,0.000111,-0.001241,0.373649,0.927569,0.448351,0.336999,0.827896
17.01,-0.710252,-0.000004,0.000098,0.002706,0.364111,0.931352,0.446601,0.333774,0.830146
17.02,-0.705889,0.000089,0.000061,0.002183,0.366019,0.930605,0.44392,0.334203,0.831411
17.03,-0.701269,-0.000105,0.000062,-0.000506,0.371532,0.92842,0.451293,0.317811,0.833865
17.04,-0.696737,-0.000055,0.000062,-0.004027,0.361836,0.932233,0.442566,0.326401,0.835223
17.05,-0.692333,0.000092,-0.000042,-0.005463,0.347987,0.937483,0.440705,0.317901,0.839475
17.06,-0.687648,-0.000111,-0.000018,0.000614,0.339495,0.940608,0.439882,0.305582,0.844466
17.07,-0.682644,-0.000107,0.00008,0.007055,0.331665,0.943371,0.446335,0.293384,0.845406
17.08,-0.677934,0.000166,0.000103,-0.004864,0.329461,0.944157,0.44776,0.300653,0.842092
17.09,-0.672764,-0.000116,0.000113,-0.000538,0.323998,0.946058,0.438576,0.296797,0.848271
17.1,-0.668029,0.000023,0.000114,-0.006736,0.307482,0.95153,0.443873,0.287287,0.848789
17.11,-0.663022,-0.000126,-0.000047,0.00626,0.313276,0.949641,0.446905,0.279872,0.849675
17.12,-0.657879,-0.000091,-0.000029,0.002761,0.30594,0.952047,0.442282,0.273597,0.854126
17.13,-0.652667,-0.000019,0.000103,-0.002068,0.302362,0.953191,0.435346,0.271974,0.858198
17.14,-0.647377,-0.000076,0.000056,0.00338,0.289982,0.957026,0.445339,0.257693,0.857477
17.15,-0.641933,-0.000089,0.000126,0.007225,0.286113,0.958169,0.443667,0.252537,0.859875
17.16,-0.636418,0.000032,0.000037,0.006241,0.282969,0.959109,0.448219,0.247358,0.859019
17.17,-0.630829,0.000124,0.00002,-0.002203,0.280507,0.959849,0.444506,0.24667,0.861143
17.18,-0.625454,0.000076,-0.000015,0.009438,0.271468,0.962401,0.437909,0.237257,0.867148
17.19,-0.619781,-0.000024,-0.000007,0.005307,0.258569,0.965978,0.443874,0.239353,0.863531
17.2,-0.61414,-0.000165,0.000007,-0.000488,0.255222,0.966882,0.444491,0.233788,0.864737
17.21,-0.608531,0.000171,0.000186,-0.002432,0.246738,0.969079,0.448326,0.213958,0.867886
17.22,-0.60242,-0.000002,0.000142,0.002615,0.246539,0.969129,0.43979,0.224195,0.869667
17.23,-0.596521,0.000061,0.000134,0.003663,0.235612,0.97184,0.443169,0.214096,0.870496
17.24,-0.59075,0.000009,0.000008,0.008241,0.227646,0.973709,0.442954,0.209698,0.871676
17.25,-0.584748,-0.000128,0.000091,-0.001372,0.230275,0.973125,0.445766,0.198834,0.872788
17.26,-0.578463,-0.000148,0.000206,-0.001294,0.221864,0.975077,0.439888,0.204225,0.874523
17.27,-0.572273,-0.000061,0.000014,-0.003541,0.211274,0.977421,0.449045,0.194478,0.872088
17.28,-0.566191,0.000057,0.00002,-0.002015,0.210634,0.977563,0.447654,0.19284,0.873166
17.29,-0.560003,0.000002,-0.000126,-0.002157,0.197085,0.980384,0.437884,0.182021,0.880412
17.3,-0.553554,0.000073,0.00008,-0.002355,0.194321,0.980935,0.442954,0.178108,0.878675
17.31,-0.547098,0.000014,0.000117,0.001209,0.203996,0.978971,0.436365,0.181743,0.881224
17.32,-0.540693,-0.000101,0.000034,0.006801,0.187041,0.982329,0.445088,0.177048,0.87781
17.33,-0.534192,0.000081,0.000196,-0.00128,0.187997,0.982169,0.453661,0.16167,0.876387
17.34,-0.527571,-0.000094,-0.00001,-0.00196,0.170837,0.985297,0.438921,0.162696,0.883673
17.35,-0.520988,0.000093,0.000083,-0.007541,0.169655,0.985475,0.448947,0.153013,0.88036
17.36,-0.514283,-0.000095,0.000131,0.001241,0.169401,0.985546,0.442166,0.160401,0.882474
17.37,-0.507503,-0.000033,0.000063,0.001272,0.162125,0.986769,0.445295,0.140643,0.884269
17.38,-0.500576,-0.000043,0.000201,-0.000788,0.157141,0.987576,0.438687,0.146891,0.886553
17.39,-0.493754,-0.000024,0.000131,0.003232,0.155284,0.987865,0.44374,0.135669,0.885827
17.4,-0.486959,-0.000101,0.00003,0.009497,0.157888,0.987411,0.440451,0.136818,0.88729
17.41,-0.480059,0.000016,0.000055,-0.005471,0.150324,0.988622,0.44898,0.131013,0.883885
17.42,-0.47291,0.000043,-0.000219,0.003972,0.137722,0.990463,0.43821,0.129196,0.88954
17.43,-0.46586,-0.000186,0.000068,-0.005574,0.137244,0.990522,0.435419,0.123598,0.891703
17.44,-0.45884,-0.00002,0.000173,0.010427,0.131038,0.991322,0.45065,0.115176,0.88524
17.45,-0.451739,-0.000012,0.000047,0.006527,0.130416,0.991438,0.437517,0.118806,0.891327
17.46,-0.444532,0.000028,0.000057,-0.0055,0.123155,0.992372,0.437798,0.106868,0.892699
17.47,-0.437139,-0.000092,0.000334,-0.000749,0.119836,0.992793,0.443863,0.105995,0.889804
17.48,-0.429809,-0.000186,-0.000028,-0.001371,0.120825,0.992673,0.447898,0.096892,0.888819
17.49,-0.42244,-0.000062,0.000047,0.00038,0.112177,0.993688,0.445951,0.09256,0.890258
17.5,-0.415086,0.000019,0.000011,0.004427,0.094789,0.995488,0.442063,0.102512,0.891107
17.51,-0.407654,-0.0001,0.00002,-0.005756,0.100269,0.994944,0.450827,0.094769,0.887566
17.52,-0.399958,0.000014,0.000024,0.002588,0.09647,0.995332,0.447803,0.084326,0.890147
17.53,-0.392483,-0.00001,0.000232,0.003687,0.103859,0.994585,0.448227,0.081693,0.890179
17.54,-0.384948,0.000012,0.000117,-0.00313,0.08707,0.996197,0.440737,0.078731,0.894177
17.55,-0.377345,-0.000012,0.000068,-0.00589,0.083021,0.99653,0.442151,0.077295,0.893604
17.56,-0.369629,0.000021,0.000143,-0.00236,0.07792,0.996957,0.437851,0.079676,0.89551
17.57,-0.361774,-0.000045,0.00007,-0.003773,0.091153,0.99583,0.439413,0.067892,0.895716
17.58,-0.353914,-0.000125,0.000073,0.00033,0.066585,0.997781,0.439593,0.071855,0.895319
17.59,-0.346248,-0.000016,0.000111,-0.004463,0.067706,0.997695,0.440853,0.064977,0.895224
17.6,-0.33848,0.000037,0.000166,-0.002483,0.065228,0.997867,0.441166,0.060107,0.89541
17.61,-0.330646,-0.000011,0.000049,-0.006352,0.066768,0.997748,0.444603,0.054417,0.894073
17.62,-0.322757,-0.00003,-0.000045,-0.011156,0.056058,0.998365,0.433989,0.054057,0.899295
17.63,-0.314717,0.00012,0.000202,0.006097,0.05265,0.998594,0.450895,0.055511,0.890849
17.64,-0.306697,-0.000113,0.000186,0.002863,0.059908,0.9982,0.452457,0.057052,0.889959
17.65,-0.298863,-0.000033,0.000215,0.001531,0.050487,0.998724,0.441612,0.03639,0.896468
17.66,-0.290853,0.000045,0.000078,0.004627,0.048839,0.998796,0.442914,0.046522,0.895356
17.67,-0.2827,-0.000105,0.00009,-0.001006,0.042173,0.99911,0.438832,0.046699,0.897355
17.68,-0.274624,0.000063,0.00016,0.001703,0.03707,0.999311,0.451198,0.043373,0.891369
17.69,-0.26657,-0.000073,0.000026,0.01138,0.029534,0.999499,0.445625,0.03654,0.894474
17.7,-0.25839,-0.000126,0.000061,-0.002146,0.041472,0.999137,0.439012,0.037929,0.89768
17.71,-0.250114,-0.000173,0.000007,-0.000886,0.040447,0.999181,0.443669,0.027669,0.895763
17.72,-0.241831,-0.000134,-0.000027,0.00752,0.035447,0.999343,0.441474,0.033112,0.896663
17.73,-0.233493,0.000086,-0.000088,-0.000761,0.031349,0.999508,0.433109,0.030541,0.900824
17.74,-0.225479,0.000004,-0.00005,-0.006049,0.038803,0.999229,0.439414,0.025809,0.897914
17.75,-0.217087,-0.000068,0.000103,-0.000076,0.018673,0.999826,0.445648,0.018918,0.895008
17.76,-0.208967,-0.000221,-0.000053,-0.000488,0.029973,0.999551,0.437138,0.016657,0.89924
17.77,-0.200315,-0.000042,-0.000095,-0.003103,0.019045,0.999814,0.443501,0.024433,0.895941
17.78,-0.191997,0.000033,0.000032,0.005473,0.022344,0.999735,0.442263,0.019349,0.896677
17.79,-0.183683,0.00001,0.000159,-0.001447,0.01891,0.99982,0.440955,0.022859,0.897238
17.8,-0.175236,0.000018,0.000049,-0.010486,0.020882,0.999727,0.448506,0.008036,0.893744
17.81,-0.166858,-0.000109,0.000076,-0.004473,0.012875,0.999907,0.441428,0.010246,0.897238
17.82,-0.158408,-0.00005,0.000135,0.003726,0.014135,0.999893,0.43932,0.015265,0.898201
17.83,-0.149879,0.000047,-0.000084,0.002232,0.013217,0.99991,0.439955,0.012142,0.897938
17.84,-0.141396,-0.00008,-0.000017,-0.001477,0.009246,0.999956,0.448443,0.004519,0.8938
17.85,-0.133027,0.000077,0.000126,-0.006427,0.005783,0.999963,0.439817,0.011906,0.898008
17.86,-0.124508,-0.000128,0.000055,0.000252,0.020367,0.999793,0.439552,0.006045,0.898197
17.87,-0.115966,0.000116,-0.000074,0.005329,0.011181,0.999923,0.439809,-0.002268,0.898088
17.88,-0.107552,-0.000051,0.000055,0.008774,0.009217,0.999919,0.441663,0.003651,0.897174
17.89,-0.098836,0.000037,0.000235,-0.001626,0.012651,0.999919,0.443348,0.00484,0.896336
17.9,-0.090322,-0.000076,-0.0001,0.006464,0.016316,0.999846,0.444499,0.003769,0.895772
17.91,-0.081705,0.000046,0.000031,-0.004016,0.004102,0.999984,0.444352,0.011122,0.895783
17.92,-0.073049,-0.000026,0.000186,0.004755,0.007193,0.999963,0.444745,0.002805,0.895653
17.93,-0.06454,-0.000121,-0.000002,0.005998,-0.000563,0.999982,0.443681,-0.008898,0.896141
17.94,-0.056113,-0.00018,0.000077,0.003375,0.00516,0.999981,0.441286,0.001075,0.897366
17.95,-0.047308,0.000142,0.000049,-0.002567,0.000541,0.999997,0.440759,-0.004297,0.897615
17.96,-0.038803,-0.000125,0.00014,-0.002192,-0.005105,0.999985,0.441622,0.008137,0.897164
17.97,-0.030144,-0.000081,0.000114,0.000199,-0.003998,0.999992,0.446384,-0.000319,0.894841
17.98,-0.02152,-0.000192,0.000118,-0.005236,-0.001925,0.999984,0.449214,-0.000352,0.893424
17.99,-0.012946,-0.000063,0.000017,0.004859,-0.004283,0.999979,0.446005,-0.00042,0.89503
18,-0.004193,0.000105,0.000213,0.00064,0.004216,0.999991,0.445258,-0.006464,0.895379
18.01,-0.00014,0.004221,0.000133,0.002573,0.000135,0.999997,0.443799,0.000362,0.896127
18.02,-0.000145,0.012827,-0.000104,-0.009418,0.000535,0.999956,0.440065,-0.003279,0.89796
18.03,0.000122,0.021594,0.000094,0.00071,-0.003347,0.999994,0.444596,0.00515,0.895717
18.04,-0.00002,0.030073,0.000019,-0.011486,-0.000046,0.999934,0.449063,0.009143,0.893453
18.05,0.000014,0.038653,0.000161,-0.000055,0.000396,1,0.447987,0.002263,0.894037
18.06,-0.000082,0.047239,0.000167,0.005606,-0.003382,0.999979,0.445105,0.005146,0.895463
18.07,-0.000052,0.05596,0.000017,-0.007634,-0.003338,0.999965,0.44331,0.002208,0.896366
18.08,-0.000236,0.064549,-0.000064,0.001409,-0.003679,0.999992,0.431188,-0.012591,0.902174
18.09,0.000055,0.072948,-0.000109,0.001015,0.005422,0.999985,0.435001,0.002258,0.900427
18.1,-0.000013,0.081695,0.000063,-0.000473,-0.000908,0.999999,0.432438,-0.008181,0.901627
18.11,-0.000145,0.090301,-0.000074,-0.005895,-0.004343,0.999973,0.437473,-0.006437,0.899208
18.12,-0.00008,0.098711,0.000021,-0.013301,-0.003808,0.999904,0.434953,0.002476,0.90045
18.13,0.000035,0.107269,0.000103,-0.005325,0.004313,0.999977,0.438486,0.00399,0.898729
18.14,0.000021,0.115708,-0.000048,-0.008647,-0.007337,0.999936,0.435687,-0.005435,0.900082
18.15,-0.000073,0.124326,0.00008,-0.004496,-0.000718,0.99999,0.433321,0.000073,0.901239
18.16,-0.000208,0.132947,0.000119,-0.007638,-0.002437,0.999968,0.438067,0.016163,0.898797
18.17,-0.000054,0.141256,0.000054,-0.02279,0.006529,0.999719,0.432674,-0.001849,0.901549
18.18,-0.000086,0.149903,0.000046,0.004176,0.010401,0.999937,0.428349,0.004617,0.903602
18.19,0.000024,0.158276,0.00018,-0.020847,-0.008989,0.999742,0.436745,-0.004149,0.899576
18.2,-0.000241,0.166668,0.000096,-0.017294,-0.007453,0.999823,0.425515,-0.00489,0.904938
18.21,-0.000171,0.175245,-0.000053,-0.014062,-0.00502,0.999889,0.424394,-0.007273,0.905448
18.22,-0.000031,0.183506,0.000015,-0.028046,0.005101,0.999594,0.420291,0.00629,0.907368
18.23,-0.000024,0.191962,0.00002,-0.028618,-0.010076,0.99954,0.415997,0.000444,0.909366
18.24,0.000148,0.200336,-0.000031,-0.033414,0.005298,0.999428,0.418447,-0.003134,0.908236
18.25,0.000042,0.208749,0.00016,-0.033077,-0.004598,0.999442,0.418911,-0.006422,0.908004
18.26,0.000117,0.216915,0.000146,-0.028254,-0.00543,0.999586,0.417207,0.002687,0.908808
18.27,0.00006,0.225293,0.000075,-0.028431,0.010339,0.999542,0.408123,-0.000959,0.912926
18.28,-0.000301,0.233513,0.00021,-0.041594,0.003584,0.999128,0.407126,0.000031,0.913372
18.29,-0.000195,0.241762,0.000079,-0.037356,-0.005947,0.999284,0.407012,-0.006872,0.913397
18.3,0.000011,0.25017,-0.0001,-0.040902,0.006819,0.99914,0.417879,0.009211,0.908456
18.31,-0.000036,0.258294,-0.000061,-0.036343,-0.00947,0.999294,0.402709,-0.006216,0.915307
18.32,-0.000043,0.266546,0.000169,-0.034549,0.009287,0.99936,0.40051,-0.00218,0.91629
18.33,0.000008,0.274287,0.000042,-0.040347,-0.003937,0.999178,0.40058,0.009395,0.916214
18.34,-0.000006,0.282592,0.000048,-0.039578,0.002137,0.999214,0.395094,-0.00343,0.918634
18.35,0.00023,0.290673,-0.000031,-0.053001,0.000939,0.998594,0.398005,0.005583,0.917366
18.36,-0.000018,0.298704,0.000027,-0.053136,-0.000923,0.998587,0.396164,0.003636,0.918173
18.37,-0.000047,0.306807,0.000074,-0.061314,0.00206,0.998116,0.394093,0.002891,0.919066
18.38,-0.000144,0.314703,0.000095,-0.053571,0.004869,0.998552,0.390588,-0.004053,0.920557
18.39,-0.00008,0.322754,0.000121,-0.065066,0.005477,0.997866,0.383553,0.004587,0.923508
18.4,-0.000126,0.330586,0.000227,-0.07122,0.004542,0.99745,0.380822,0.001432,0.924647
18.41,0.000097,0.338422,0.000132,-0.074734,0.004819,0.997192,0.382194,-0.00339,0.924076
18.42,-0.000098,0.346131,0.000102,-0.070456,0.006673,0.997493,0.374766,0.001047,0.927119
18.43,-0.000018,0.354096,0.000051,-0.074239,-0.00419,0.997232,0.377112,-0.004169,0.926158
18.44,-0.000011,0.36176,0.000095,-0.083818,-0.016695,0.996341,0.3785,0.00253,0.925598
18.45,0.000033,0.369514,0.000125,-0.091561,0.00054,0.995799,0.363163,0.000978,0.931725
18.46,-0.000194,0.377125,0.00018,-0.089435,-0.004655,0.995982,0.362781,-0.003299,0.931869
18.47,0.000114,0.384848,0.000045,-0.086326,-0.005405,0.996252,0.361024,-0.006844,0.932532
18.48,-0.00015,0.392448,0.000122,-0.089907,0.003895,0.995943,0.35622,-0.000405,0.934402
18.49,-0.000169,0.400013,0.000096,-0.103304,0.001502,0.994649,0.345178,0.005911,0.938519
18.5,-0.000001,0.407369,0.000101,-0.100526,-0.001625,0.994933,0.338071,-0.00441,0.94111
18.51,-0.00017,0.415056,0.000065,-0.106139,-0.004189,0.994343,0.35085,0.000964,0.936431
18.52,-0.000141,0.422457,0.000154,-0.1193,-0.002857,0.992854,0.349124,0.006388,0.937055
18.53,-0.000096,0.429899,-0.000034,-0.121309,0.004967,0.992602,0.335289,0.002816,0.942111
18.54,-0.000012,0.43713,-0.000145,-0.120638,-0.010135,0.992645,0.337752,-0.002775,0.941231
18.55,0.000048,0.444293,0.000052,-0.125863,-0.010238,0.991995,0.32461,0.000932,0.945847
18.56,-0.000133,0.451551,-0.000043,-0.129987,-0.003761,0.991509,0.324098,-0.00392,0.946015
18.57,-0.000124,0.458657,-0.000053,-0.142558,0.000036,0.989786,0.322197,0.008637,0.946633
18.58,0.000098,0.465703,-0.000012,-0.141195,0.010256,0.989929,0.310529,0.002497,0.950561
18.59,-0.000067,0.472892,0.000123,-0.143782,-0.008222,0.989575,0.302616,-0.007307,0.953085
18.6,0.000032,0.479886,0.00002,-0.143369,-0.004626,0.989658,0.308431,0.001791,0.951245
18.61,-0.000036,0.486952,0.000114,-0.157481,0.000633,0.987522,0.300741,0.004353,0.953696
18.62,-0.000085,0.493615,0.000241,-0.160482,-0.014766,0.986928,0.295329,0.005609,0.955379
18.63,0.000044,0.500678,0.000083,-0.176076,0.006278,0.984357,0.291558,0.00429,0.956544
18.64,-0.000085,0.507373,0.000025,-0.172662,0.012795,0.984898,0.288922,0.007189,0.957326
18.65,-0.000059,0.514155,-0.000074,-0.175539,-0.006537,0.984451,0.283141,0.001091,0.959078
18.66,-0.000067,0.520954,0.00001,-0.179741,0.008013,0.983681,0.280468,0.009914,0.959812
18.67,-0.000038,0.527359,0.000036,-0.184129,0.002917,0.982898,0.274729,-0.006105,0.961502
18.68,-0.00005,0.534011,-0.000097,-0.191853,0.000303,0.981424,0.273281,-0.003145,0.961929
18.69,-0.000004,0.540567,0.000096,-0.19448,0.010795,0.980847,0.259168,-0.003995,0.965824
18.7,-0.000076,0.547153,0.000024,-0.205047,0.000061,0.978752,0.261668,0.004472,0.965147
18.71,-0.000171,0.553491,0.000025,-0.202385,-0.005843,0.979289,0.244453,-0.002283,0.969658
18.72,0.000018,0.559799,0.000019,-0.218455,-0.004461,0.975837,0.240553,0.005382,0.970621
18.73,0.000036,0.566219,0.00012,-0.215626,-0.005081,0.976463,0.239218,-0.001061,0.970965
18.74,0.000051,0.572373,0.000121,-0.219348,-0.00524,0.975633,0.223402,0.001178,0.974726
18.75,0.000037,0.578522,0.000059,-0.223506,0.003245,0.974697,0.222134,-0.002255,0.975013
18.76,-0.000027,0.584787,0.000055,-0.22847,0.005661,0.973535,0.223755,-0.011153,0.974582
18.77,-0.00006,0.590571,0.000051,-0.241209,0.007214,0.970446,0.223045,-0.001517,0.974807
18.78,-0.000018,0.596466,-0.000119,-0.242595,0.00552,0.970112,0.208351,0.00195,0.978052
18.79,-0.000014,0.60232,0.000076,-0.237321,0.007096,0.971405,0.199574,0.002431,0.97988
18.8,-0.000027,0.60839,0.000199,-0.25485,-0.001522,0.96698,0.193234,0.001334,0.981152
18.81,-0.000007,0.614004,-0.000049,-0.269334,0.004567,0.963036,0.190549,0.006383,0.981657
18.82,-0.000109,0.619752,-0.000127,-0.276995,0.005033,0.960858,0.181192,0.010474,0.983392
18.83,-0.000033,0.625375,0.00011,-0.273517,-0.001572,0.961866,0.168618,0.002072,0.985679
18.84,-0.000069,0.630944,-0.000011,-0.28198,0.006858,0.959396,0.174208,-0.008483,0.984672
18.85,-0.00008,0.636271,0.000064,-0.286783,0.000118,0.957996,0.160192,-0.003354,0.98708
18.86,0.000096,0.64186,0.000086,-0.289486,0.001248,0.957181,0.163815,-0.000658,0.986491
18.87,-0.000125,0.64732,-0.000013,-0.300558,0.001531,0.953762,0.153837,-0.009397,0.988052
18.88,0.000031,0.652484,-0.00003,-0.306631,0.006404,0.951807,0.137804,0.002838,0.990455
18.89,0.00005,0.657683,0.000069,-0.306198,-0.004411,0.951958,0.136906,0.006932,0.99056
18.9,0,0.662815,0.000021,-0.318908,-0.001176,0.947785,0.13464,0.000214,0.990895
18.91,0.000001,0.667844,0.000059,-0.327023,-0.002271,0.945014,0.133818,0.000049,0.991006
18.92,-0.000098,0.672738,-0.000005,-0.330229,0.010411,0.943843,0.125994,-0.003026,0.992026
18.93,-0.000083,0.677785,0.000157,-0.3372,-0.00031,0.941433,0.114814,0.008778,0.993348
18.94,-0.000187,0.682636,-0.000139,-0.349631,0.001997,0.936885,0.108181,-0.000039,0.994131
18.95,-0.000131,0.687347,-0.000143,-0.344993,0.008282,0.938569,0.100056,0.000532,0.994982
18.96,-0.000202,0.692095,0.00006,-0.348991,0.005812,0.937108,0.098269,-0.00553,0.995145
18.97,-0.000049,0.696626,0.000242,-0.361183,0.008647,0.932455,0.091315,-0.000031,0.995822
18.98,-0.000054,0.70116,0.0002,-0.371271,0.003299,0.928519,0.071658,-0.008571,0.997392
18.99,0.000014,0.705664,0.000158,-0.380307,0.004356,0.92485,0.075727,-0.002688,0.997125
19,-0.000026,0.710137,0.000074,-0.381656,0.002134,0.924302,0.072742,0.004055,0.997343
19.01,-0.000129,0.714472,0.000068,-0.399775,-0.002659,0.91661,0.054987,0.003201,0.998482
19.02,-0.000128,0.718549,0.000137,-0.398656,-0.006189,0.917079,0.053546,-0.000348,0.998565
19.03,-0.000072,0.722769,0.000111,-0.403662,0.009611,0.914858,0.053444,0.00375,0.998564
19.04,-0.000028,0.726701,0.000109,-0.400129,0.005105,0.916444,0.04184,0.002641,0.999121
19.05,0.000042,0.7309,0.000195,-0.407808,-0.001949,0.913066,0.029039,0.002112,0.999576
19.06,-0.000008,0.734803,0.000192,-0.427896,-0.003856,0.90382,0.022428,0.003422,0.999743
19.07,-0.000065,0.738716,0.000205,-0.429452,-0.006906,0.903063,0.021158,0.008612,0.999739
19.08,0.000029,0.742473,0.000128,-0.432498,0.001711,0.901633,0.007699,0.01161,0.999903
19.09,-0.000116,0.746079,0.000082,-0.440314,-0.006441,0.897821,-0.001034,0.005415,0.999985
19.1,-0.000003,0.749579,0.000172,-0.441402,0.001085,0.897309,-0.018725,-0.006452,0.999804
19.11,0.000009,0.753008,0.000096,-0.455016,0.00798,0.890448,-0.02283,-0.003246,0.999734
19.12,0.000024,0.756426,0.000016,-0.479907,-0.005745,0.8773,-0.03043,-0.004642,0.999526
19.13,-0.000073,0.759773,0.000084,-0.473733,0.006297,0.880646,-0.022241,-0.003308,0.999747
19.14,0.000049,0.763246,0.000158,-0.471069,-0.001191,0.882095,-0.039571,0.001649,0.999215
19.15,0.00005,0.766351,0.00017,-0.479867,-0.004865,0.877328,-0.050172,0.002223,0.998738
19.16,-0.000072,0.769398,0.000082,-0.485234,0.004802,0.874371,-0.044051,0.000881,0.999029
19.17,-0.000051,0.7723,0.00001,-0.496977,0.008648,0.867721,-0.055139,-0.001686,0.998477
19.18,-0.000063,0.77515,0.000099,-0.501883,0.001235,0.864935,-0.068587,0.007934,0.997614
19.19,-0.000041,0.778099,0.000083,-0.507667,-0.002018,0.861551,-0.068955,-0.001227,0.997619
19.2,0.000024,0.780785,0.000044,-0.518109,-0.004636,0.855302,-0.080914,-0.008697,0.996683
19.21,-0.00018,0.783305,-0.000116,-0.519517,0.003183,0.854454,-0.094754,0.008477,0.995465
19.22,0.000095,0.785915,0.000095,-0.523518,0.002721,0.85201,-0.095401,0.006328,0.995419
19.23,0.000089,0.788523,0.000196,-0.540692,0.002936,0.841216,-0.114869,-0.004943,0.993368
19.24,0.000122,0.791049,0.000261,-0.545745,-0.000853,0.837951,-0.114953,-0.003801,0.993364
19.25,0.000015,0.793219,0.000099,-0.547757,0.009411,0.836584,-0.121885,0.001881,0.992542
19.26,-0.000078,0.795398,-0.000057,-0.557747,0.000901,0.83001,-0.134093,0.000837,0.990968
19.27,0.000163,0.797607,0.000052,-0.558351,0.000439,0.829605,-0.139076,0.001691,0.99028
19.28,-0.000097,0.79972,0.000034,-0.573722,-0.000321,0.81905,-0.146727,0.002319,0.989174
19.29,-0.000074,0.80157,-0.000069,-0.574584,-0.008524,0.818401,-0.156347,-0.000635,0.987702
19.3,-0.000103,0.80358,0.000236,-0.576011,0.001238,0.817441,-0.163861,0.005455,0.986468
19.31,0.000054,0.805504,0.000097,-0.589233,0.002802,0.807959,-0.174961,0.009459,0.98453
19.32,-0.000046,0.806932,0.000055,-0.587621,0.011753,0.809051,-0.17365,0.002322,0.984805
19.33,-0.000225,0.808635,0.000197,-0.599719,-0.006189,0.800187,-0.189308,-0.003449,0.981912
19.34,-0.000009,0.810285,0.000022,-0.615104,-0.004179,0.788435,-0.191367,0.009153,0.981476
19.35,-0.000158,0.811582,0.000021,-0.619202,0.000315,0.785232,-0.206351,-0.000621,0.978478
19.36,0.000068,0.813143,-0.000009,-0.625331,0.002227,0.780357,-0.20786,-0.00352,0.978152
19.37,-0.000069,0.814216,0.000025,-0.624601,0.003578,0.780936,-0.21779,-0.002788,0.975992
19.38,-0.000146,0.815406,0.000087,-0.634101,-0.00322,0.773243,-0.230124,0.000066,0.973161
19.39,-0.000004,0.816372,0.000046,-0.635866,-0.007937,0.771759,-0.235528,0.00496,0.971855
19.4,-0.000189,0.817547,-0.000033,-0.634527,-0.011113,0.772821,-0.236885,-0.002879,0.971533
19.41,-0.000061,0.818329,0.000005,-0.663655,-0.011312,0.747953,-0.257354,0.004057,0.966309
19.42,-0.000129,0.819024,0.000207,-0.667138,-0.00283,0.744929,-0.255002,0.000973,0.96694
19.43,-0.000015,0.819923,0.000239,-0.667619,0.004423,0.74449,-0.260376,0.006317,0.965487
19.44,-0.000046,0.820579,0.000058,-0.66639,0.003374,0.745596,-0.274824,0.002985,0.96149
19.45,0.000067,0.821115,0.000084,-0.676161,0.003911,0.736743,-0.284109,-0.006348,0.958771
19.46,-0.000059,0.821546,0.000158,-0.682184,-0.001563,0.731179,-0.29259,-0.004657,0.956227
19.47,-0.000218,0.821871,0.00002,-0.68831,-0.006658,0.725386,-0.297874,-0.004919,0.954592
19.48,-0.000063,0.821981,0.00012,-0.693414,0.00174,0.720538,-0.305786,-0.015097,0.951981
19.49,-0.00011,0.822314,0.000012,-0.699994,0.005699,0.714126,-0.319226,0.003399,0.947673
19.5,-0.000182,0.822385,-0.000104,-0.704939,-0.003497,0.70926,-0.319902,0.002504,0.947447
19.51,-0.000119,0.822396,0.000056,-0.714361,-0.001541,0.699776,-0.323553,-0.000764,0.94621
19.52,-0.000032,0.822322,0.000243,-0.715503,0.002508,0.698605,-0.342958,-0.001651,0.939349
19.53,0.000001,0.822047,0.000003,-0.729215,0.004331,0.684271,-0.347666,0.005203,0.937604
19.54,-0.000094,0.821867,0.000004,-0.730115,-0.006355,0.683294,-0.357313,-0.00594,0.933966
19.55,-0.000111,0.821666,0.00006,-0.737332,-0.003855,0.67552,-0.367714,-0.005803,0.929921
19.56,-0.000066,0.821049,0.000038,-0.736866,-0.0028,0.676033,-0.362613,-0.0024,0.931937
19.57,0.000085,0.820572,0.000155,-0.745096,0.004147,0.666944,-0.378623,-0.003991,0.925542
19.58,-0.000309,0.819928,0.000149,-0.750996,0.000849,0.660306,-0.378719,0.002189,0.925509
19.59,0.000136,0.819182,-0.000093,-0.752446,0.003279,0.658645,-0.3902,-0.002699,0.920726
19.6,0.000015,0.818316,-0.0001,-0.76416,-0.009613,0.644955,-0.393359,0.003166,0.91938
19.61,-0.00009,0.817561,0.000162,-0.770113,0.002418,0.637903,-0.404867,-0.003382,0.914369
19.62,0.000027,0.816387,0.000276,-0.772551,-0.005426,0.634929,-0.412052,-0.003585,0.911153
19.63,-0.000138,0.815392,-0.000069,-0.777595,-0.000808,0.628765,-0.41914,0.005133,0.907907
19.64,0.000079,0.814269,0.000134,-0.782559,-0.000015,0.622577,-0.421159,0.000162,0.906987
19.65,-0.000028,0.812966,0.000072,-0.783262,0.002225,0.621687,-0.439325,0.007209,0.898299
19.66,-0.000201,0.811712,0.000137,-0.786876,0.008743,0.617049,-0.446405,0.00202,0.894829
19.67,-0.00007,0.810188,0.000083,-0.798667,0.00369,0.601762,-0.446284,0.0053,0.894875
19.68,0.000101,0.808701,0.000061,-0.801668,-0.012748,0.597633,-0.457958,0.000511,0.888974
19.69,-0.00008,0.806919,0.000005,-0.81025,0.007223,0.58604,-0.459585,-0.003656,0.888126
19.7,-0.00003,0.805326,0.000064,-0.810685,0.002254,0.585479,-0.468707,0.005713,0.883335
19.71,0.000029,0.803595,0.000081,-0.821529,-0.002074,0.570163,-0.467561,-0.007278,0.883931
19.72,0.000022,0.801695,0.000055,-0.822649,-0.000209,0.56855,-0.494857,0.000669,0.868974
19.73,0.000006,0.799561,0.000167,-0.829116,0.006913,0.559033,-0.488436,0.011637,0.872522
19.74,-0.000148,0.79773,0.000059,-0.829003,0.003519,0.559234,-0.488947,-0.003502,0.872306
19.75,0.000061,0.795519,-0.000025,-0.839727,-0.00505,0.542985,-0.505406,0.003494,0.862875
19.76,0.000058,0.793303,0.000068,-0.83561,0.002993,0.549315,-0.507443,0.002057,0.861683
19.77,-0.000028,0.791058,0.000129,-0.84534,-0.001211,0.534228,-0.522011,0.00391,0.85293
19.78,-0.000015,0.788432,0.000023,-0.848339,-0.003053,0.529445,-0.519424,-0.000863,0.854516
19.79,-0.000026,0.786235,0.000092,-0.851598,-0.000073,0.524196,-0.532816,0.005047,0.846216
19.8,-0.000043,0.783607,0.000049,-0.852704,0.009091,0.522316,-0.545233,-0.003713,0.838276
19.81,-0.000037,0.780855,-0.000072,-0.864071,0.000805,0.50337,-0.546248,-0.010191,0.837561
19.82,0.000049,0.778132,0.000034,-0.865216,-0.006355,0.50136,-0.554572,0.001456,0.832135
19.83,-0.000134,0.775281,0.000181,-0.870768,0.000942,0.491694,-0.550215,0.003239,0.835017
19.84,-0.000091,0.772252,0.000095,-0.871669,-0.009465,0.490004,-0.562166,0.005064,0.827009
19.85,-0.000174,0.769149,0.00002,-0.872672,0.000423,0.488307,-0.571008,0.005379,0.820927
19.86,-0.000095,0.766232,0.00001,-0.881961,0.00221,0.471318,-0.583547,-0.003769,0.81207
19.87,-0.000006,0.763066,0.000006,-0.883553,-0.009768,0.46823,-0.577828,0.005457,0.81614
19.88,-0.000074,0.759887,0.000142,-0.889621,0.00061,0.456699,-0.588671,0.003925,0.808363
19.89,0.000044,0.756555,-0.000229,-0.890416,0.004643,0.455124,-0.590728,-0.004555,0.806858
19.9,-0.000122,0.753046,0.000077,-0.89195,0.003491,0.45212,-0.604964,-0.002676,0.796249
19.91,-0.000175,0.749695,0.000085,-0.899011,0.00043,0.437925,-0.601229,-0.011963,0.798988
19.92,-0.000088,0.745999,0.000029,-0.896883,0.001724,0.442265,-0.61216,0.000285,0.790734
19.93,-0.000101,0.742362,0.000019,-0.899829,0.004492,0.436219,-0.617402,-0.011745,0.78656
19.94,-0.000157,0.738514,0.000049,-0.903392,0.004465,0.428793,-0.624157,-0.000909,0.781298
19.95,-0.000128,0.73485,-0.000036,-0.912329,-0.006574,0.409405,-0.637673,-0.005116,0.77029
19.96,0.000119,0.730908,-0.000023,-0.91051,0.002482,0.413479,-0.637041,-0.003755,0.770821
19.97,-0.000023,0.726943,0.000042,-0.919726,-0.002883,0.392551,-0.641917,-0.004086,0.766764
19.98,-0.000138,0.72278,0.000233,-0.920488,-0.002919,0.39076,-0.642884,-0.008522,0.765916
19.99,-0.000164,0.718669,0.00006,-0.920992,-0.006647,0.389524,-0.646316,-0.000448,0.76307
20,-0.000044,0.714359,0.000032,-0.923092,0.000409,0.38458,-0.658481,-0.007324,0.752562
20.01,0.000057,0.710139,-0.000028,-0.927885,-0.008646,0.372767,-0.659633,-0.002722,0.751583
20.02,0.000102,0.705589,0.000117,-0.927138,-0.005645,0.374677,-0.671659,0.001427,0.740859
20.03,-0.000017,0.701346,0.000091,-0.93324,-0.003327,0.359237,-0.675124,-0.002995,0.737698
20.04,0.000059,0.696701,0.000145,-0.932347,0.004142,0.36154,-0.682128,-0.001195,0.731232
20.05,-0.000003,0.692275,-0.000001,-0.938525,-0.005782,0.345164,-0.687747,-0.004383,0.725937
20.06,0.000071,0.687438,0.000075,-0.937831,0.006878,0.347024,-0.696629,-0.012899,0.717316
20.07,-0.000083,0.68267,-0.000069,-0.94255,-0.009151,0.33394,-0.689517,-0.007947,0.724226
20.08,-0.000153,0.677852,-0.000076,-0.942744,0.002932,0.333503,-0.708174,-0.001958,0.706035
20.09,0.000092,0.672851,0.000082,-0.946529,0.002677,0.322608,-0.70876,0.002593,0.705445
20.1,-0.000026,0.667922,0.000036,-0.946342,0.00135,0.323165,-0.712917,-0.013883,0.701111
20.11,-0.000065,0.662812,0.000152,-0.948117,-0.002442,0.317913,-0.712167,0.002916,0.702004
20.12,0.000066,0.657799,0.000092,-0.953315,0.003501,0.301957,-0.718624,0.000531,0.695399
20.13,-0.00005,0.652334,0.000116,-0.95507,0.001445,0.296376,-0.722319,0.000135,0.69156
20.14,0.000041,0.647167,0.000131,-0.958106,-0.004784,0.286373,-0.729612,-0.002393,0.683857
20.15,0.00008,0.64186,0.000152,-0.958018,0.001671,0.286703,-0.725617,0.008563,0.688045
20.16,-0.000006,0.636281,0.000019,-0.959032,0.000717,0.283297,-0.728974,0.002293,0.684538
20.17,-0.000069,0.630988,-0.000015,-0.960653,-0.004622,0.277715,-0.742818,0.002049,0.66949
20.18,-0.000071,0.625299,0.000057,-0.963669,0.005643,0.267039,-0.746227,0.002248,0.665688
20.19,-0.000027,0.61984,0.00013,-0.965398,-0.000175,0.26078,-0.745055,-0.000932,0.667002
20.2,-0.000018,0.614081,0.00007,-0.966898,-0.004387,0.255125,-0.749156,-0.001777,0.662391
20.21,-0.000023,0.608431,-0.000157,-0.965212,-0.002881,0.261453,-0.754357,0.003226,0.656457
20.22,-0.000048,0.602494,0.000159,-0.969347,0.001218,0.245693,-0.762912,0.003667,0.646492
20.23,-0.000128,0.596601,0.000136,-0.971423,0.000013,0.237354,-0.75858,-0.003008,0.651573
20.24,-0.000072,0.590443,0.000029,-0.975116,-0.007675,0.221562,-0.763926,0.008026,0.645253
20.25,-0.000138,0.58464,-0.000014,-0.973072,0.00811,0.230358,-0.773494,-0.00312,0.633796
20.26,0.000123,0.578506,-0.00001,-0.976121,0.002624,0.21721,-0.771887,0.001289,0.635758
20.27,-0.000077,0.572245,0.000094,-0.977345,0.001647,0.211648,-0.783454,0.012685,0.621321
20.28,0.000097,0.566105,0.000141,-0.978425,-0.00556,0.206526,-0.779924,-0.002362,0.625869
20.29,-0.000115,0.559872,0.000261,-0.979731,0.002202,0.200304,-0.787811,-0.016136,0.615705
20.3,-0.000155,0.553613,0.000163,-0.979482,0.008656,0.201344,-0.792078,0.002219,0.610416
20.31,-0.000197,0.54698,-0.000025,-0.980363,0.005749,0.197119,-0.798971,-0.001455,0.601368
20.32,0.000052,0.540607,0.000046,-0.981206,0.006642,0.192847,-0.797214,-0.00489,0.603677
20.33,0.000029,0.534135,0.00008,-0.98286,-0.002562,0.184334,-0.797492,-0.010838,0.603233
20.34,-0.000061,0.527644,-0.000008,-0.984171,0.003606,0.177185,-0.797783,-0.002792,0.602938
20.35,0.000113,0.52088,-0.000009,-0.985099,0.000885,0.171985,-0.805397,-0.008494,0.592675
20.36,0.000024,0.514256,-0.000113,-0.986284,-0.005008,0.164982,-0.811654,0.001151,0.584137
20.37,-0.000014,0.507349,-0.000012,-0.986656,0.001264,0.162816,-0.811843,-0.000597,0.583876
20.38,0.000036,0.500586,0.000091,-0.986379,-0.000844,0.164488,-0.812539,0.005584,0.582881
20.39,-0.000066,0.49397,0.000052,-0.987443,-0.002393,0.157955,-0.819232,-0.001192,0.573462
20.4,-0.000136,0.48679,-0.000019,-0.988248,0.000113,0.152861,-0.817912,-0.004996,0.575322
20.41,-0.000022,0.479918,0.000144,-0.989299,-0.004554,0.14583,-0.82134,-0.00476,0.570419
20.42,-0.000019,0.472909,0.000088,-0.990658,0.000072,0.136368,-0.82211,0.000473,0.569328
20.43,-0.000045,0.465851,0.000128,-0.991012,-0.001118,0.133771,-0.825253,0.000485,0.564764
20.44,0.000035,0.458654,-0.000095,-0.991202,0.008213,0.132101,-0.833059,0.003395,0.553174
20.45,-0.000104,0.451552,-0.000158,-0.991577,0.003615,0.129465,-0.835147,0.005337,0.550001
20.46,-0.000075,0.444344,0.00001,-0.993256,-0.00302,0.115899,-0.836883,0.009933,0.547291
20.47,-0.000132,0.437185,0.00018,-0.993145,0.004499,0.116798,-0.836281,0.001358,0.548299
20.48,-0.000057,0.429828,0.000172,-0.993642,-0.002855,0.112549,-0.842357,-0.000804,0.538919
20.49,-0.000133,0.422579,-0.000023,-0.993062,0.001032,0.117589,-0.837811,-0.000166,0.545961
20.5,-0.000057,0.414836,0.000065,-0.994474,0.002957,0.104942,-0.849729,-0.001806,0.527216
20.51,-0.000149,0.407472,0.000153,-0.995377,-0.00676,0.095802,-0.847942,0.003958,0.530074
20.52,-0.000016,0.399946,0.000193,-0.994612,0.006587,0.103459,-0.847797,-0.010042,0.530226
20.53,-0.000113,0.392506,0.000032,-0.995631,0.005526,0.093207,-0.848412,-0.006886,0.529291
20.54,-0.000016,0.384834,0.000069,-0.99616,-0.000586,0.087547,-0.852976,-0.000006,0.52195
20.55,-0.00004,0.37713,0.000008,-0.996656,-0.002806,0.08166,-0.854614,-0.001012,0.519263
20.56,0.000003,0.369514,-0.000044,-0.996124,0.005081,0.087811,-0.854074,0.001766,0.520148
20.57,-0.000097,0.361749,0.000053,-0.996644,-0.005368,0.081679,-0.856143,0.003347,0.516728
20.58,-0.00002,0.354063,0,-0.997524,0.002218,0.070296,-0.860132,0.002818,0.510064
20.59,-0.000034,0.346142,-0.000194,-0.99781,0.000888,0.066136,-0.856735,-0.003058,0.515747
20.6,-0.000041,0.338286,-0.000026,-0.997445,-0.007456,0.071042,-0.865334,0.00378,0.501181
20.61,-0.000141,0.330617,-0.000049,-0.998041,-0.006667,0.062215,-0.866956,-0.00992,0.498286
20.62,-0.000012,0.322614,-0.000051,-0.997848,0.004323,0.065428,-0.867263,0.001213,0.497849
20.63,-0.000174,0.314757,0.00009,-0.998406,0.003964,0.056305,-0.867807,0.002458,0.496895
20.64,0.000031,0.306902,0.00008,-0.998577,0.000892,0.053327,-0.869644,-0.000596,0.493679
20.65,-0.000013,0.298723,0.000065,-0.998399,-0.010346,0.055614,-0.871248,0.008794,0.490765
20.66,-0.000068,0.290615,0.000229,-0.998856,0.010144,0.046742,-0.870646,0.000453,0.49191
20.67,-0.0002,0.282642,0.000094,-0.998787,0.000826,0.049226,-0.879275,-0.003167,0.476305
20.68,-0.000025,0.274433,0.000038,-0.998908,0.005705,0.046379,-0.875742,0.003415,0.482767
20.69,-0.000079,0.266289,0.000051,-0.999207,-0.000465,0.039808,-0.882115,0.00191,0.47103
20.7,-0.000074,0.258171,0.000114,-0.999339,0.00122,0.036328,-0.874105,-0.002528,0.48573
20.71,-0.000131,0.250066,0.000001,-0.999639,0.000018,0.02687,-0.878037,0.007966,0.478527
20.72,-0.000002,0.241815,0.000075,-0.99984,0.001967,0.017778,-0.880987,-0.011257,0.473006
20.73,-0.000125,0.233496,-0.000021,-0.999807,-0.000054,0.019647,-0.879096,-0.003829,0.476629
20.74,-0.000024,0.225358,0.000147,-0.999492,0.005092,0.031457,-0.879007,-0.00283,0.476801
20.75,-0.000083,0.217004,-0.000088,-0.99951,-0.000489,0.031312,-0.884678,-0.003897,0.466186
20.76,-0.000233,0.208602,-0.000005,-0.999681,-0.000606,0.02525,-0.884304,-0.005913,0.466874
20.77,-0.000175,0.20018,0.000099,-0.999595,-0.006801,0.02762,-0.884698,-0.000482,0.466164
20.78,-0.00011,0.191824,0.000255,-0.999906,-0.004168,0.013037,-0.886648,0.006825,0.462394
20.79,-0.000026,0.183557,0.000111,-0.999773,0.005867,0.020484,-0.883843,0.005692,0.467749
20.8,-0.000107,0.175318,-0.000082,-0.999591,0.006575,0.027825,-0.890606,0.003321,0.454764
20.81,-0.000155,0.166743,-0.000015,-0.9999,-0.002855,0.013841,-0.886637,-0.005037,0.462439
20.82,0.000081,0.158172,-0.000012,-0.99983,-0.007309,0.016933,-0.889575,-0.003852,0.456773
20.83,-0.000021,0.1499,0.000139,-0.999933,0.00658,0.009559,-0.891575,-0.008694,0.452789
20.84,-0.000012,0.141566,0.00001,-0.999973,0.004884,-0.005434,-0.895275,-0.005236,0.445483
20.85,-0.000027,0.132956,0.000023,-0.999977,0.001513,0.006647,-0.890656,0.00384,0.454661
20.86,-0.000068,0.124335,-0.000005,-0.999929,-0.002482,0.011664,-0.890242,0.003328,0.455477
20.87,-0.000141,0.115806,-0.000084,-0.99999,0.003872,0.002388,-0.893045,0.00942,0.449868
20.88,-0.00001,0.107183,0.00023,-0.999926,0.009398,0.007741,-0.894957,-0.000273,0.446153
20.89,0.000105,0.098872,0.000032,-0.999986,-0.004636,0.002527,-0.897365,0.014274,0.441057
20.9,-0.000094,0.090327,0.000066,-0.999972,-0.006214,0.004068,-0.897463,-0.000944,0.441088
20.91,0.000005,0.081592,0.000142,-0.999944,-0.010028,0.00351,-0.891423,-0.001239,0.453171
20.92,-0.000113,0.073089,-0.000101,-0.999996,-0.002261,0.00165,-0.895895,0.004874,0.444238
20.93,-0.0001,0.064541,0.00001,-0.999972,-0.003111,-0.006845,-0.897657,0.003496,0.44068
20.94,-0.000082,0.055976,0.000043,-0.999996,-0.002309,-0.001785,-0.896644,0.000575,0.442752
20.95,0.000064,0.047101,0.000099,-0.999996,0.000541,-0.002785,-0.89725,0.011165,0.441383
20.96,0,0.038576,-0.000064,-0.999956,0.008085,0.004787,-0.899247,0.007135,0.437383
20.97,0.000032,0.030012,-0.000006,-0.999993,0.003039,-0.002165,-0.896878,-0.004301,0.442258
20.98,0.000008,0.021468,0.000091,-0.999977,0.005697,0.003798,-0.894817,-0.002367,0.446427
20.99,-0.000119,0.012911,0.000143,-0.999995,-0.000119,0.003263,-0.896867,0.004482,0.442277
21,-0.000016,0.004082,0.000106,-0.999991,0.002093,-0.003593,-0.89408,-0.000774,0.447906
21.01,-0.000039,-0.004418,0.00017,-0.999966,0.007456,-0.00338,-0.894267,-0.002796,0.447525
21.02,-0.000196,-0.012789,-0.000006,-0.999987,-0.002422,0.004549,-0.895857,-0.004793,0.444317
21.03,0.000093,-0.021567,-0.000067,-0.999999,-0.000303,0.001295,-0.89999,-0.007464,0.435846
21.04,-0.000036,-0.030143,0.000096,-1,-0.000246,0.000138,-0.898248,-0.000868,0.439489
21.05,0.000048,-0.038855,0.000092,-0.999989,0.004014,-0.002295,-0.899537,-0.007004,0.436789
21.06,0.00002,-0.047401,-0.000032,-0.999982,0.003549,0.004753,-0.896606,-0.011388,0.442684
21.07,-0.000127,-0.055908,0.000118,-0.999991,0.001165,0.004093,-0.899518,-0.008084,0.43681
21.08,-0.000116,-0.06468,0.000156,-0.999963,-0.005042,0.007024,-0.891064,0.00222,0.453873
21.09,-0.000179,-0.073132,-0.000021,-0.999996,0.00198,0.002146,-0.897574,-0.000973,0.440862
21.1,-0.000197,-0.08171,0.000032,-0.999995,0.003225,0.000459,-0.894376,0.006472,0.447268
21.11,0.000081,-0.090089,0.000032,-0.999941,-0.002949,0.010443,-0.893878,0.006631,0.448262
21.12,0.000045,-0.098751,0.000003,-0.999976,0.006371,0.0027,-0.892344,0.006697,0.451306
21.13,-0.00012,-0.107247,0.000017,-0.999955,-0.002239,0.009237,-0.895818,-0.003302,0.444409
21.14,-0.000047,-0.115945,0.000037,-0.999992,0.00323,0.00221,-0.892381,-0.001944,0.451279
21.15,-0.000097,-0.124375,0.000158,-0.999814,0.000687,0.019271,-0.8919,-0.00322,0.452221
21.16,-0.000077,-0.133067,0.000053,-0.999973,-0.002049,0.007014,-0.890585,-0.012402,0.454648
21.17,-0.000174,-0.141494,0.000156,-0.999967,0.003379,0.007335,-0.887711,0.003353,0.460389
21.18,0.000157,-0.149883,-0.000044,-0.999814,0.006506,0.018162,-0.891105,0.012255,0.453631
21.19,0.000023,-0.158571,-0.000012,-0.99987,0.012562,0.010101,-0.889326,-0.004035,0.457257
21.2,0.000088,-0.166754,-0.000071,-0.999881,0.010998,0.010848,-0.888237,0.004826,0.45936
21.21,-0.000189,-0.175169,0.000045,-0.9999,-0.000882,0.014142,-0.888909,-0.008802,0.457999
21.22,-0.000096,-0.183613,-0.000001,-0.999757,-0.001095,0.022029,-0.886696,-0.00842,0.462277
21.23,-0.000211,-0.191964,-0.000008,-0.999729,0.003047,0.023083,-0.88484,-0.000794,0.465894
21.24,-0.000131,-0.200514,0.00007,-0.999766,0.003132,0.021419,-0.885561,-0.003822,0.464506
21.25,-0.000114,-0.208686,0.000026,-0.999863,0.004266,0.015989,-0.882793,-0.007004,0.46971
21.26,0.00005,-0.217093,-0.000008,-0.999723,0.006563,0.022586,-0.882452,0.006992,0.47035
21.27,-0.000215,-0.22545,0.000111,-0.999466,-0.004335,0.032375,-0.881492,-0.008881,0.472116
21.28,0.000221,-0.233734,-0.000041,-0.999315,0.005259,0.036618,-0.880297,0.000619,0.474422
21.29,-0.000015,-0.241829,-0.00001,-0.999589,0.003908,0.028392,-0.880302,-0.003412,0.474401
21.3,-0.000037,-0.250229,0.000023,-0.998982,0.001153,0.045107,-0.880995,0.003344,0.473114
21.31,0.000034,-0.258139,0.000034,-0.999402,0.007717,0.033696,-0.877087,-0.00141,0.48033
21.32,-0.000067,-0.266404,0.000145,-0.998938,-0.004621,0.045833,-0.875393,0.010013,0.483309
21.33,-0.000002,-0.274642,0.00008,-0.99859,0.002654,0.053015,-0.870519,-0.005251,0.492107
21.34,0.00004,-0.282743,-0.000067,-0.998894,-0.005766,0.046654,-0.874404,-0.001005,0.485198
21.35,0,-0.290722,0.000133,-0.998734,0.000555,0.050306,-0.874071,0.006606,0.485753
21.36,-0.000036,-0.29885,0.000011,-0.998866,0.001118,0.0476,-0.86954,-0.000306,0.493863
21.37,-0.000133,-0.306884,0,-0.998574,0.001608,0.053362,-0.866946,0.000406,0.498403
21.38,-0.000086,-0.314679,-0.000057,-0.997617,0.003337,0.068911,-0.867249,-0.003799,0.49786
21.39,-0.000048,-0.322767,0.000178,-0.99771,0.004564,0.067485,-0.8675,0.000992,0.497436
21.4,-0.000021,-0.330653,0.00012,-0.998008,-0.00441,0.062929,-0.858907,-0.003312,0.512121
21.41,-0.000038,-0.33853,0.000183,-0.997812,-0.000738,0.066105,-0.863131,-0.001393,0.504979
21.42,0.000018,-0.346169,0.00015,-0.997373,0.005695,0.072213,-0.860912,-0.001303,0.508753
21.43,0.000024,-0.354101,-0.000045,-0.997058,-0.001494,0.076639,-0.860266,-0.005766,0.509812
21.44,0.000018,-0.36186,0.000108,-0.996205,0.010947,0.086346,-0.851904,-0.009764,0.523607
21.45,-0.000044,-0.369641,-0.000038,-0.995928,-0.003251,0.090097,-0.85194,0.001457,0.523637
21.46,0.000017,-0.377143,0.000025,-0.996379,-0.000512,0.085016,-0.852076,-0.000267,0.523418
21.47,-0.000004,-0.384767,-0.000023,-0.995136,-0.010063,0.097999,-0.851104,0.005463,0.524969
21.48,-0.000073,-0.392575,0.000152,-0.996139,0.007699,0.087446,-0.846006,0.00881,0.533101
21.49,-0.00002,-0.400065,-0.000094,-0.995195,-0.003969,0.097836,-0.84819,-0.006159,0.529657
21.5,-0.000059,-0.407442,0.000024,-0.994081,0.005935,0.108478,-0.844287,-0.000567,0.535891
21.51,-0.00008,-0.414932,-0.000057,-0.993999,0.002767,0.109355,-0.849044,0.00187,0.528319
21.52,-0.000038,-0.422349,-0.000017,-0.993472,-0.007742,0.113812,-0.842376,0.003514,0.538879
21.53,-0.000115,-0.429746,0.000042,-0.994292,-0.000279,0.106692,-0.836648,0.000877,0.54774
21.54,-0.000063,-0.43707,0.00007,-0.992987,-0.000694,0.118225,-0.834974,-0.000614,0.550289
21.55,-0.000123,-0.444417,0.000089,-0.992431,-0.00078,0.122802,-0.836953,-0.000689,0.547275
21.56,0.000054,-0.451465,-0.000023,-0.991489,-0.001402,0.130186,-0.830386,-0.003925,0.557175
21.57,0.000052,-0.458691,0.000048,-0.991024,-0.009084,0.133372,-0.825945,0.010224,0.563658
21.58,0,-0.465808,0.000205,-0.989936,-0.007602,0.141312,-0.826536,0.003713,0.562871
21.59,-0.000134,-0.4729,0.000039,-0.988632,0.005374,0.15026,-0.821011,-0.003033,0.570905
21.6,-0.00006,-0.479873,0.000121,-0.989934,-0.002744,0.1415,-0.823926,0.0106,0.566598
21.61,-0.00013,-0.486965,0.00007,-0.988087,-0.004469,0.153834,-0.81624,0.007526,0.577664
21.62,-0.000165,-0.49378,0.000044,-0.98679,0.009636,0.16172,-0.818178,0.00386,0.574952
21.63,-0.000028,-0.500686,0.000207,-0.986213,-0.00083,0.165479,-0.80488,-0.008672,0.593374
21.64,-0.000039,-0.507551,0.000201,-0.986253,0.008804,0.165006,-0.814172,0.006697,0.580584
21.65,-0.000086,-0.514315,-0.000069,-0.983889,-0.003276,0.178751,-0.809219,0.004444,0.58749
21.66,0.000051,-0.52094,0.000092,-0.983342,0.003284,0.181736,-0.797373,0.00763,0.603439
21.67,-0.000028,-0.527611,-0.000017,-0.983278,0.002834,0.182087,-0.799034,-0.002033,0.601282
21.68,-0.000109,-0.534141,0.000062,-0.980531,0.008964,0.196161,-0.795167,-0.002163,0.606386
21.69,0.000099,-0.540763,0.000009,-0.978825,-0.002104,0.204688,-0.793992,0.005339,0.607905
21.7,-0.00013,-0.547039,-0.000055,-0.977863,-0.003677,0.209215,-0.788054,0.004578,0.615589
21.71,0.000025,-0.553434,0.000039,-0.98033,-0.004135,0.197322,-0.792362,0.003585,0.610041
21.72,0.000021,-0.560082,0.000018,-0.976946,0.006084,0.213402,-0.782978,-0.001923,0.622047
21.73,-0.000185,-0.566162,0.000052,-0.977413,-0.0004,0.211338,-0.776422,-0.004989,0.630194
21.74,-0.000108,-0.572311,0.000082,-0.974196,0.00752,0.225577,-0.773919,0.004384,0.633269
21.75,-0.000087,-0.578591,-0.000076,-0.971541,0.00791,0.236738,-0.766084,-0.005349,0.642719
21.76,-0.000058,-0.584454,-0.00001,-0.973927,0.002369,0.226851,-0.77528,0.001524,0.631616
21.77,-0.000005,-0.59071,0.000121,-0.97237,0.005885,0.233372,-0.762439,0.000095,0.647061
21.78,-0.000004,-0.596644,-0.000102,-0.968902,0.006425,0.247361,-0.767944,-0.004337,0.640502
21.79,-0.000086,-0.602416,0.00003,-0.968716,-0.000355,0.24817,-0.759249,-0.005687,0.650776
21.8,0.000013,-0.608391,-0.00011,-0.966545,0.01045,0.256284,-0.754692,0.001436,0.656078
21.81,-0.000005,-0.614085,0.000002,-0.964521,0.005406,0.263949,-0.747722,0.00485,0.663994
21.82,-0.000074,-0.619783,0,-0.963033,0.000244,0.269382,-0.746051,0.003344,0.665881
21.83,-0.000012,-0.625453,-0.000152,-0.960143,0.005594,0.279454,-0.736983,-0.004797,0.675895
21.84,-0.000054,-0.631046,-0.000021,-0.959366,-0.000549,0.282163,-0.729916,-0.002399,0.683533
21.85,-0.000007,-0.636527,0.000098,-0.955356,-0.00808,0.295345,-0.729954,-0.002734,0.683491
21.86,0.000053,-0.641893,-0.000082,-0.955754,-0.00318,0.29415,-0.723873,0.005535,0.689911
21.87,-0.000105,-0.647176,0.000029,-0.953474,-0.006747,0.3014,-0.722451,0.003158,0.691415
21.88,-0.000111,-0.652541,0.000095,-0.951553,-0.004156,0.307457,-0.71827,0.000942,0.695764
21.89,-0.000019,-0.657685,-0.000019,-0.950592,0.001365,0.31044,-0.716823,-0.002197,0.697252
21.9,-0.000065,-0.662897,0.00005,-0.947188,-0.008451,0.320566,-0.709084,-0.000537,0.705124
21.91,-0.000222,-0.667959,-0.000064,-0.946183,-0.000126,0.323631,-0.705442,-0.004164,0.708756
21.92,0.000079,-0.672793,0.000197,-0.942816,0.009154,0.333187,-0.692766,0.012089,0.721061
21.93,0.000029,-0.677885,0.000135,-0.939419,-0.005703,0.342724,-0.701747,0.012366,0.712319
21.94,-0.000058,-0.682631,-0.000026,-0.939956,-0.005355,0.341253,-0.687343,-0.003098,0.726326
21.95,-0.000092,-0.68741,0.000205,-0.936677,0.005479,0.350151,-0.686913,0.005072,0.726722
21.96,-0.000043,-0.691946,0.00029,-0.93565,0.003874,0.352909,-0.680389,-0.003226,0.732844
21.97,-0.000152,-0.696758,-0.00003,-0.932963,0.000007,0.359973,-0.672051,0.011149,0.740421
21.98,-0.000053,-0.70134,0.000046,-0.932308,0.00065,0.361665,-0.666234,0.012788,0.745633
21.99,0.000042,-0.705675,0.000075,-0.930375,0.007932,0.366524,-0.669914,-0.004113,0.742427
22,-0.000041,-0.71013,0.000063,-0.925198,0.00154,0.379481,-0.66203,0.001493,0.749476
22.01,0.000009,-0.714446,0.000096,-0.923675,-0.005343,0.383139,-0.654151,0.000768,0.756364
22.02,-0.000154,-0.718606,0.000203,-0.921081,0.001791,0.389367,-0.651574,0.000923,0.758585
22.03,-0.000025,-0.722945,0.000169,-0.918545,0.000512,0.395315,-0.640597,-0.008035,0.767835
22.04,-0.000069,-0.727151,0.000034,-0.910594,-0.003365,0.413288,-0.635886,-0.002169,0.77178
22.05,0.000012,-0.73085,0.000159,-0.908019,-0.00437,0.418905,-0.62802,-0.002785,0.778193
22.06,0.000013,-0.734783,-0.000118,-0.906898,0.00239,0.421343,-0.630043,0.001246,0.776559
22.07,-0.000137,-0.738607,0.000111,-0.899078,0.003951,0.437771,-0.613767,0.002591,0.789483
22.08,-0.000129,-0.742424,0.000093,-0.899879,-0.006471,0.436092,-0.613206,0.000563,0.789923
22.09,-0.000205,-0.746207,0.000033,-0.897476,0.005394,0.441029,-0.612819,-0.005114,0.790207
22.1,-0.000019,-0.749665,-0.000146,-0.893377,0.001915,0.449304,-0.606031,0.006041,0.795418
22.11,-0.000039,-0.753242,0.000109,-0.887654,-0.004617,0.460489,-0.600617,0.004425,0.799525
22.12,-0.000049,-0.756525,0.000108,-0.889017,0.002507,0.457868,-0.581397,-0.003328,0.813614
22.13,-0.000086,-0.759813,0.00016,-0.885023,0.005016,0.46552,-0.593259,-0.00588,0.80499
22.14,-0.000006,-0.763024,-0.000002,-0.879272,0.003572,0.476307,-0.573159,-0.006145,0.819421
22.15,0.000039,-0.766286,-0.000033,-0.877638,0.000408,0.479324,-0.574801,0.003567,0.818285
22.16,-0.000047,-0.769442,0.000005,-0.867045,0.003982,0.498214,-0.561932,-0.000371,0.827183
22.17,-0.000033,-0.772307,0.000025,-0.868606,0.005833,0.495469,-0.557771,0.005251,0.829978
22.18,-0.00003,-0.775443,0.000062,-0.862864,-0.004223,0.505418,-0.551859,-0.009838,0.833879
22.19,0.000059,-0.778078,0.000094,-0.8649,0.005172,0.501917,-0.546034,0.005377,0.837746
22.2,-0.000086,-0.78098,0.000045,-0.854816,-0.001126,0.518931,-0.545735,-0.008698,0.837913
22.21,-0.000156,-0.783663,0.000134,-0.850162,-0.001738,0.526518,-0.534336,0.00328,0.845266
22.22,-0.00012,-0.785977,-0.000071,-0.846167,-0.001557,0.532915,-0.526895,-0.007883,0.849894
22.23,-0.000003,-0.788723,0.000068,-0.845847,0.002359,0.53342,-0.51594,-0.000082,0.856625
22.24,-0.00013,-0.791021,0.000039,-0.84217,-0.008551,0.539144,-0.512996,0.003436,0.858384
22.25,-0.000079,-0.793296,0.000183,-0.834733,-0.003877,0.550641,-0.507114,-0.000534,0.861879
22.26,-0.000092,-0.795493,0.00006,-0.831332,0.007421,0.555727,-0.497414,-0.004315,0.867503
22.27,-0.000043,-0.797522,-0.000135,-0.826555,-0.002947,0.562848,-0.491311,-0.006537,0.870959
22.28,-0.000099,-0.799923,0.000026,-0.822442,0.00474,0.56883,-0.476459,0.007985,0.87916
22.29,-0.00006,-0.801403,0.000083,-0.811179,-0.000824,0.584798,-0.485333,0.003696,0.874322
22.3,0.000115,-0.803499,0.000015,-0.812898,-0.00135,0.582404,-0.465544,0.010317,0.884964
22.31,0.000001,-0.805258,0.000068,-0.806217,-0.002485,0.591615,-0.461675,-0.006916,0.887022
22.32,-0.000022,-0.807061,-0.000077,-0.799325,-0.001625,0.600897,-0.456659,-0.005508,0.889625
22.33,-0.000111,-0.808689,0.0001,-0.795698,-0.003537,0.605683,-0.447135,0.004982,0.894453
22.34,-0.00012,-0.810272,0.000042,-0.792291,-0.002045,0.61014,-0.443905,-0.003625,0.896067
22.35,-0.000054,-0.81162,0.000062,-0.790563,-0.004293,0.612366,-0.425292,-0.002238,0.905054
22.36,-0.000026,-0.81315,-0.000039,-0.783356,0.005003,0.621553,-0.423069,0.008757,0.906055
22.37,-0.000013,-0.814424,0.000076,-0.780033,-0.005998,0.625709,-0.413664,-0.00278,0.910425
22.38,-0.000098,-0.815525,0.000108,-0.777678,0.00587,0.628635,-0.421473,0.001148,0.90684
22.39,-0.000099,-0.816608,-0.000006,-0.771791,-0.008859,0.635814,-0.405179,-0.002586,0.914234
22.4,-0.000036,-0.817286,-0.000131,-0.765453,0.00842,0.643436,-0.401082,-0.002952,0.916038
22.41,-0.000043,-0.818445,0.000135,-0.752785,-0.002734,0.65826,-0.380526,-0.005194,0.924756
22.42,-0.000073,-0.819449,0.000167,-0.751017,0.00789,0.660236,-0.376864,0.004666,0.926257
22.43,-0.000136,-0.819961,-0.000067,-0.745508,0.002108,0.666493,-0.380358,-0.006944,0.924813
22.44,-0.000136,-0.82063,0.000126,-0.744304,-0.00124,0.66784,-0.372446,-0.003121,0.928049
22.45,0.000032,-0.82118,0.000095,-0.734199,-0.005797,0.678909,-0.353812,-0.006723,0.935292
22.46,-0.000074,-0.821569,0.000065,-0.724694,0.001792,0.689068,-0.353718,0.012563,0.935268
22.47,0.000012,-0.821993,0.00004,-0.728401,-0.003642,0.685141,-0.336041,0.001818,0.941845
22.48,-0.000023,-0.822202,-0.000018,-0.712884,-0.001815,0.701279,-0.345831,0.00066,0.938297
22.49,0.000108,-0.82243,0.000117,-0.71677,-0.00222,0.697307,-0.326719,0.003391,0.945115
22.5,-0.000024,-0.822375,-0.000138,-0.706094,-0.001177,0.708118,-0.314879,0.000473,0.949132
22.51,0.000136,-0.822499,-0.000056,-0.703094,-0.005797,0.711073,-0.309978,-0.004438,0.950733
22.52,-0.000031,-0.822195,0.000095,-0.697083,0.004324,0.716978,-0.311098,0.002512,0.950375
22.53,-0.000149,-0.82225,0.000167,-0.687814,-0.006749,0.725856,-0.291893,0.005268,0.956437
22.54,-0.000164,-0.821955,0.000026,-0.679791,-0.007952,0.733362,-0.287845,-0.000654,0.957677
22.55,0.000146,-0.821605,0.000165,-0.67589,-0.005425,0.736982,-0.275936,0.001101,0.961175
22.56,-0.000101,-0.821198,0.000138,-0.67647,-0.00312,0.736464,-0.272868,0.001123,0.962051
22.57,0.000012,-0.820738,0.000106,-0.660462,0.002998,0.750854,-0.261705,-0.005776,0.965131
22.58,0.000014,-0.82001,0.00007,-0.655919,-0.003926,0.754821,-0.26128,-0.007783,0.965232
22.59,-0.000019,-0.819278,0,-0.650534,0.003572,0.759469,-0.244469,0.000424,0.969657
22.6,-0.0001,-0.818449,-0.000064,-0.646793,-0.009014,0.762612,-0.253615,0.004331,0.967296
22.61,-0.000046,-0.817655,0.000057,-0.644538,0.004377,0.76456,-0.231103,-0.002816,0.972925
22.62,-0.00005,-0.816625,0.000125,-0.631304,0.00125,0.775534,-0.229873,0.001814,0.973219
22.63,0.000126,-0.815341,-0.000068,-0.624424,-0.003628,0.781077,-0.218198,-0.004778,0.975893
22.64,0.000068,-0.814268,0.000046,-0.6232,0.007732,0.782024,-0.220472,0.00361,0.975387
22.65,-0.000094,-0.81303,0.000171,-0.623093,0.007154,0.782115,-0.205597,0.005137,0.978623
22.66,0.000005,-0.811718,-0.000007,-0.608618,-0.001805,0.793461,-0.188362,-0.002622,0.982096
22.67,-0.000078,-0.810195,0.000212,-0.606145,-0.005484,0.795335,-0.182322,0.005326,0.983225
22.68,-0.000134,-0.808721,0.000017,-0.590906,-0.003529,0.806733,-0.17649,-0.003481,0.984296
22.69,-0.000108,-0.807072,0.000098,-0.590113,0.007089,0.807289,-0.169727,0.004091,0.985483
22.7,-0.000165,-0.805494,0.000154,-0.58232,-0.003015,0.812954,-0.157515,-0.005436,0.987502
22.71,-0.000015,-0.803568,0.000007,-0.570897,-0.000998,0.821021,-0.156057,-0.007575,0.987719
22.72,-0.000075,-0.801695,0.000008,-0.572475,-0.003296,0.819916,-0.142361,-0.00723,0.989788
22.73,-0.000138,-0.799768,0.000129,-0.561816,0.000695,0.827262,-0.146067,-0.000938,0.989274
22.74,-0.000132,-0.797622,0.000111,-0.560134,-0.00367,0.828394,-0.129667,0.004673,0.991547
22.75,-0.000117,-0.795571,0.000047,-0.549607,0.002697,0.835419,-0.1254,-0.007816,0.992076
22.76,0.000012,-0.793285,-0.000062,-0.538384,-0.002156,0.842697,-0.113534,-0.004951,0.993522
22.77,-0.000159,-0.790938,0.00006,-0.538215,-0.009726,0.842751,-0.112763,0.000283,0.993622
22.78,-0.000006,-0.788595,0.000183,-0.533006,0.00318,0.846106,-0.104887,-0.006488,0.994463
22.79,-0.000147,-0.78604,-0.00002,-0.529541,-0.004658,0.848272,-0.084264,-0.006917,0.996419
22.8,0.00002,-0.783443,-0.000069,-0.517871,-0.001518,0.855457,-0.095843,0.002959,0.995392
22.81,-0.000008,-0.780921,0.000026,-0.510267,0.002269,0.860013,-0.078233,0.001666,0.996934
22.82,-0.000039,-0.778241,-0.000033,-0.510613,-0.005115,0.859795,-0.066237,-0.001169,0.997803
22.83,0.000014,-0.775245,0.000002,-0.496379,0.005465,0.868089,-0.068042,-0.002802,0.997679
22.84,-0.000168,-0.7722,0.000146,-0.492668,-0.004451,0.870206,-0.060713,0.001339,0.998154
22.85,-0.000011,-0.769487,0,-0.482786,-0.001324,0.875737,-0.050986,-0.001124,0.998699
22.86,-0.000021,-0.766394,0.000189,-0.483202,-0.0008,0.875508,-0.040299,0.002061,0.999186
22.87,-0.000031,-0.763107,-0.000038,-0.468815,-0.003775,0.883288,-0.035851,0.003757,0.99935
22.88,-0.000121,-0.759955,0.000074,-0.463267,0.013408,0.886118,-0.02674,0.002781,0.999639
22.89,-0.000065,-0.756574,0.000078,-0.447841,-0.004832,0.8941,-0.027269,-0.000785,0.999628
22.9,-0.000023,-0.753001,0.000034,-0.452899,0.006743,0.891536,-0.003106,0.008426,0.99996
22.91,-0.00013,-0.749627,0.000177,-0.439294,0.005044,0.898329,-0.003343,0.002498,0.999991
22.92,-0.00009,-0.746036,0.00002,-0.439655,0.001155,0.898166,0.010538,-0.005384,0.99993
22.93,-0.000008,-0.742351,-0.000019,-0.420243,-0.010634,0.907349,0.015798,-0.00823,0.999841
22.94,-0.000062,-0.738544,0.000145,-0.422967,-0.01054,0.906084,0.027296,-0.003613,0.999621
22.95,0.000037,-0.734721,0.000022,-0.419172,0.000083,0.907907,0.032802,0.003522,0.999456
22.96,-0.000074,-0.730805,-0.00005,-0.403985,-0.00932,0.914718,0.036213,0.000607,0.999344
22.97,-0.000047,-0.727054,0.000018,-0.396309,-0.006632,0.918093,0.04495,0.006179,0.99897
22.98,-0.000103,-0.722928,0.0001,-0.396032,-0.002821,0.918233,0.051161,-0.003027,0.998686
22.99,-0.000105,-0.718707,0.000029,-0.385888,-0.002451,0.922542,0.049476,-0.001559,0.998774
23,-0.000105,-0.714326,0.000008,-0.383142,0.003491,0.923683,0.060971,-0.002052,0.998137
23.01,-0.000025,-0.710253,0.00001,-0.376627,-0.006353,0.926343,0.079513,0.007693,0.996804
23.02,-0.00007,-0.705783,0.000001,-0.36937,-0.000474,0.929282,0.083145,-0.003086,0.996533
23.03,-0.00003,-0.701162,0.000039,-0.358509,0.000183,0.933526,0.096003,0.002346,0.995378
23.04,-0.000054,-0.69679,0.000268,-0.357097,0.001854,0.934066,0.091073,-0.008258,0.99581
23.05,0.000096,-0.692094,0.000111,-0.355308,0.004201,0.93474,0.105823,0.006034,0.994367
23.06,-0.000103,-0.687464,0.000069,-0.339015,-0.004115,0.940772,0.108497,-0.001905,0.994095
23.07,-0.000032,-0.682758,-0.000016,-0.337908,0.000799,0.941179,0.111305,-0.001647,0.993785
23.08,0.000002,-0.677817,-0.00013,-0.332499,-0.003244,0.943098,0.123216,-0.001557,0.992379
23.09,-0.000034,-0.672819,-0.000004,-0.328475,-0.000197,0.944512,0.119495,-0.000134,0.992835
23.1,-0.000022,-0.668064,0.000122,-0.323802,0.00021,0.946125,0.142714,-0.004001,0.989756
23.11,-0.000138,-0.662984,0.000024,-0.309992,-0.014907,0.950622,0.140007,0.000056,0.990151
23.12,0.000161,-0.657794,-0.000057,-0.302906,-0.004849,0.953008,0.153359,-0.008819,0.988131
23.13,-0.000003,-0.652515,0.000193,-0.299127,0.003672,0.954206,0.1593,0.00339,0.987224
23.14,-0.000151,-0.647392,0.000024,-0.305533,0.005995,0.952163,0.160227,0.006223,0.987061
23.15,-0.00001,-0.641875,0.000144,-0.283261,-0.000714,0.959042,0.154506,-0.013302,0.987902
23.16,-0.00017,-0.636556,0.00004,-0.293751,-0.002454,0.955879,0.174156,0.001806,0.984716
23.17,0.00003,-0.630955,0.000015,-0.273848,-0.005593,0.961757,0.175088,0.001708,0.984551
23.18,-0.000129,-0.625361,0.000132,-0.268832,-0.002316,0.963184,0.182718,-0.00086,0.983165
23.19,0.00019,-0.619824,0.00019,-0.258809,-0.003327,0.965923,0.196644,0.001023,0.980474
23.2,-0.000146,-0.614159,-0.000007,-0.26484,-0.003852,0.964285,0.187783,0.003637,0.982204
23.21,-0.000082,-0.608425,0.000005,-0.253869,-0.005118,0.967225,0.206484,-0.001514,0.978449
23.22,-0.000047,-0.602558,0.000107,-0.248909,-0.004176,0.968518,0.213603,-0.001874,0.976919
23.23,-0.000049,-0.596624,0.000177,-0.242318,0.003868,0.970189,0.216361,-0.000578,0.976313
23.24,-0.000015,-0.59065,0.000049,-0.239662,0.006581,0.970834,0.215383,0.005078,0.976516
23.25,-0.000037,-0.584588,-0.000018,-0.229462,-0.005073,0.973304,0.233349,-0.000342,0.972393
23.26,0.000056,-0.578412,0.00015,-0.225282,0.002488,0.97429,0.231964,-0.002489,0.972721
23.27,-0.000084,-0.572529,0.000014,-0.21147,-0.008293,0.977349,0.235463,-0.004315,0.971874
23.28,-0.000029,-0.566106,0.000035,-0.210477,-0.002599,0.977595,0.235695,-0.004642,0.971816
23.29,-0.000068,-0.559768,-0.000006,-0.211626,0.009455,0.977305,0.256637,0.002131,0.966506
23.3,0.000049,-0.553481,-0.000063,-0.197604,-0.004031,0.980274,0.261591,-0.003935,0.965171
23.31,-0.000018,-0.547206,-0.00003,-0.194185,0.008049,0.980932,0.261726,-0.00208,0.96514
23.32,-0.0002,-0.540832,0.000087,-0.178464,0.007446,0.983918,0.274017,0.000884,0.961725
23.33,-0.000075,-0.534154,-0.00004,-0.184428,-0.003558,0.98284,0.269054,-0.001484,0.963124
23.34,-0.000069,-0.527623,-0.000081,-0.183407,0.002556,0.983034,0.280626,0.000938,0.959817
23.35,-0.000184,-0.520926,0.000064,-0.180137,0.000187,0.983641,0.280161,-0.003667,0.959946
23.36,-0.000122,-0.514278,0.000108,-0.170852,0.004257,0.985287,0.287594,-0.001656,0.957751
23.37,0.000115,-0.507596,0.000104,-0.159057,-0.002351,0.987267,0.289298,-0.00144,0.957238
23.38,0.000139,-0.500709,0.000177,-0.16583,0.006519,0.986133,0.289869,0.007638,0.957036
23.39,-0.000263,-0.49373,0.00005,-0.154989,0.002704,0.987912,0.302443,0.003615,0.95316
23.4,-0.000202,-0.486873,0.000141,-0.157618,-0.007721,0.98747,0.307568,-0.003129,0.951521
23.41,0.000061,-0.479869,0.000049,-0.145681,-0.001817,0.98933,0.312409,0.004991,0.949935
23.42,-0.000106,-0.472991,0.000048,-0.128764,-0.005198,0.991662,0.312278,0.003106,0.949986
23.43,-0.000007,-0.46592,0.000055,-0.13676,0.005351,0.99059,0.313171,0.006782,0.949673
23.44,0.000033,-0.458728,0.000247,-0.139664,-0.005531,0.990183,0.318433,0.001838,0.947943
23.45,0.000143,-0.45168,0.000002,-0.126607,-0.002552,0.99195,0.324444,-0.000926,0.945904
23.46,-0.000154,-0.444458,0.000098,-0.12627,-0.008255,0.991962,0.325101,-0.009456,0.945632
23.47,-0.000127,-0.437176,0.000028,-0.11804,-0.004068,0.993001,0.328996,0.002045,0.944329
23.48,0.000027,-0.429797,0.00002,-0.103215,0.002344,0.994656,0.340569,0.000056,0.94022
23.49,0.000037,-0.422359,0.00009,-0.102379,0.010294,0.994692,0.345766,-0.006381,0.938299
23.5,0.000039,-0.415073,0.00007,-0.103249,0.005298,0.994641,0.343258,-0.000097,0.939241
23.51,-0.000096,-0.40744,0.000121,-0.095245,0.002606,0.99545,0.35076,-0.004166,0.936456
23.52,-0.000132,-0.399909,-0.000049,-0.099942,-0.001429,0.994992,0.354807,0.004305,0.93493
23.53,0.000058,-0.392459,-0.000024,-0.08687,0.001433,0.996219,0.365801,-0.000723,0.930693
23.54,-0.000138,-0.384912,0.000049,-0.085002,0.000209,0.996381,0.363137,0.004448,0.931725
23.55,-0.000103,-0.377205,-0.000069,-0.077897,0.000686,0.996961,0.357438,0.000259,0.933937
23.56,-0.000043,-0.369579,-0.00011,-0.087676,0.008623,0.996112,0.365058,0.004568,0.930974
23.57,-0.000015,-0.361973,-0.000163,-0.081826,-0.000668,0.996646,0.370829,-0.003918,0.928693
23.58,-0.000095,-0.35413,0.000129,-0.068338,0.001351,0.997661,0.376299,-0.000409,0.926498
23.59,-0.000084,-0.346191,0.000175,-0.078681,0.010346,0.996846,0.369644,0.003014,0.929169
23.6,0.000052,-0.338373,0.000081,-0.079082,-0.003057,0.996863,0.383013,0.003434,0.923737
23.61,-0.00009,-0.330563,0.000134,-0.063632,-0.005597,0.997958,0.38207,-0.000836,0.924133
23.62,-0.000022,-0.322735,-0.000084,-0.058822,0.00003,0.998268,0.39058,-0.000403,0.920569
23.63,0.000016,-0.314744,-0.000061,-0.067296,-0.002489,0.99773,0.388065,-0.001056,0.921631
23.64,-0.000034,-0.306738,0.000042,-0.060983,0.001263,0.998138,0.383436,0.00184,0.923566
23.65,0.000025,-0.298727,-0.000076,-0.054713,-0.002228,0.9985,0.397723,0.001265,0.917505
23.66,-0.000068,-0.29071,0.00013,-0.041522,0.006974,0.999113,0.398104,-0.008697,0.917299
23.67,0.000079,-0.282844,0.000045,-0.049167,0.012542,0.998712,0.400308,-0.003819,0.916373
23.68,0.00002,-0.27447,0.000196,-0.034923,0.002304,0.999387,0.405079,-0.008469,0.914243
23.69,-0.000123,-0.266474,-0.00004,-0.042871,0.000245,0.999081,0.41234,-0.004658,0.911018
23.7,0.000028,-0.258393,0.000153,-0.038419,-0.00045,0.999262,0.411671,-0.006467,0.91131
23.71,0.000039,-0.250045,-0.000136,-0.037032,0.006444,0.999293,0.413346,-0.003229,0.910568
23.72,-0.0001,-0.241804,-0.000071,-0.035163,0.003448,0.999376,0.415679,0.004328,0.909501
23.73,-0.000063,-0.233632,0.000128,-0.026523,0.000036,0.999648,0.420313,0.009439,0.90733
23.74,-0.000018,-0.225329,0.000013,-0.031507,-0.008034,0.999471,0.418502,0.009218,0.908169
23.75,-0.000042,-0.217069,0.000114,-0.021731,-0.000495,0.999764,0.423404,0.003061,0.905936
23.76,-0.000058,-0.208649,-0.000095,-0.018585,-0.004721,0.999816,0.414571,-0.004997,0.910003
23.77,0.000061,-0.20041,0.000148,-0.025796,0.005517,0.999652,0.422449,-0.003179,0.906381
23.78,-0.000035,-0.191958,0.00018,-0.022687,-0.002691,0.999739,0.42948,-0.002758,0.903072
23.79,-0.00009,-0.18364,0.000036,-0.021859,0.009181,0.999719,0.415757,-0.000981,0.909475
23.8,-0.000024,-0.175381,0.000036,-0.018162,-0.007349,0.999808,0.433719,-0.003184,0.901043
23.81,-0.000064,-0.166884,0.000034,-0.019354,-0.006161,0.999794,0.430976,0.002747,0.902359
23.82,-0.000175,-0.158253,0.000089,-0.016976,-0.002395,0.999853,0.432634,0.000419,0.90157
23.83,0.00012,-0.149989,-0.00005,-0.017143,-0.006442,0.999832,0.423081,0.000712,0.906092
23.84,-0.000018,-0.141581,0.00007,-0.01018,-0.000692,0.999948,0.440418,0.003384,0.897787
23.85,-0.000103,-0.132974,0.000073,-0.001931,0.001676,0.999997,0.430185,-0.003446,0.902734
23.86,-0.000038,-0.124278,0.000105,-0.000963,-0.004677,0.999989,0.436709,-0.000034,0.899603
23.87,-0.000154,-0.115833,-0.000065,-0.006203,0.001314,0.99998,0.429755,-0.003696,0.902938
23.88,-0.000035,-0.107492,-0.000021,-0.010348,-0.000113,0.999946,0.438266,-0.003756,0.898838
23.89,0.000071,-0.098888,-0.000005,0.002298,-0.002,0.999995,0.446566,-0.000824,0.89475
23.9,-0.000091,-0.090311,0.000175,-0.00598,-0.006584,0.99996,0.436936,-0.001736,0.899491
23.91,-0.000144,-0.081825,0.0001,-0.003101,0.008408,0.99996,0.438678,0.009167,0.898597
23.92,-0.00018,-0.073176,0.000148,-0.005535,-0.004559,0.999974,0.444563,-0.004862,0.895735
23.93,-0.000043,-0.064603,-0.000011,-0.005003,0.011994,0.999916,0.440167,0.002731,0.897912
23.94,-0.000122,-0.056023,0.000062,-0.001922,-0.002765,0.999994,0.436619,-0.003665,0.899639
23.95,0.000064,-0.047293,0.000001,-0.001633,-0.012819,0.999917,0.440839,0.003803,0.897578
23.96,-0.000106,-0.038716,-0.000107,-0.003061,0.007499,0.999967,0.433188,0.001309,0.901303
23.97,-0.000081,-0.030199,-0.000046,0.003979,-0.001744,0.999991,0.45269,0.007074,0.89164
23.98,-0.000129,-0.021532,-0.000093,-0.003884,0.001931,0.999991,0.447084,-0.010572,0.894429
23.99,-0.000123,-0.013008,0.000056,0.012488,-0.004042,0.999914,0.452922,0.003615,0.891543
24,-0.000162,-0.004246,0.000022,-0.000578,-0.002971,0.999995,0.443019,0.001975,0.89651
24.01,0.003997,-0.001748,0.001674,0.000095,-0.00171,0.999999,0.43629,0.012248,0.899723
24.02,0.012061,-0.004984,0.005115,0.001313,-0.007052,0.999974,0.443758,-0.003503,0.89614
24.03,0.020261,-0.008363,0.008402,0.005073,-0.005984,0.999969,0.446036,0.002143,0.895012
24.04,0.028447,-0.011812,0.011751,0.001194,0.000372,0.999999,0.439202,-0.005491,0.898371
24.05,0.036578,-0.015306,0.015247,0.000456,0.004335,0.99999,0.448549,-0.002112,0.893756
24.06,0.044552,-0.018504,0.018671,-0.000263,0.004953,0.999988,0.44231,-0.00446,0.896851
24.07,0.052788,-0.021951,0.021909,-0.005106,0.005694,0.999971,0.44692,-0.004327,0.894563
24.08,0.060812,-0.025357,0.025173,0.005769,0.002508,0.99998,0.445638,-0.002117,0.895211
24.09,0.068946,-0.028565,0.028471,0.008763,0.009331,0.999918,0.438253,-0.00523,0.898837
24.1,0.077027,-0.031919,0.031983,-0.000785,0.004631,0.999989,0.446919,-0.006626,0.89455
24.11,0.085029,-0.035222,0.035217,-0.003122,0.00533,0.999981,0.442824,0.005059,0.896594
24.12,0.093244,-0.038517,0.03849,0.005106,0.006267,0.999967,0.444661,0.01106,0.89563
24.13,0.101273,-0.041968,0.042024,-0.001975,0.013315,0.999909,0.442678,0.003381,0.896674
24.14,0.109236,-0.045357,0.04522,0.007811,0.003392,0.999964,0.447966,0.005741,0.894032
24.15,0.117353,-0.048614,0.048613,0.010792,0.001258,0.999941,0.448169,0.010515,0.893887
24.16,0.125289,-0.052026,0.051994,0.005253,0.014857,0.999876,0.442547,0.009873,0.896691
24.17,0.133387,-0.055314,0.05532,0.004281,0.004985,0.999978,0.449489,0.013401,0.893185
24.18,0.141268,-0.058852,0.05868,0.005453,0.004989,0.999973,0.450507,0.006522,0.892749
24.19,0.149485,-0.062046,0.061876,0.006239,0.016921,0.999837,0.439935,0.013617,0.897926
24.2,0.157355,-0.065143,0.065289,0.013694,0.013695,0.999812,0.445759,0.015279,0.895023
24.21,0.165388,-0.068522,0.068561,0.013939,0.013994,0.999805,0.449028,0.004287,0.893507
24.22,0.173245,-0.07184,0.071914,0.007584,0.015385,0.999853,0.449547,0.023519,0.892947
24.23,0.181175,-0.074996,0.075055,0.017079,0.019878,0.999657,0.448928,0.023521,0.893258
24.24,0.189102,-0.078439,0.078391,0.014632,0.023052,0.999627,0.450439,0.014506,0.89269
24.25,0.196662,-0.081696,0.081681,0.01021,0.022144,0.999703,0.454515,0.015728,0.8906
24.26,0.204697,-0.084847,0.084731,0.011152,0.025337,0.999617,0.449796,0.014853,0.893008
24.27,0.212695,-0.088053,0.088109,0.00604,0.032793,0.999444,0.453132,0.022315,0.891164
24.28,0.220403,-0.091308,0.091465,0.019005,0.035264,0.999197,0.450284,0.019818,0.892665
24.29,0.228166,-0.094685,0.094545,0.012621,0.030815,0.999445,0.46361,0.024328,0.885705
24.3,0.236012,-0.097723,0.097743,0.024237,0.038089,0.99898,0.456138,0.016437,0.889757
24.31,0.243684,-0.100963,0.101032,0.025293,0.036916,0.998998,0.448481,0.035025,0.893106
24.32,0.251199,-0.10424,0.104228,0.028093,0.044355,0.998621,0.462211,0.03182,0.886199
24.33,0.25899,-0.107312,0.107517,0.021806,0.04639,0.998685,0.460658,0.036584,0.886823
24.34,0.266629,-0.110489,0.11047,0.023869,0.05774,0.998046,0.456197,0.038805,0.889032
24.35,0.274219,-0.113671,0.113548,0.009513,0.048252,0.99879,0.45844,0.042449,0.887711
24.36,0.28168,-0.116691,0.116806,0.023169,0.046184,0.998664,0.461552,0.029508,0.886622
24.37,0.289512,-0.119927,0.119958,0.029198,0.052584,0.99819,0.462519,0.040246,0.885695
24.38,0.296998,-0.122993,0.122959,0.02886,0.054157,0.998115,0.465099,0.043375,0.884195
24.39,0.304536,-0.12624,0.126182,0.025461,0.054274,0.998201,0.46747,0.052618,0.882441
24.4,0.312109,-0.12924,0.129397,0.022213,0.068238,0.997422,0.467716,0.040074,0.88297
24.41,0.319286,-0.13227,0.132334,0.023664,0.065076,0.9976,0.472824,0.047942,0.879852
24.42,0.32674,-0.135456,0.135312,0.029191,0.081503,0.996246,0.475923,0.049201,0.87811
24.43,0.334087,-0.138562,0.138364,0.037919,0.065495,0.997132,0.468759,0.056389,0.881524
24.44,0.34143,-0.141512,0.141391,0.038371,0.067409,0.996987,0.470913,0.052722,0.880603
24.45,0.34856,-0.144462,0.144451,0.029666,0.074073,0.996811,0.47973,0.065362,0.874978
24.46,0.355908,-0.14749,0.147639,0.033963,0.081613,0.996085,0.46724,0.04875,0.882785
24.47,0.36306,-0.150624,0.150475,0.033733,0.074,0.996688,0.477652,0.05955,0.876528
24.48,0.37026,-0.153411,0.153295,0.050335,0.093286,0.994366,0.476587,0.067523,0.87653
24.49,0.377478,-0.156376,0.156378,0.036584,0.095895,0.994719,0.47497,0.065415,0.877567
24.5,0.384327,-0.159266,0.159309,0.038653,0.097181,0.994516,0.481244,0.066973,0.874024
24.51,0.391615,-0.162257,0.162124,0.046457,0.101886,0.993711,0.485473,0.072077,0.871275
24.52,0.398506,-0.165197,0.165162,0.043213,0.105792,0.993449,0.485547,0.078994,0.870634
24.53,0.405355,-0.16801,0.167987,0.044809,0.108979,0.993034,0.482877,0.074934,0.872476
24.54,0.412351,-0.170903,0.170799,0.056184,0.103989,0.99299,0.493059,0.076664,0.866611
24.55,0.41921,-0.173751,0.173723,0.057298,0.119897,0.991131,0.488118,0.074379,0.869602
24.56,0.426008,-0.176716,0.176528,0.047389,0.122269,0.991365,0.491561,0.087152,0.866471
24.57,0.432918,-0.179303,0.179388,0.058764,0.123207,0.99064,0.493461,0.079808,0.866099
24.58,0.439561,-0.182153,0.182008,0.05963,0.130717,0.989625,0.502296,0.091081,0.859886
24.59,0.446264,-0.184788,0.184933,0.049034,0.131347,0.990123,0.502503,0.092234,0.859642
24.6,0.452856,-0.187588,0.187627,0.056572,0.138917,0.988687,0.507695,0.092106,0.856599
24.61,0.459418,-0.190344,0.19038,0.059221,0.144045,0.987797,0.501607,0.100937,0.859187
24.62,0.465839,-0.1931,0.193103,0.060447,0.137869,0.988604,0.510351,0.094753,0.85473
24.63,0.472364,-0.195932,0.195747,0.06678,0.15246,0.986051,0.505777,0.107897,0.85589
24.64,0.478621,-0.198227,0.198457,0.077231,0.155078,0.984879,0.503331,0.108853,0.85721
24.65,0.48524,-0.201082,0.20094,0.077155,0.161018,0.983931,0.508965,0.106502,0.854173
24.66,0.491481,-0.203641,0.203586,0.076477,0.163723,0.983538,0.510451,0.11617,0.852024
24.67,0.497774,-0.206178,0.206295,0.06897,0.166707,0.983591,0.515192,0.122487,0.848277
24.68,0.503881,-0.208989,0.208816,0.078857,0.177181,0.981014,0.508646,0.116104,0.853111
24.69,0.510065,-0.211318,0.211502,0.095092,0.179225,0.979202,0.518957,0.113882,0.84718
24.7,0.516354,-0.213856,0.213982,0.08612,0.184154,0.979117,0.515426,0.123352,0.848009
24.71,0.522394,-0.216378,0.216414,0.092347,0.19111,0.977215,0.519872,0.129412,0.844385
24.72,0.52831,-0.218863,0.218827,0.085527,0.198694,0.976323,0.525101,0.137187,0.83991
24.73,0.5341,-0.221313,0.221271,0.090558,0.193257,0.97696,0.524069,0.136297,0.840699
24.74,0.540095,-0.223771,0.223875,0.090059,0.208826,0.973797,0.519088,0.136064,0.843821
24.75,0.545936,-0.226251,0.226248,0.100203,0.222682,0.969728,0.524313,0.155196,0.837263
24.76,0.551548,-0.228414,0.228581,0.091279,0.21877,0.971498,0.532582,0.153458,0.83235
24.77,0.557264,-0.230827,0.230848,0.104835,0.217748,0.970358,0.53349,0.142156,0.833775
24.78,0.562921,-0.233181,0.233212,0.092847,0.21963,0.971155,0.531011,0.153575,0.833332
24.79,0.568489,-0.2356,0.235575,0.1108,0.236311,0.965339,0.532949,0.162358,0.830425
24.8,0.573857,-0.237743,0.237847,0.109788,0.240411,0.964442,0.537443,0.157322,0.828495
24.81,0.579455,-0.240094,0.240313,0.107377,0.248135,0.962756,0.538754,0.162658,0.826612
24.82,0.584752,-0.242261,0.242224,0.122437,0.24756,0.961105,0.548612,0.171414,0.818317
24.83,0.5902,-0.244512,0.244569,0.126203,0.247162,0.96072,0.54395,0.173007,0.821089
24.84,0.595249,-0.24662,0.246629,0.124135,0.25708,0.958384,0.548328,0.183145,0.815962
24.85,0.600585,-0.248815,0.248734,0.124772,0.263678,0.956507,0.553491,0.183649,0.812355
24.86,0.60566,-0.251008,0.250845,0.127081,0.274231,0.95323,0.558155,0.186402,0.808528
24.87,0.610734,-0.253155,0.253078,0.127738,0.276287,0.952548,0.550694,0.186731,0.813552
24.88,0.615618,-0.255139,0.255099,0.12983,0.282283,0.950505,0.565482,0.185207,0.803697
24.89,0.620618,-0.257146,0.257099,0.140917,0.284332,0.948313,0.562983,0.193314,0.803542
24.9,0.625477,-0.259042,0.259117,0.144404,0.280612,0.948896,0.564419,0.194823,0.802169
24.91,0.630124,-0.261161,0.261051,0.147979,0.298261,0.942943,0.572436,0.204241,0.794105
24.92,0.634952,-0.262985,0.263076,0.150331,0.307076,0.939737,0.566776,0.205251,0.797895
24.93,0.639649,-0.264979,0.26494,0.149821,0.303156,0.94109,0.579078,0.207874,0.788326
24.94,0.644071,-0.266688,0.266694,0.160889,0.307077,0.937986,0.579444,0.221267,0.784401
24.95,0.648624,-0.268672,0.268732,0.166558,0.32233,0.931859,0.577099,0.214128,0.788103
24.96,0.653219,-0.270445,0.270624,0.164358,0.328288,0.930169,0.582368,0.219328,0.782779
24.97,0.657307,-0.272304,0.272334,0.166629,0.330584,0.92895,0.58932,0.220788,0.777146
24.98,0.661668,-0.274102,0.274099,0.165312,0.33375,0.928053,0.58622,0.226183,0.777938
24.99,0.665926,-0.275728,0.275968,0.187251,0.342805,0.920555,0.586823,0.228757,0.77673
25,0.670029,-0.277735,0.277686,0.176691,0.346875,0.921118,0.591427,0.237871,0.770475
25.01,0.674164,-0.279275,0.279241,0.172796,0.35466,0.918889,0.593458,0.236178,0.769434
25.02,0.678119,-0.280978,0.280998,0.184677,0.352205,0.917522,0.594577,0.240988,0.767074
25.03,0.681891,-0.282608,0.282556,0.18249,0.362643,0.913886,0.600735,0.249505,0.759516
25.04,0.685701,-0.284123,0.284189,0.189212,0.369267,0.909858,0.605966,0.252543,0.754339
25.05,0.689478,-0.285607,0.285659,0.192634,0.374371,0.907049,0.608403,0.25101,0.752888
25.06,0.693321,-0.287193,0.287196,0.195319,0.388479,0.900519,0.611084,0.257987,0.748344
25.07,0.696846,-0.288847,0.288673,0.19886,0.379984,0.903364,0.614154,0.252582,0.747675
25.08,0.700363,-0.290038,0.290279,0.204705,0.392743,0.896576,0.615406,0.252421,0.746699
25.09,0.703775,-0.29154,0.291647,0.200625,0.396856,0.895687,0.621272,0.26079,0.738924
25.1,0.707239,-0.292969,0.293095,0.220185,0.403564,0.888062,0.615108,0.266641,0.741987
25.11,0.710529,-0.294398,0.294413,0.217045,0.409908,0.885927,0.631012,0.268957,0.727658
25.12,0.713723,-0.295698,0.29573,0.219137,0.413996,0.883508,0.624306,0.275735,0.730898
25.13,0.716897,-0.297086,0.297066,0.227327,0.425926,0.875733,0.631882,0.286774,0.72006
25.14,0.720095,-0.298262,0.298243,0.226463,0.431409,0.87327,0.635901,0.27157,0.722412
25.15,0.723076,-0.299514,0.299601,0.236825,0.432815,0.869819,0.632755,0.2779,0.722767
25.16,0.726023,-0.300808,0.300747,0.237939,0.435389,0.868229,0.635696,0.288949,0.715821
25.17,0.728711,-0.301979,0.302096,0.23631,0.445862,0.863345,0.647076,0.28969,0.705246
25.18,0.73159,-0.303192,0.303107,0.241137,0.450841,0.859415,0.649492,0.293421,0.701472
25.19,0.73414,-0.304061,0.304186,0.244337,0.449193,0.859375,0.652572,0.288081,0.700828
25.2,0.736764,-0.305217,0.305285,0.24785,0.464793,0.850023,0.643457,0.304224,0.702432
25.21,0.739292,-0.306287,0.306282,0.259463,0.466259,0.845743,0.651353,0.300544,0.696715
25.22,0.741761,-0.307368,0.3073,0.268623,0.478641,0.835909,0.657044,0.308574,0.687805
25.23,0.744059,-0.308288,0.308333,0.266082,0.479047,0.836489,0.657248,0.310509,0.686738
25.24,0.746231,-0.309217,0.309143,0.26921,0.484279,0.832466,0.667092,0.309823,0.677494
25.25,0.748566,-0.310131,0.310122,0.274357,0.495264,0.824283,0.660836,0.31276,0.682259
25.26,0.750656,-0.311094,0.311026,0.284618,0.506622,0.813834,0.66438,0.326698,0.672211
25.27,0.752585,-0.311822,0.311817,0.278719,0.503146,0.818022,0.679687,0.31757,0.661192
25.28,0.75465,-0.312544,0.312773,0.280371,0.50781,0.814568,0.681364,0.32225,0.65719
25.29,0.756455,-0.313412,0.313357,0.281564,0.513744,0.810425,0.681417,0.33021,0.653171
25.3,0.758266,-0.313977,0.31416,0.294693,0.5087,0.808937,0.683126,0.327845,0.652577
25.31,0.759856,-0.314785,0.314853,0.299574,0.516628,0.802091,0.690558,0.335023,0.641007
25.32,0.761512,-0.315533,0.31529,0.308909,0.532198,0.788251,0.689082,0.334046,0.643101
25.33,0.762988,-0.316017,0.316145,0.309198,0.529331,0.790066,0.693029,0.340729,0.635307
25.34,0.764291,-0.316699,0.316574,0.309398,0.538846,0.783529,0.689812,0.34739,0.6352
25.35,0.765989,-0.317245,0.317188,0.309457,0.539867,0.782802,0.699317,0.34162,0.627895
25.36,0.767163,-0.317851,0.317858,0.3235,0.543271,0.774729,0.70558,0.339563,0.621976
25.37,0.768287,-0.318375,0.318358,0.325642,0.555785,0.764893,0.704521,0.35123,0.616674
25.38,0.769279,-0.318627,0.318766,0.332927,0.554387,0.762768,0.703529,0.343456,0.622161
25.39,0.770323,-0.319306,0.319314,0.323638,0.55708,0.764801,0.708638,0.35955,0.607088
25.4,0.771459,-0.319647,0.319704,0.333763,0.558168,0.759638,0.713424,0.35542,0.603906
25.41,0.772204,-0.319915,0.319914,0.341791,0.571978,0.745668,0.712913,0.363769,0.599523
25.42,0.772933,-0.320097,0.320251,0.350709,0.584637,0.731576,0.711495,0.36727,0.599073
25.43,0.773485,-0.320324,0.320592,0.349189,0.582513,0.733993,0.720725,0.365201,0.589223
25.44,0.774141,-0.320771,0.320693,0.340042,0.580607,0.739775,0.720146,0.370747,0.586461
25.45,0.774744,-0.320921,0.320997,0.3553,0.593526,0.722142,0.726425,0.370466,0.578845
25.46,0.775117,-0.321194,0.321223,0.358763,0.58636,0.726272,0.729053,0.375991,0.571937
25.47,0.775498,-0.321087,0.321229,0.360337,0.596487,0.717189,0.73,0.37998,0.568081
25.48,0.775825,-0.321372,0.321339,0.372377,0.603483,0.705084,0.734468,0.379964,0.562302
25.49,0.776042,-0.321436,0.321398,0.366209,0.611348,0.701531,0.743619,0.373204,0.554752
25.5,0.775991,-0.321399,0.321407,0.377618,0.60727,0.699019,0.740218,0.382207,0.553169
25.51,0.776129,-0.321426,0.321484,0.376108,0.615696,0.692432,0.74611,0.384187,0.543801
25.52,0.776042,-0.321304,0.32152,0.385043,0.620481,0.683187,0.746211,0.385014,0.543078
25.53,0.775775,-0.321225,0.321523,0.387262,0.625079,0.67772,0.755903,0.382868,0.531058
25.54,0.77543,-0.321287,0.321277,0.389128,0.631558,0.670607,0.757643,0.384785,0.527179
25.55,0.775132,-0.321251,0.321228,0.400185,0.63591,0.659902,0.75808,0.384294,0.526909
25.56,0.774747,-0.320945,0.321093,0.400495,0.637021,0.658641,0.768584,0.376773,0.517031
25.57,0.774184,-0.320746,0.320789,0.405514,0.637655,0.654947,0.763176,0.393214,0.512782
25.58,0.773599,-0.320504,0.320583,0.408963,0.642033,0.648493,0.767354,0.392489,0.507069
25.59,0.772954,-0.320104,0.320177,0.419511,0.639441,0.644303,0.773274,0.388608,0.50103
25.6,0.772207,-0.320013,0.319912,0.417531,0.653012,0.631857,0.774269,0.388667,0.499445
25.61,0.771283,-0.319433,0.319631,0.425905,0.646853,0.632603,0.779347,0.393277,0.487803
25.62,0.770448,-0.319007,0.319301,0.424243,0.653824,0.626524,0.773341,0.399591,0.49221
25.63,0.769447,-0.318793,0.318642,0.425618,0.664165,0.614601,0.78214,0.402858,0.475355
25.64,0.768282,-0.318308,0.318251,0.435344,0.662509,0.609556,0.782357,0.403812,0.474188
25.65,0.767074,-0.317923,0.317935,0.440739,0.665607,0.602259,0.784587,0.406935,0.46779
25.66,0.765733,-0.317316,0.317332,0.442048,0.668931,0.597599,0.787948,0.400645,0.46757
25.67,0.764337,-0.316624,0.316801,0.453636,0.669963,0.587677,0.793456,0.404736,0.454551
25.68,0.763006,-0.316192,0.316089,0.450693,0.680694,0.577521,0.786326,0.408266,0.463692
25.69,0.761357,-0.315358,0.315502,0.453642,0.675155,0.581699,0.795818,0.414144,0.441768
25.7,0.759842,-0.314882,0.314879,0.462318,0.675823,0.574043,0.801099,0.396729,0.44816
25.71,0.758337,-0.314212,0.314085,0.459953,0.681579,0.569116,0.806027,0.403835,0.432711
25.72,0.756295,-0.313317,0.313411,0.462626,0.688206,0.558882,0.803454,0.410592,0.431133
25.73,0.754771,-0.312614,0.312593,0.4659,0.690622,0.553153,0.807751,0.405271,0.428128
25.74,0.752587,-0.311731,0.311692,0.478992,0.691492,0.540744,0.812734,0.409788,0.41417
25.75,0.750687,-0.310944,0.310947,0.476642,0.694937,0.538401,0.816259,0.402742,0.41415
25.76,0.748447,-0.310006,0.310272,0.480273,0.699825,0.528757,0.816592,0.409071,0.407233
25.77,0.746299,-0.309144,0.309357,0.487074,0.699605,0.522792,0.819232,0.403192,0.407793
25.78,0.744017,-0.308269,0.308172,0.487731,0.702625,0.518108,0.817921,0.410662,0.402941
25.79,0.741708,-0.307282,0.307266,0.484182,0.706659,0.515946,0.82282,0.42254,0.380036
25.8,0.739228,-0.3064,0.306182,0.501838,0.70588,0.499892,0.820886,0.414784,0.392556
25.81,0.736697,-0.305175,0.305211,0.501732,0.710057,0.494049,0.823477,0.419911,0.381524
25.82,0.734115,-0.3041,0.304226,0.506706,0.705996,0.494791,0.83242,0.40848,0.374461
25.83,0.731451,-0.3031,0.303128,0.511234,0.711073,0.482716,0.836917,0.415598,0.356158
25.84,0.728791,-0.301977,0.301952,0.51132,0.716013,0.475265,0.835075,0.413201,0.363201
25.85,0.725925,-0.300642,0.300687,0.52437,0.71152,0.467735,0.839242,0.405475,0.362304
25.86,0.723089,-0.299492,0.299469,0.517657,0.717708,0.465753,0.834378,0.411802,0.366378
25.87,0.720111,-0.298213,0.298204,0.523503,0.714995,0.463387,0.841552,0.409477,0.352306
25.88,0.717118,-0.297112,0.296965,0.518982,0.725211,0.452467,0.841534,0.421945,0.337317
25.89,0.713777,-0.295648,0.295786,0.52745,0.721767,0.448162,0.848372,0.406126,0.339597
25.9,0.710568,-0.294261,0.294434,0.536595,0.723193,0.434809,0.847792,0.409116,0.33745
25.91,0.707387,-0.292771,0.293047,0.536878,0.725911,0.429903,0.84908,0.41564,0.326047
25.92,0.703673,-0.291643,0.29154,0.539477,0.72771,0.42356,0.852375,0.411646,0.322497
25.93,0.700435,-0.290163,0.290094,0.538564,0.729771,0.421169,0.857745,0.405643,0.315796
25.94,0.696794,-0.288729,0.288715,0.540102,0.735148,0.409692,0.859352,0.408545,0.307578
25.95,0.693058,-0.287128,0.287237,0.553968,0.729578,0.401043,0.862119,0.407901,0.300612
25.96,0.689586,-0.285656,0.28562,0.554331,0.732078,0.395954,0.861887,0.417161,0.288317
25.97,0.685818,-0.284035,0.284237,0.551199,0.734784,0.395313,0.860629,0.411715,0.299682
25.98,0.682021,-0.282555,0.282487,0.556087,0.737778,0.382689,0.866414,0.40919,0.286164
25.99,0.678178,-0.280865,0.280899,0.560894,0.737255,0.376633,0.866492,0.414682,0.277903
26,0.673894,-0.27933,0.279119,0.566248,0.732886,0.37715,0.868345,0.407652,0.282483
26.01,0.670119,-0.277558,0.277536,0.57759,0.728866,0.367619,0.874361,0.402772,0.27068
26.02,0.665853,-0.27564,0.275988,0.57207,0.733462,0.36711,0.87104,0.41098,0.269045
26.03,0.661553,-0.274127,0.274037,0.572897,0.743598,0.344748,0.877535,0.403014,0.259832
26.04,0.657237,-0.272328,0.272573,0.579297,0.737294,0.347581,0.878797,0.403521,0.25473
26.05,0.653163,-0.270535,0.270532,0.574642,0.741869,0.345567,0.878914,0.402053,0.256641
26.06,0.648621,-0.268617,0.268605,0.583095,0.741905,0.331023,0.876707,0.409233,0.252811
26.07,0.643946,-0.266682,0.266891,0.590325,0.741194,0.319605,0.88243,0.407235,0.235537
26.08,0.639676,-0.26493,0.265102,0.591644,0.74187,0.315571,0.88627,0.400237,0.2331
26.09,0.634848,-0.262986,0.263187,0.587286,0.749529,0.305453,0.880587,0.411255,0.235449
26.1,0.63028,-0.261119,0.261181,0.590741,0.744911,0.310052,0.887005,0.402141,0.226947
26.11,0.625358,-0.259223,0.259171,0.600566,0.738226,0.307154,0.888453,0.39994,0.225163
26.12,0.62069,-0.25702,0.25701,0.60208,0.739433,0.301229,0.887235,0.403592,0.223446
26.13,0.615731,-0.255,0.255043,0.608869,0.742827,0.278364,0.889955,0.401358,0.216543
26.14,0.610461,-0.252907,0.253097,0.606069,0.742804,0.284469,0.891493,0.398409,0.215663
26.15,0.60567,-0.251054,0.2508,0.60982,0.741795,0.279032,0.889019,0.40504,0.213514
26.16,0.6006,-0.248716,0.248853,0.612926,0.740779,0.274897,0.892584,0.403244,0.201712
26.17,0.595311,-0.246606,0.246618,0.613744,0.743311,0.266098,0.896047,0.399155,0.194355
26.18,0.59006,-0.244542,0.244514,0.614852,0.744734,0.259476,0.896211,0.396837,0.198308
26.19,0.584741,-0.242185,0.242355,0.611336,0.749778,0.253182,0.902233,0.390689,0.182583
26.2,0.579332,-0.239882,0.239969,0.617283,0.745481,0.251435,0.904592,0.387937,0.176686
26.21,0.574004,-0.237695,0.237925,0.629624,0.736236,0.248053,0.902093,0.393804,0.176481
26.22,0.568272,-0.235423,0.235641,0.623994,0.744622,0.237002,0.905552,0.387718,0.172191
26.23,0.563025,-0.233399,0.233172,0.627268,0.743658,0.231316,0.903542,0.395608,0.16464
26.24,0.557267,-0.230915,0.231018,0.640094,0.736678,0.21814,0.901401,0.39713,0.172524
26.25,0.55153,-0.228414,0.228595,0.626986,0.747335,0.219951,0.90629,0.390537,0.161616
26.26,0.545716,-0.226227,0.226125,0.630537,0.746728,0.211708,0.912278,0.377941,0.157825
26.27,0.540045,-0.223649,0.223744,0.629498,0.746063,0.217077,0.913376,0.379706,0.146859
26.28,0.53425,-0.221443,0.221065,0.643868,0.73799,0.202001,0.912504,0.37877,0.154497
26.29,0.528217,-0.218812,0.218845,0.63976,0.743199,0.195864,0.915465,0.373354,0.150101
26.3,0.522176,-0.216337,0.216567,0.636152,0.745622,0.19839,0.912612,0.385496,0.136135
26.31,0.516216,-0.213936,0.213823,0.645946,0.740848,0.184112,0.914142,0.378673,0.144745
26.32,0.5103,-0.211351,0.211426,0.645858,0.741511,0.181738,0.915169,0.379536,0.135712
26.33,0.504083,-0.208705,0.208743,0.645557,0.743572,0.174234,0.914817,0.380908,0.134235
26.34,0.497853,-0.206154,0.206295,0.649519,0.743305,0.160071,0.913515,0.386691,0.126333
26.35,0.491595,-0.203683,0.203652,0.652614,0.737669,0.17303,0.917155,0.380036,0.119995
26.36,0.485146,-0.200952,0.200986,0.653125,0.740694,0.157484,0.919263,0.376674,0.114331
26.37,0.478857,-0.198475,0.198394,0.659895,0.733824,0.161371,0.920075,0.37547,0.111731
26.38,0.472369,-0.19573,0.195756,0.655191,0.740981,0.147214,0.922578,0.372624,0.100004
26.39,0.465912,-0.193058,0.192883,0.658229,0.739042,0.143361,0.922702,0.37131,0.103683
26.4,0.4595,-0.19039,0.19034,0.65994,0.736689,0.147542,0.926503,0.362,0.102706
26.41,0.452756,-0.187525,0.187559,0.661015,0.737481,0.138493,0.922707,0.371157,0.104185
26.42,0.446248,-0.184766,0.185037,0.668724,0.731612,0.132487,0.924271,0.367372,0.103733
26.43,0.439634,-0.18205,0.182025,0.667957,0.733107,0.128011,0.924541,0.367856,0.099526
26.44,0.432922,-0.179217,0.179419,0.664274,0.736335,0.128649,0.929193,0.359976,0.083774
26.45,0.42611,-0.17651,0.176497,0.675078,0.727492,0.122575,0.927689,0.36082,0.095923
26.46,0.419319,-0.173582,0.173628,0.670402,0.731292,0.125594,0.927426,0.364278,0.084745
26.47,0.412442,-0.170829,0.170954,0.676124,0.72897,0.107046,0.928911,0.359438,0.089043
26.48,0.40548,-0.167893,0.168105,0.676896,0.728225,0.107238,0.926944,0.367182,0.077151
26.49,0.398582,-0.16523,0.165208,0.678618,0.726967,0.104864,0.931946,0.354215,0.07751
26.5,0.391514,-0.16231,0.162301,0.6781,0.727908,0.101635,0.932042,0.355363,0.07081
26.51,0.384353,-0.159219,0.159471,0.677718,0.729521,0.092184,0.930259,0.36008,0.070431
26.52,0.377348,-0.156284,0.156431,0.681076,0.726301,0.092857,0.931535,0.357585,0.066149
26.53,0.370326,-0.153531,0.153495,0.680062,0.728956,0.07835,0.933056,0.353223,0.06812
26.54,0.36312,-0.150383,0.150476,0.682091,0.726339,0.084761,0.933129,0.353998,0.062895
26.55,0.356001,-0.14744,0.147551,0.684424,0.724659,0.080209,0.931501,0.35819,0.063295
26.56,0.348784,-0.144448,0.144579,0.689735,0.720245,0.074248,0.938243,0.342167,0.051205
26.57,0.341405,-0.141403,0.141432,0.683349,0.726574,0.071578,0.934536,0.352013,0.052245
26.58,0.334136,-0.138312,0.13844,0.682313,0.727244,0.074598,0.938464,0.341194,0.05358
26.59,0.326784,-0.135335,0.135306,0.684782,0.725428,0.069477,0.937602,0.343846,0.051697
26.6,0.319357,-0.132197,0.132299,0.687313,0.723779,0.061195,0.937871,0.343439,0.049477
26.61,0.311749,-0.129218,0.12921,0.687697,0.723552,0.059534,0.935815,0.34934,0.047025
26.62,0.304607,-0.126149,0.126176,0.689823,0.721595,0.058696,0.942056,0.33271,0.042825
26.63,0.296898,-0.123021,0.123025,0.689556,0.722207,0.054128,0.939464,0.34113,0.032212
26.64,0.28935,-0.119931,0.119887,0.69913,0.712971,0.053755,0.939518,0.340102,0.040448
26.65,0.281985,-0.116896,0.11682,0.69484,0.716964,0.056215,0.941944,0.33395,0.034904
26.66,0.274225,-0.113771,0.113827,0.69341,0.719523,0.038347,0.940892,0.336954,0.034399
26.67,0.266487,-0.110373,0.110408,0.695388,0.717254,0.044531,0.942595,0.332175,0.034275
26.68,0.259028,-0.107137,0.107179,0.692555,0.720249,0.040119,0.942087,0.333708,0.033331
26.69,0.251228,-0.104039,0.104197,0.688819,0.724182,0.032998,0.942258,0.333775,0.027297
26.7,0.243597,-0.100964,0.10091,0.696707,0.715618,0.049896,0.942538,0.333403,0.021555
26.71,0.235925,-0.097632,0.097758,0.693383,0.719884,0.031414,0.942122,0.333963,0.029564
26.72,0.228171,-0.094444,0.094748,0.693618,0.719345,0.037907,0.943069,0.331469,0.027377
26.73,0.220329,-0.091299,0.091308,0.694242,0.719025,0.032114,0.944679,0.327541,0.01725
26.74,0.21252,-0.088126,0.088069,0.698419,0.715148,0.027812,0.942869,0.332503,0.020979
26.75,0.204599,-0.08502,0.084818,0.697596,0.715973,0.027235,0.9428,0.332953,0.01645
26.76,0.196909,-0.081494,0.081584,0.704738,0.708968,0.026638,0.94541,0.325745,0.009507
26.77,0.189011,-0.078281,0.078432,0.697666,0.716221,0.016996,0.942362,0.333719,0.024194
26.78,0.181124,-0.075073,0.07526,0.70283,0.711134,0.017816,0.944207,0.3291,0.012869
26.79,0.173193,-0.071833,0.071683,0.700861,0.713242,0.008952,0.942475,0.333328,0.025182
26.8,0.165327,-0.068529,0.0687,0.702881,0.711093,0.017493,0.946575,0.322125,0.01518
26.81,0.157312,-0.065144,0.065324,0.696516,0.717395,0.014503,0.943887,0.330196,0.006942
26.82,0.149515,-0.062025,0.062078,0.708461,0.705649,0.01195,0.946244,0.323234,0.011897
26.83,0.141392,-0.058616,0.058611,0.711441,0.70268,0.009622,0.947902,0.318512,0.005615
26.84,0.133359,-0.055323,0.055125,0.709404,0.704781,0.00554,0.945211,0.326412,0.005502
26.85,0.125423,-0.051969,0.051924,0.704085,0.709909,0.017142,0.944366,0.328833,0.006466
26.86,0.117347,-0.048453,0.048713,0.710437,0.703663,0.011712,0.945323,0.326133,0.001535
26.87,0.10928,-0.045174,0.045283,0.705796,0.708414,0.001006,0.945518,0.32545,0.008884
26.88,0.101248,-0.042032,0.041995,0.705665,0.70851,0.007091,0.946115,0.323786,0.005423
26.89,0.09326,-0.038595,0.038613,0.706476,0.707736,-0.00084,0.948892,0.315566,0.004714
26.9,0.085114,-0.035293,0.035297,0.712345,0.701763,0.009624,0.944069,0.329648,0.008128
26.91,0.077039,-0.032014,0.031921,0.704809,0.709363,0.006933,0.947969,0.31817,0.011062
26.92,0.068955,-0.02869,0.028668,0.710422,0.703774,0.001603,0.94837,0.317106,-0.006114
26.93,0.060837,-0.025326,0.025226,0.707111,0.707099,0.002036,0.94782,0.318767,0.004905
26.94,0.052707,-0.021904,0.02193,0.709422,0.704778,0.002921,0.946081,0.323801,0.009182
26.95,0.044619,-0.018604,0.018682,0.700567,0.713586,-0.000983,0.947468,0.319795,-0.006039
26.96,0.036598,-0.015159,0.01528,0.702333,0.711837,0.003936,0.947644,0.319245,-0.007315
26.97,0.028429,-0.011827,0.011843,0.711033,0.703131,-0.006275,0.949426,0.313984,0.002177
26.98,0.020504,-0.008357,0.008559,0.702807,0.711379,0.001329,0.94853,0.31663,0.006041
26.99,0.01212,-0.005024,0.005297,0.706359,0.70784,-0.004366,0.946623,0.32233,0.002926
27,0.004063,-0.001618,0.001846,0.71142,0.702768,0.000115,0.945613,0.325275,-0.00363
27.01,-0.004046,0.001791,-0.001607,0.708087,0.706114,-0.003906,0.948221,0.317597,0.002862
27.02,-0.012185,0.00497,-0.00477,0.705715,0.708453,0.00781,0.9467,0.322116,-0.000887
27.03,-0.020326,0.008398,-0.008241,0.709134,0.70507,0.002348,0.948825,0.31579,0.002823
27.04,-0.028516,0.011753,-0.011789,0.70266,0.711512,0.004535,0.947213,0.320606,0.000417
27.05,-0.036593,0.015084,-0.015041,0.706032,0.708179,0.001332,0.945733,0.324858,-0.007518
27.06,-0.044721,0.018428,-0.018473,0.707015,0.707198,0.000742,0.946307,0.322952,0.01434
27.07,-0.052832,0.021795,-0.021729,0.704314,0.709862,0.006205,0.94793,0.318462,0.003365
27.08,-0.06087,0.025207,-0.025266,0.704287,0.709825,0.011318,0.94665,0.322261,-0.001364
27.09,-0.068981,0.028442,-0.028504,0.701484,0.712684,-0.000848,0.945462,0.325678,0.006019
27.1,-0.077112,0.031851,-0.031941,0.702579,0.711598,0.003261,0.946669,0.322076,0.009246
27.11,-0.085257,0.035422,-0.035241,0.698709,0.715347,0.009173,0.945726,0.324937,0.004173
27.12,-0.093289,0.038674,-0.038528,0.703437,0.710737,0.005466,0.947072,0.320803,0.011825
27.13,-0.101245,0.041829,-0.041995,0.701156,0.713008,0.00011,0.947864,0.318369,0.013993
27.14,-0.109106,0.045264,-0.045262,0.696783,0.717266,0.004815,0.943078,0.332507,0.006556
27.15,-0.117412,0.048681,-0.048668,0.703078,0.711091,0.005558,0.944451,0.328592,0.00634
27.16,-0.125429,0.05192,-0.051836,0.708198,0.705866,0.014428,0.946731,0.321941,0.007425
27.17,-0.133451,0.055197,-0.055285,0.700646,0.713509,0.000557,0.947166,0.32046,0.013534
27.18,-0.14167,0.058637,-0.058649,0.704726,0.709351,0.013502,0.943588,0.331007,0.008776
27.19,-0.149481,0.062001,-0.061867,0.704215,0.709961,0.005984,0.94418,0.329342,0.007586
27.2,-0.157363,0.065144,-0.065073,0.703262,0.710597,0.021772,0.942833,0.333257,0.002271
27.21,-0.165361,0.068411,-0.068311,0.694844,0.718917,0.018697,0.945731,0.324794,0.010105
27.22,-0.173317,0.071627,-0.071737,0.702061,0.712058,0.009151,0.943379,0.331225,0.01805
27.23,-0.181162,0.074923,-0.074921,0.702616,0.711355,0.01745,0.946882,0.32112,0.017226
27.24,-0.189035,0.078464,-0.07831,0.702484,0.711002,0.031491,0.941876,0.335331,0.020571
27.25,-0.196915,0.081406,-0.081552,0.704968,0.708637,0.02922,0.942706,0.333525,0.008177
27.26,-0.204812,0.084832,-0.084773,0.698989,0.714637,0.026619,0.942173,0.335124,0.000936
27.27,-0.212656,0.087989,-0.088048,0.702808,0.710675,0.031651,0.941997,0.334719,0.024582
27.28,-0.220427,0.09132,-0.09119,0.692905,0.720578,0.025497,0.943476,0.330527,0.024587
27.29,-0.228149,0.094595,-0.094617,0.693809,0.719595,0.028509,0.945319,0.325267,0.023957
27.3,-0.236032,0.097694,-0.097732,0.70147,0.711317,0.04437,0.941122,0.33706,0.026066
27.31,-0.243629,0.100972,-0.100889,0.697152,0.715701,0.041851,0.942961,0.331453,0.031024
27.32,-0.251409,0.104205,-0.104099,0.689177,0.723288,0.043466,0.942025,0.333954,0.032605
27.33,-0.259121,0.107354,-0.10721,0.691321,0.721308,0.042299,0.942333,0.332731,0.036042
27.34,-0.266622,0.110477,-0.110354,0.694298,0.718336,0.04409,0.942536,0.332298,0.034688
27.35,-0.274404,0.113522,-0.113572,0.694209,0.717812,0.053105,0.938917,0.342281,0.035759
27.36,-0.282167,0.116778,-0.116633,0.690649,0.721461,0.049969,0.938902,0.342983,0.028731
27.37,-0.289495,0.119855,-0.119753,0.689524,0.722233,0.05418,0.939161,0.341584,0.036006
27.38,-0.297029,0.123072,-0.122778,0.695436,0.716707,0.051951,0.939431,0.339979,0.043406
27.39,-0.304457,0.126172,-0.126023,0.693885,0.716123,0.075442,0.940599,0.336494,0.045225
27.4,-0.311955,0.129206,-0.129148,0.685638,0.72518,0.06336,0.939939,0.338793,0.041651
27.41,-0.31931,0.132124,-0.132251,0.685019,0.725728,0.063784,0.935638,0.351256,0.034661
27.42,-0.326735,0.135249,-0.135298,0.69016,0.720554,0.066941,0.937467,0.344983,0.046293
27.43,-0.334201,0.138402,-0.138263,0.691377,0.718989,0.071075,0.936266,0.3465,0.057825
27.44,-0.341339,0.141438,-0.141426,0.680755,0.729293,0.068579,0.936206,0.346332,0.059769
27.45,-0.348719,0.144458,-0.144264,0.676829,0.731418,0.083249,0.931717,0.358039,0.060929
27.46,-0.35616,0.147441,-0.147533,0.682183,0.726944,0.078605,0.936568,0.344382,0.065127
27.47,-0.363123,0.150431,-0.150322,0.683087,0.725352,0.085187,0.929314,0.362712,0.069391
27.48,-0.370271,0.153392,-0.153385,0.674492,0.732441,0.092691,0.932625,0.355167,0.063774
27.49,-0.377437,0.15641,-0.15629,0.684364,0.722465,0.098438,0.933423,0.352283,0.067953
27.5,-0.384545,0.159142,-0.159117,0.671131,0.734444,0.100872,0.928846,0.36328,0.072622
27.51,-0.391627,0.162096,-0.162166,0.674315,0.731405,0.10172,0.932591,0.352885,0.075808
27.52,-0.398652,0.165035,-0.16492,0.671325,0.733108,0.108972,0.930333,0.358789,0.075835
27.53,-0.405466,0.168054,-0.167782,0.675111,0.72926,0.111377,0.932771,0.351007,0.082048
27.54,-0.412513,0.170836,-0.170642,0.664613,0.736675,0.124896,0.931618,0.353947,0.082512
27.55,-0.419109,0.17352,-0.173727,0.667995,0.734601,0.118926,0.928268,0.360724,0.09054
27.56,-0.426077,0.176433,-0.176515,0.669285,0.733513,0.118393,0.927854,0.361278,0.092546
27.57,-0.432854,0.1792,-0.179425,0.663001,0.737117,0.130724,0.927327,0.361582,0.096554
27.58,-0.439609,0.18206,-0.181967,0.661768,0.736173,0.141819,0.926314,0.364503,0.095295
27.59,-0.446202,0.184829,-0.184804,0.658877,0.739311,0.138922,0.921232,0.376255,0.098815
27.6,-0.452961,0.18742,-0.187565,0.654784,0.741404,0.146892,0.926464,0.362504,0.10127
27.61,-0.459397,0.190335,-0.190081,0.660718,0.737253,0.141101,0.922188,0.3699,0.112888
27.62,-0.466017,0.192835,-0.192885,0.657102,0.737772,0.15463,0.922076,0.369365,0.115519
27.63,-0.472392,0.195567,-0.19577,0.659811,0.733893,0.161401,0.917923,0.378944,0.117549
27.64,-0.478887,0.198384,-0.198389,0.647952,0.744178,0.162348,0.921061,0.370861,0.11878
27.65,-0.485297,0.200898,-0.201032,0.662507,0.731798,0.159862,0.918275,0.378075,0.117604
27.66,-0.491694,0.20359,-0.203581,0.650884,0.738023,0.177967,0.917404,0.377523,0.125883
27.67,-0.497902,0.205955,-0.205998,0.648815,0.741281,0.171877,0.917269,0.374933,0.134323
27.68,-0.504132,0.208732,-0.20881,0.644254,0.743689,0.178503,0.914247,0.38287,0.132525
27.69,-0.510174,0.211166,-0.211256,0.641233,0.744473,0.185956,0.910188,0.392622,0.131931
27.7,-0.516318,0.213893,-0.21388,0.63961,0.743972,0.193404,0.915394,0.378138,0.138078
27.71,-0.522396,0.216298,-0.216116,0.635356,0.746274,0.19849,0.911743,0.387353,0.136685
27.72,-0.528447,0.21882,-0.218823,0.632819,0.746285,0.206396,0.91148,0.384085,0.147251
27.73,-0.534222,0.221304,-0.221211,0.637412,0.740561,0.21278,0.909105,0.387243,0.153531
27.74,-0.540092,0.223702,-0.223701,0.631032,0.745655,0.214005,0.911982,0.378502,0.158192
27.75,-0.545938,0.225946,-0.226087,0.636757,0.739541,0.218221,0.906988,0.388847,0.161772
27.76,-0.551731,0.228443,-0.228376,0.63129,0.741514,0.227222,0.907805,0.38687,0.161931
27.77,-0.557321,0.230859,-0.230701,0.627416,0.744723,0.227456,0.902538,0.39752,0.165539
27.78,-0.563177,0.233185,-0.233125,0.627851,0.739832,0.241767,0.906644,0.387552,0.166732
27.79,-0.56855,0.235345,-0.235382,0.621574,0.743486,0.246729,0.904393,0.390931,0.171014
27.8,-0.573947,0.237818,-0.237713,0.620777,0.741789,0.25374,0.901271,0.395654,0.176547
27.81,-0.579427,0.240061,-0.239807,0.617986,0.747734,0.242874,0.900161,0.391191,0.191517
27.82,-0.584753,0.242222,-0.242177,0.613255,0.744995,0.262487,0.901652,0.386495,0.194024
27.83,-0.590152,0.244429,-0.244426,0.612881,0.745915,0.260745,0.898509,0.390225,0.201012
27.84,-0.595347,0.246525,-0.246624,0.608882,0.746908,0.267192,0.894708,0.399286,0.200172
27.85,-0.600562,0.248681,-0.248723,0.608243,0.747315,0.267509,0.891934,0.401596,0.207786
27.86,-0.605879,0.250913,-0.250822,0.599928,0.749375,0.28022,0.89542,0.393932,0.207463
27.87,-0.610764,0.252977,-0.252895,0.607263,0.742111,0.283731,0.890278,0.400928,0.216011
27.88,-0.615793,0.255168,-0.255013,0.602423,0.74116,0.296258,0.892922,0.394881,0.216239
27.89,-0.620567,0.257189,-0.257063,0.597393,0.743332,0.300964,0.886725,0.403134,0.226277
27.9,-0.625486,0.258975,-0.258931,0.593523,0.74544,0.303397,0.886916,0.401764,0.227959
27.91,-0.630299,0.26093,-0.260887,0.590982,0.742961,0.314243,0.884733,0.405661,0.229537
27.92,-0.634902,0.262898,-0.262848,0.583894,0.749763,0.311325,0.882651,0.403279,0.241438
27.93,-0.6396,0.265119,-0.264725,0.586143,0.740384,0.32904,0.885869,0.398476,0.237599
27.94,-0.644231,0.266763,-0.266833,0.581241,0.739856,0.338781,0.877026,0.413052,0.245384
27.95,-0.648671,0.268652,-0.268562,0.586984,0.735898,0.337496,0.876443,0.408384,0.255091
27.96,-0.653101,0.270359,-0.270524,0.579555,0.733873,0.354326,0.874778,0.41042,0.257524
27.97,-0.657345,0.272381,-0.272274,0.572142,0.740229,0.353149,0.871656,0.41411,0.262161
27.98,-0.661757,0.274045,-0.274032,0.566088,0.743968,0.355043,0.872312,0.406231,0.272117
27.99,-0.666095,0.275877,-0.275833,0.562816,0.741045,0.366182,0.870234,0.409158,0.274375
28,-0.67008,0.277306,-0.277472,0.562103,0.735154,0.378932,0.868508,0.409402,0.279436
28.01,-0.674044,0.279013,-0.279048,0.565365,0.734626,0.375082,0.867554,0.404799,0.288944
28.02,-0.678106,0.280791,-0.280959,0.568867,0.732424,0.374092,0.865962,0.410942,0.285021
28.03,-0.681964,0.282495,-0.282399,0.563987,0.732893,0.380508,0.863213,0.409408,0.295378
28.04,-0.685924,0.283998,-0.283967,0.553386,0.735326,0.391228,0.862678,0.413371,0.291397
28.05,-0.689746,0.285699,-0.285738,0.546502,0.728824,0.412494,0.858908,0.415983,0.298721
28.06,-0.693433,0.287031,-0.287018,0.547647,0.728979,0.410697,0.853396,0.418783,0.310379
28.07,-0.697115,0.288554,-0.288569,0.540477,0.728567,0.420803,0.850813,0.423059,0.311671
28.08,-0.700487,0.290297,-0.289936,0.535802,0.727648,0.428304,0.84989,0.418857,0.319758
28.09,-0.703915,0.291605,-0.291675,0.543184,0.71909,0.433429,0.853308,0.411194,0.320601
28.1,-0.707423,0.292921,-0.292939,0.532555,0.724475,0.437631,0.850814,0.411439,0.326854
28.11,-0.71077,0.29424,-0.294364,0.53567,0.718741,0.443249,0.847708,0.412372,0.333676
28.12,-0.713794,0.29569,-0.295658,0.525676,0.722611,0.448885,0.847163,0.405461,0.343388
28.13,-0.717055,0.296984,-0.296993,0.521912,0.720526,0.456563,0.842266,0.413105,0.346313
28.14,-0.720125,0.298087,-0.29815,0.517825,0.717546,0.465817,0.840074,0.417798,0.346006
28.15,-0.723014,0.299501,-0.299406,0.518045,0.715133,0.46927,0.837204,0.4137,0.357689
28.16,-0.725976,0.300847,-0.300635,0.510038,0.704863,0.49298,0.835905,0.41951,0.35394
28.17,-0.72895,0.301763,-0.301766,0.513801,0.710248,0.481203,0.831798,0.414944,0.368692
28.18,-0.731503,0.303055,-0.302895,0.513498,0.705889,0.487894,0.830617,0.414922,0.37137
28.19,-0.734249,0.303973,-0.304132,0.504388,0.704362,0.499467,0.823631,0.413908,0.387702
28.2,-0.737008,0.305139,-0.30526,0.49885,0.706632,0.501817,0.823173,0.414337,0.388215
28.21,-0.739361,0.306197,-0.30635,0.495029,0.702764,0.51095,0.821409,0.417275,0.388805
28.22,-0.741738,0.307281,-0.30731,0.486313,0.70483,0.516444,0.817492,0.415798,0.39852
28.23,-0.744136,0.308251,-0.308191,0.492957,0.697713,0.519798,0.814386,0.411649,0.409049
28.24,-0.746344,0.309146,-0.309016,0.487711,0.6949,0.528443,0.816792,0.408341,0.407564
28.25,-0.748585,0.310021,-0.309968,0.478333,0.697202,0.533953,0.810495,0.415436,0.41293
28.26,-0.750639,0.310927,-0.31092,0.472337,0.691825,0.546147,0.808095,0.409295,0.423628
28.27,-0.752792,0.311712,-0.311768,0.473333,0.682056,0.557455,0.813217,0.404637,0.418267
28.28,-0.754647,0.31256,-0.31253,0.461628,0.694029,0.55247,0.801078,0.413758,0.432526
28.29,-0.75652,0.313329,-0.31316,0.464026,0.682157,0.565103,0.798635,0.414222,0.43658
28.3,-0.758192,0.314,-0.313991,0.468414,0.673489,0.57184,0.797047,0.415723,0.438054
28.31,-0.76001,0.31474,-0.314746,0.45501,0.674763,0.581087,0.795006,0.40988,0.447172
28.32,-0.761642,0.315299,-0.315598,0.454468,0.675195,0.581008,0.794717,0.405492,0.451664
28.33,-0.763095,0.316144,-0.316098,0.444207,0.680226,0.583073,0.78746,0.410219,0.460029
28.34,-0.764509,0.316608,-0.316595,0.442256,0.658425,0.609004,0.786495,0.406739,0.464747
28.35,-0.765975,0.317182,-0.317189,0.437003,0.669239,0.600955,0.780121,0.408453,0.473897
28.36,-0.767378,0.317747,-0.317718,0.437506,0.66016,0.610554,0.785808,0.400685,0.471123
28.37,-0.768574,0.318275,-0.318201,0.42726,0.65994,0.618004,0.777772,0.400775,0.4842
28.38,-0.769451,0.318707,-0.31869,0.437385,0.647124,0.62444,0.775147,0.398925,0.489905
28.39,-0.770578,0.319061,-0.319113,0.426186,0.659607,0.6191,0.777186,0.391851,0.492377
28.4,-0.771234,0.319641,-0.319505,0.42317,0.64333,0.638007,0.769664,0.392694,0.503397
28.41,-0.772306,0.319864,-0.319769,0.412563,0.645798,0.642446,0.769906,0.393777,0.502179
28.42,-0.773094,0.320069,-0.31997,0.41171,0.642833,0.645957,0.764446,0.391826,0.511952
28.43,-0.773627,0.320304,-0.320564,0.412723,0.638537,0.649561,0.761778,0.388371,0.518518
28.44,-0.774381,0.320701,-0.320615,0.395318,0.644242,0.654733,0.758827,0.38875,0.522547
28.45,-0.77485,0.320757,-0.320854,0.396331,0.628291,0.669456,0.759998,0.391871,0.518498
28.46,-0.775196,0.321069,-0.321091,0.394786,0.626719,0.671839,0.754878,0.385173,0.530849
28.47,-0.775539,0.321205,-0.321285,0.381865,0.624237,0.681548,0.7539,0.379686,0.536165
28.48,-0.775835,0.321206,-0.321214,0.387873,0.626059,0.676465,0.754504,0.39122,0.526945
28.49,-0.775973,0.321302,-0.321349,0.380168,0.612924,0.692674,0.738567,0.392228,0.548339
28.5,-0.775992,0.32124,-0.321414,0.380693,0.609773,0.695162,0.739486,0.381559,0.554593
28.51,-0.775958,0.32129,-0.321416,0.379294,0.604365,0.700628,0.735208,0.380639,0.560878
28.52,-0.776134,0.321381,-0.321571,0.368136,0.59739,0.712462,0.731673,0.374,0.569893
28.53,-0.775981,0.32127,-0.321284,0.36068,0.595899,0.717506,0.735997,0.367548,0.568521
28.54,-0.775555,0.321246,-0.321093,0.360708,0.58558,0.725938,0.730561,0.365152,0.577013
28.55,-0.775188,0.321132,-0.321133,0.350517,0.590807,0.726695,0.729791,0.369975,0.574912
28.56,-0.774835,0.321164,-0.32068,0.355287,0.581851,0.731587,0.72175,0.369455,0.585304
28.57,-0.774241,0.320745,-0.320578,0.352512,0.571295,0.741187,0.722132,0.365146,0.587532
28.58,-0.773751,0.320602,-0.320447,0.338899,0.568505,0.749633,0.718103,0.363687,0.593347
28.59,-0.773043,0.320339,-0.320312,0.337347,0.579976,0.741501,0.709435,0.363767,0.603635
28.6,-0.772241,0.319689,-0.319873,0.335718,0.564009,0.754445,0.719643,0.35307,0.597876
28.61,-0.77143,0.319455,-0.31945,0.329576,0.552491,0.765594,0.706466,0.357965,0.610546
28.62,-0.770554,0.319089,-0.31918,0.329632,0.554637,0.764016,0.706609,0.359792,0.609306
28.63,-0.769503,0.318557,-0.3186,0.326435,0.550576,0.768314,0.705657,0.348461,0.616947
28.64,-0.768478,0.318279,-0.318235,0.315827,0.550852,0.772538,0.702202,0.342411,0.624233
28.65,-0.767205,0.317829,-0.317698,0.317211,0.536162,0.782245,0.693136,0.339627,0.63578
28.66,-0.766071,0.317244,-0.317431,0.312871,0.530945,0.787533,0.692733,0.350173,0.630476
28.67,-0.76453,0.316605,-0.31674,0.302572,0.536569,0.787746,0.688751,0.337735,0.641528
28.68,-0.763107,0.316017,-0.315851,0.313291,0.52523,0.79119,0.686986,0.337802,0.643382
28.69,-0.761628,0.31558,-0.315273,0.290343,0.514621,0.806763,0.680629,0.335306,0.651393
28.7,-0.760037,0.314677,-0.314613,0.288445,0.508714,0.811178,0.682248,0.336532,0.649064
28.71,-0.758306,0.314061,-0.314049,0.296561,0.508539,0.808356,0.676188,0.333595,0.656875
28.72,-0.756626,0.313281,-0.313376,0.282974,0.500848,0.817971,0.682633,0.324631,0.654696
28.73,-0.754798,0.312519,-0.31237,0.291017,0.498364,0.816666,0.673013,0.317047,0.668232
28.74,-0.752588,0.311736,-0.31171,0.272555,0.487477,0.829506,0.668308,0.320972,0.671075
28.75,-0.750662,0.311022,-0.310857,0.265233,0.49222,0.829078,0.665014,0.313291,0.677942
28.76,-0.748644,0.309999,-0.309915,0.266436,0.492239,0.828681,0.664311,0.308355,0.680887
28.77,-0.746192,0.309073,-0.309286,0.268638,0.476411,0.837177,0.660932,0.310294,0.68329
28.78,-0.74408,0.308182,-0.308157,0.260617,0.465895,0.845589,0.653697,0.301391,0.694149
28.79,-0.741694,0.307221,-0.307311,0.263458,0.457079,0.849511,0.656592,0.313243,0.686124
28.8,-0.739541,0.306205,-0.30629,0.251741,0.458747,0.852161,0.642789,0.299877,0.704908
28.81,-0.736834,0.305058,-0.305179,0.246563,0.451269,0.85765,0.648239,0.299968,0.699861
28.82,-0.734395,0.304063,-0.304114,0.24059,0.449337,0.860356,0.644732,0.291631,0.706592
28.83,-0.731543,0.303105,-0.302984,0.235542,0.439581,0.866769,0.638668,0.293583,0.711275
28.84,-0.728917,0.302018,-0.301796,0.232913,0.452349,0.86089,0.632697,0.284533,0.720233
28.85,-0.725956,0.300727,-0.300528,0.222517,0.433632,0.873183,0.633592,0.288441,0.717888
28.86,-0.723009,0.299527,-0.299381,0.235756,0.430575,0.87122,0.634241,0.285233,0.718596
28.87,-0.72018,0.298176,-0.298218,0.221452,0.415412,0.882265,0.631643,0.280376,0.722784
28.88,-0.717026,0.296959,-0.29691,0.221098,0.416001,0.882076,0.627234,0.271462,0.72999
28.89,-0.713883,0.295615,-0.295773,0.219202,0.411775,0.884529,0.620954,0.266055,0.737313
28.9,-0.710584,0.294367,-0.294372,0.215076,0.407944,0.887313,0.622175,0.268671,0.735333
28.91,-0.707308,0.292981,-0.29292,0.212184,0.396492,0.893181,0.613292,0.264482,0.744259
28.92,-0.704129,0.29144,-0.291577,0.204385,0.393802,0.896185,0.618389,0.26029,0.741515
28.93,-0.700368,0.290037,-0.290122,0.200757,0.382902,0.901711,0.607914,0.264905,0.748509
28.94,-0.697068,0.288604,-0.288597,0.196715,0.380578,0.903584,0.609355,0.249514,0.752615
28.95,-0.693538,0.286903,-0.287072,0.193961,0.381951,0.9036,0.61408,0.252193,0.747867
28.96,-0.689665,0.285569,-0.285517,0.192767,0.372389,0.907837,0.608408,0.241007,0.756145
28.97,-0.685819,0.28388,-0.284056,0.189656,0.358136,0.914204,0.602028,0.246286,0.759543
28.98,-0.681966,0.282413,-0.282478,0.182194,0.36006,0.914966,0.592748,0.23584,0.770084
28.99,-0.678065,0.280826,-0.280934,0.182806,0.352305,0.917858,0.595856,0.231692,0.768943
29,-0.674218,0.279082,-0.279129,0.180032,0.343317,0.921804,0.598739,0.236927,0.765099
29.01,-0.670245,0.277601,-0.277637,0.173896,0.344173,0.922662,0.588738,0.230205,0.77485
29.02,-0.665954,0.275673,-0.275808,0.163305,0.336638,0.927365,0.583204,0.22552,0.780393
29.03,-0.661659,0.274155,-0.273923,0.174313,0.337077,0.925199,0.574489,0.222924,0.787571
29.04,-0.657473,0.272292,-0.272242,0.168893,0.313536,0.934436,0.579259,0.218529,0.785305
29.05,-0.653057,0.270444,-0.270363,0.153431,0.321466,0.934408,0.581027,0.213206,0.785462
29.06,-0.648656,0.268745,-0.268584,0.158416,0.315622,0.935568,0.58243,0.210286,0.78521
29.07,-0.644128,0.266719,-0.266799,0.15185,0.304217,0.940422,0.573319,0.20992,0.791984
29.08,-0.639732,0.264865,-0.264886,0.149591,0.307978,0.93956,0.570647,0.203636,0.795546
29.09,-0.634908,0.26286,-0.262667,0.144562,0.292195,0.94537,0.567094,0.192123,0.800933
29.1,-0.630284,0.261129,-0.260908,0.139881,0.281279,0.949376,0.574357,0.19498,0.795045
29.11,-0.625716,0.259018,-0.258892,0.136525,0.286233,0.948384,0.565313,0.196639,0.801096
29.12,-0.620863,0.257101,-0.257093,0.142279,0.280043,0.949385,0.554725,0.18471,0.811272
29.13,-0.615778,0.255018,-0.255141,0.139717,0.278052,0.950351,0.558752,0.183872,0.808695
29.14,-0.61074,0.252879,-0.25298,0.128002,0.271453,0.953902,0.55872,0.184725,0.808522
29.15,-0.605647,0.25115,-0.250794,0.130965,0.259905,0.956712,0.555612,0.176482,0.812496
29.16,-0.600546,0.248721,-0.248769,0.12096,0.260336,0.957911,0.540053,0.178436,0.822498
29.17,-0.595391,0.246713,-0.246544,0.126835,0.249061,0.960147,0.540741,0.171296,0.823563
29.18,-0.590091,0.244387,-0.244167,0.110443,0.25031,0.961846,0.541436,0.173565,0.822631
29.19,-0.585002,0.242259,-0.24214,0.115782,0.236431,0.964725,0.540868,0.172146,0.823303
29.2,-0.579461,0.239884,-0.240061,0.107678,0.240515,0.964654,0.539929,0.15685,0.826967
29.21,-0.574067,0.237737,-0.237815,0.113764,0.235917,0.965091,0.53155,0.155523,0.832627
29.22,-0.568638,0.235499,-0.235341,0.1072,0.226582,0.968075,0.531048,0.153623,0.8333
29.23,-0.563031,0.233085,-0.23319,0.100321,0.225595,0.969042,0.534035,0.149467,0.832146
29.24,-0.557141,0.230858,-0.230802,0.102372,0.209144,0.972512,0.532177,0.147679,0.833654
29.25,-0.551583,0.228661,-0.228339,0.104749,0.208335,0.972432,0.527689,0.146611,0.836689
29.26,-0.546049,0.226073,-0.226097,0.098723,0.2113,0.972423,0.52762,0.140351,0.837806
29.27,-0.540148,0.223568,-0.22369,0.090765,0.207034,0.974114,0.5267,0.136321,0.839049
29.28,-0.534347,0.221275,-0.221223,0.095013,0.200523,0.975071,0.520601,0.138788,0.842445
29.29,-0.528452,0.218642,-0.218815,0.086811,0.194452,0.977063,0.521755,0.131308,0.842929
29.3,-0.522289,0.216356,-0.216301,0.086349,0.191679,0.977652,0.512327,0.12513,0.849625
29.31,-0.516596,0.213768,-0.213858,0.093423,0.180093,0.979203,0.513769,0.12924,0.848138
29.32,-0.51024,0.21118,-0.211306,0.083692,0.174756,0.981048,0.509605,0.128241,0.850798
29.33,-0.504117,0.208976,-0.208659,0.075183,0.174104,0.981853,0.512131,0.126203,0.849585
29.34,-0.497868,0.206163,-0.206159,0.077701,0.172068,0.982016,0.508185,0.109405,0.854271
29.35,-0.491573,0.203538,-0.203557,0.072475,0.166513,0.983372,0.510217,0.11118,0.852829
29.36,-0.485184,0.20103,-0.200912,0.075184,0.15162,0.985575,0.511633,0.110144,0.852115
29.37,-0.478788,0.198339,-0.198387,0.067766,0.152411,0.985991,0.493953,0.11255,0.862173
29.38,-0.472636,0.195598,-0.195647,0.056128,0.152654,0.986685,0.504997,0.106639,0.856508
29.39,-0.465975,0.193072,-0.19301,0.05745,0.142019,0.988195,0.497617,0.096035,0.862064
29.4,-0.459556,0.190343,-0.190154,0.059819,0.142165,0.988034,0.497113,0.100394,0.861858
29.41,-0.452953,0.187581,-0.187414,0.053377,0.132628,0.989728,0.495788,0.098886,0.862795
29.42,-0.446258,0.184803,-0.184972,0.053477,0.133755,0.98957,0.504673,0.09766,0.857769
29.43,-0.439497,0.1821,-0.182015,0.05953,0.129268,0.989821,0.487854,0.09429,0.867818
29.44,-0.432932,0.17915,-0.17925,0.057915,0.119949,0.991089,0.48922,0.08635,0.867875
29.45,-0.426132,0.176552,-0.176544,0.048584,0.12474,0.990999,0.489949,0.081762,0.867908
29.46,-0.41918,0.173636,-0.173511,0.045258,0.1133,0.99253,0.492803,0.074289,0.866964
29.47,-0.41253,0.170821,-0.170665,0.042407,0.107889,0.993258,0.488017,0.074948,0.869611
29.48,-0.405528,0.167801,-0.16794,0.047541,0.105895,0.99324,0.479843,0.065245,0.874925
29.49,-0.398539,0.164927,-0.165158,0.056061,0.096165,0.993785,0.483308,0.079175,0.871863
29.5,-0.39157,0.162069,-0.162075,0.047072,0.098733,0.994,0.488463,0.068716,0.869875
29.51,-0.384656,0.159076,-0.159287,0.029651,0.090397,0.995464,0.482086,0.063932,0.873788
29.52,-0.377342,0.156229,-0.156287,0.032676,0.08244,0.99606,0.471499,0.058253,0.87994
29.53,-0.370329,0.153271,-0.153241,0.031322,0.092287,0.99524,0.473739,0.060522,0.878583
29.54,-0.363173,0.150427,-0.150517,0.034693,0.076777,0.996444,0.476208,0.053025,0.877732
29.55,-0.356139,0.147164,-0.147403,0.031221,0.077077,0.996536,0.472919,0.054796,0.879401
29.56,-0.348765,0.144468,-0.144257,0.033455,0.075203,0.996607,0.465511,0.05211,0.883507
29.57,-0.341488,0.141367,-0.141332,0.031199,0.078669,0.996412,0.468879,0.048365,0.881937
29.58,-0.334015,0.138287,-0.138286,0.0303,0.069654,0.997111,0.471558,0.047289,0.880566
29.59,-0.326817,0.135284,-0.135224,0.033605,0.070258,0.996963,0.465556,0.043862,0.883931
29.6,-0.319475,0.132159,-0.132176,0.026471,0.066203,0.997455,0.471012,0.039853,0.881226
29.61,-0.311984,0.129154,-0.129171,0.023989,0.063329,0.997704,0.460599,0.045757,0.886428
29.62,-0.30448,0.126056,-0.126003,0.021426,0.060479,0.99794,0.463691,0.041157,0.885041
29.63,-0.296995,0.123114,-0.122856,0.015836,0.056473,0.998279,0.464601,0.045643,0.884343
29.64,-0.289432,0.11985,-0.119839,0.020402,0.062191,0.997856,0.469126,0.046526,0.881905
29.65,-0.282002,0.116987,-0.116739,0.029885,0.057094,0.997921,0.459841,0.028391,0.887547
29.66,-0.274315,0.113714,-0.113696,0.018567,0.047905,0.998679,0.463917,0.035234,0.885178
29.67,-0.266818,0.110406,-0.110508,0.025778,0.047486,0.998539,0.457364,0.029313,0.888796
29.68,-0.25921,0.107228,-0.107141,0.012103,0.046542,0.998843,0.451866,0.030911,0.89155
29.69,-0.251361,0.104097,-0.104073,0.021523,0.0457,0.998723,0.462352,0.029614,0.886202
29.7,-0.243867,0.100965,-0.100847,0.025426,0.034996,0.999064,0.449984,0.017509,0.892865
29.71,-0.236087,0.097721,-0.0977,0.018997,0.043025,0.998893,0.455608,0.026312,0.889791
29.72,-0.228283,0.094404,-0.09453,0.021757,0.035997,0.999115,0.46032,0.021042,0.887503
29.73,-0.22054,0.091308,-0.091216,0.011419,0.032755,0.999398,0.451055,0.028338,0.892046
29.74,-0.212625,0.088019,-0.088051,0.012358,0.023798,0.99964,0.453173,0.0172,0.891257
29.75,-0.204648,0.08463,-0.084669,0.011102,0.040587,0.999114,0.449553,0.017115,0.89309
29.76,-0.196945,0.081547,-0.081566,0.007301,0.026293,0.999628,0.453478,0.014854,0.891144
29.77,-0.189123,0.078177,-0.078382,0.009726,0.011255,0.999889,0.456912,0.008347,0.889473
29.78,-0.181222,0.074867,-0.074919,0.005073,0.022881,0.999725,0.447625,0.016703,0.894065
29.79,-0.173202,0.071434,-0.07185,0.006368,0.012287,0.999904,0.445345,0.010172,0.895301
29.8,-0.165345,0.068468,-0.06842,0.018057,0.020437,0.999628,0.456487,0.011329,0.889658
29.81,-0.157382,0.065222,-0.065061,0.001883,0.00842,0.999963,0.451015,0.01904,0.892313
29.82,-0.149296,0.061859,-0.061761,0.005503,0.016218,0.999853,0.449842,0.004378,0.893097
29.83,-0.141611,0.058539,-0.058636,0.005594,-0.000839,0.999984,0.452461,0.010154,0.891726
29.84,-0.133349,0.055441,-0.055169,0.013411,0.010873,0.999851,0.444756,0.005612,0.895634
29.85,-0.125571,0.051908,-0.051895,0.005072,0.008015,0.999955,0.439971,0.005963,0.897992
29.86,-0.117413,0.048688,-0.048489,0.001587,0.007973,0.999967,0.448423,0.007555,0.89379
29.87,-0.109622,0.045382,-0.045286,-0.002029,0.005377,0.999983,0.444135,0.00836,0.895921
29.88,-0.101388,0.042052,-0.041931,0.004926,0.01582,0.999863,0.445839,0.008516,0.895073
29.89,-0.093396,0.038473,-0.038562,0.005488,-0.001041,0.999984,0.441996,0.003964,0.897008
29.9,-0.085124,0.035375,-0.035238,-0.006904,0.011054,0.999915,0.446992,0.004011,0.894529
29.91,-0.077161,0.032038,-0.031916,0.002045,-0.001916,0.999996,0.442771,0.002725,0.896631
29.92,-0.068902,0.028566,-0.028504,-0.001172,0.009819,0.999951,0.435316,-0.000004,0.900278
29.93,-0.060952,0.025217,-0.02521,0.00143,-0.011197,0.999936,0.442905,-0.002012,0.896566
29.94,-0.052885,0.021822,-0.021869,-0.000817,0.005957,0.999982,0.442935,-0.00142,0.896552
29.95,-0.044689,0.018481,-0.018476,-0.00447,-0.00988,0.999941,0.448043,-0.011994,0.893931
29.96,-0.036617,0.015092,-0.014939,0.00128,-0.000496,0.999999,0.442872,0.002509,0.896581
29.97,-0.02848,0.011697,-0.011754,-0.000861,0.003342,0.999994,0.440285,-0.001082,0.897857
29.98,-0.020299,0.008367,-0.008376,-0.00991,-0.002299,0.999948,0.44404,0.008136,0.89597
29.99,-0.012254,0.005033,-0.004964,-0.014049,0.003198,0.999896,0.436615,0.002799,0.899644
30,-0.004066,0.00151,-0.001725,-0.005218,0.002777,0.999983,0.439751,0.003863,0.898111
30.01,-0.000271,0.000039,0.000148,-0.002378,-0.001322,0.999996,0.44665,0.003418,0.894702
30.02,0.000072,-0.000018,0.000152,-0.003465,-0.000608,0.999994,0.43453,0.01187,0.900579
30.03,-0.000045,-0.000041,-0.000083,0.009842,-0.00758,0.999923,0.448443,0.002341,0.893808
30.04,-0.00011,-0.000082,0.000132,0.002272,-0.016651,0.999859,0.445776,-0.001396,0.895144
30.05,0.000103,-0.000072,0.000084,0.010285,-0.012386,0.99987,0.445667,0.002885,0.895194
30.06,-0.000017,-0.000098,-0.000099,-0.000697,-0.012975,0.999916,0.441982,0.007921,0.896989
30.07,-0.000107,-0.000156,0.000024,-0.001579,-0.014632,0.999892,0.441292,0.000713,0.897363
30.08,-0.000054,-0.000047,0.000037,-0.000127,-0.019821,0.999804,0.441431,-0.006499,0.897272
30.09,0,-0.000112,0.000129,-0.007825,-0.027203,0.999599,0.436847,0.005428,0.899519
30.1,-0.000187,-0.000026,0.000085,-0.001407,-0.024819,0.999691,0.427882,-0.003619,0.903828
30.11,-0.000111,-0.00017,0.000107,-0.001651,-0.03235,0.999475,0.439279,0.004623,0.898339
30.12,-0.0001,0.000037,0.000118,0.003471,-0.032703,0.999459,0.439494,-0.002495,0.898242
30.13,-0.000042,-0.000031,0.000137,0.007143,-0.036027,0.999325,0.441966,-0.001914,0.89703
30.14,-0.000009,-0.000112,0.000066,-0.003569,-0.040284,0.999182,0.449444,0.000657,0.893308
30.15,0.000006,-0.000013,0.000068,0.003789,-0.04319,0.99906,0.440008,-0.002763,0.897989
30.16,-0.000055,-0.000041,-0.00003,-0.00451,-0.049997,0.998739,0.442293,0.00099,0.89687
30.17,-0.000166,0.000067,-0.000004,0.000344,-0.048578,0.998819,0.446701,-0.004752,0.894671
30.18,-0.000023,-0.000162,0.000065,-0.00188,-0.054144,0.998531,0.447,0.003168,0.894528
30.19,-0.000114,0.000227,-0.000037,0.003419,-0.06287,0.998016,0.445393,-0.005424,0.895319
30.2,-0.000126,0.000051,0.00015,-0.00374,-0.060192,0.99818,0.437621,-0.004145,0.89915
30.21,-0.000225,-0.000009,0.000127,-0.007994,-0.06331,0.997962,0.438141,0.002267,0.898903
30.22,-0.000148,0.000028,0.000005,-0.000786,-0.065011,0.997884,0.447899,-0.005096,0.894069
30.23,-0.000129,-0.000062,0.000011,-0.006631,-0.066273,0.997779,0.434634,0.002946,0.900602
30.24,-0.000163,0.000163,0.000012,0.000293,-0.066509,0.997786,0.438839,0.00154,0.898564
30.25,-0.000107,0.000043,0.000045,0.002036,-0.067232,0.997735,0.442882,-0.005312,0.896564
30.26,0.000074,-0.000054,0.000082,0.000816,-0.072695,0.997354,0.439549,-0.005325,0.898203
30.27,-0.000034,-0.000017,0.000033,0.004882,-0.066311,0.997787,0.443058,0.005503,0.896476
30.28,-0.000051,0.000114,-0.000008,0.001494,-0.079922,0.9968,0.452274,0.006649,0.891854
30.29,-0.000089,-0.000061,0.000101,0.01026,-0.073418,0.997248,0.442718,-0.010501,0.896599
30.3,-0.000007,0.00005,-0.000065,0.008052,-0.086802,0.996193,0.437502,0.004027,0.899209
30.31,-0.00002,-0.000046,0.000026,-0.000383,-0.082328,0.996605,0.442273,0.004846,0.896868
30.32,-0.000028,-0.000202,0.000075,0.005348,-0.085479,0.996326,0.440789,-0.009865,0.897557
30.33,-0.000029,-0.000155,0.000043,-0.006587,-0.089095,0.996001,0.438514,0.002639,0.898721
30.34,0.000092,-0.000065,0.000102,0.008136,-0.102737,0.994675,0.439297,0.004945,0.898328
30.35,-0.000061,-0.000101,-0.000029,-0.009602,-0.092488,0.995668,0.434611,-0.002082,0.900616
30.36,-0.000076,0.000081,0.000122,0.002048,-0.091119,0.995838,0.449512,0.00357,0.893267
30.37,-0.000103,0.000055,0.00004,-0.000612,-0.094128,0.99556,0.437951,0.002378,0.898996
30.38,-0.000102,0.000006,-0.000028,-0.002021,-0.098123,0.995172,0.440691,-0.005307,0.897643
30.39,-0.000178,0.000081,-0.000107,0.004659,-0.106397,0.994313,0.434996,-0.001764,0.900431
30.4,0.000005,-0.000163,0.000049,-0.006903,-0.102447,0.994714,0.442054,-0.001004,0.896988
30.41,-0.000059,-0.000069,-0.000138,-0.005233,-0.10903,0.994025,0.448673,-0.000388,0.893696
30.42,-0.000051,-0.000034,-0.000026,-0.005079,-0.121079,0.99263,0.438031,0.009495,0.89891
30.43,-0.000048,0.000055,-0.000011,0.001467,-0.104833,0.994489,0.44694,0.002543,0.89456
30.44,-0.00002,-0.00013,0.000084,0.000825,-0.106784,0.994282,0.445185,0.006347,0.895416
30.45,0.000013,0.000183,0.000129,0.007264,-0.106648,0.99427,0.441083,-0.00197,0.897464
30.46,-0.000004,0.00009,-0.000034,0.00691,-0.112136,0.993669,0.442544,-0.008496,0.896707
30.47,0.000051,-0.000078,-0.000002,0.000403,-0.112544,0.993647,0.442282,-0.000338,0.896876
30.48,0.000053,-0.000011,0.000166,-0.007448,-0.111917,0.99369,0.443153,0.00081,0.896446
30.49,-0.000166,-0.000007,0.000006,0.001911,-0.116151,0.99323,0.435264,-0.001171,0.900302
30.5,-0.000065,-0.000195,0.000132,-0.006212,-0.124793,0.992163,0.442007,-0.001469,0.897011
30.51,-0.000023,-0.000115,-0.000064,0.001258,-0.125717,0.992065,0.440427,-0.002346,0.897785
30.52,-0.000116,0.00009,0.000043,-0.000528,-0.120991,0.992653,0.443614,0.000209,0.896218
30.53,-0.00007,0.000012,0.000053,0.004881,-0.119178,0.992861,0.446357,0.005675,0.894837
30.54,-0.000021,0.000034,0.000081,-0.001892,-0.137759,0.990464,0.444882,0.001408,0.895588
30.55,0.000034,-0.000133,0.000058,0.004465,-0.126127,0.992004,0.439892,-0.000797,0.89805
30.56,-0.000071,-0.000021,0.000049,-0.001229,-0.137345,0.990523,0.445277,-0.012226,0.895309
30.57,-0.000095,-0.00006,0.000134,-0.002647,-0.133845,0.990999,0.443765,-0.002297,0.89614
30.58,-0.000088,-0.000136,0.000104,0.006987,-0.13497,0.990825,0.44023,0.005115,0.89787
30.59,0.000043,-0.000053,0.000064,0.006944,-0.125607,0.992056,0.443992,-0.006039,0.89601
30.6,-0.000112,-0.000047,0.000148,0.005218,-0.129258,0.991597,0.441231,0.009423,0.897344
30.61,0.000029,-0.000017,0.00003,0.001945,-0.138886,0.990306,0.44203,-0.00933,0.896952
30.62,-0.000179,-0.000002,0.000092,-0.003033,-0.136528,0.990632,0.437923,-0.003381,0.899006
30.63,0.00005,0.000143,0.000086,0.005097,-0.137628,0.990471,0.454511,-0.002904,0.890737
30.64,0.000042,-0.000124,0.000156,-0.001831,-0.123559,0.992336,0.433639,-0.003352,0.90108
30.65,0.000035,0.000088,0.000111,0.002683,-0.145034,0.989423,0.434899,-0.005109,0.900465
30.66,-0.000001,0.000098,-0.000003,-0.005773,-0.140441,0.990072,0.449701,0.005806,0.89316
30.67,0.000016,0.000064,-0.000013,0.009024,-0.137404,0.990474,0.44066,-0.005588,0.897657
30.68,-0.000138,0.000009,0.000065,0.001197,-0.141278,0.989969,0.440611,0.002131,0.897696
30.69,0.000013,0.000027,-0.000011,0.005262,-0.138777,0.99031,0.443456,0.003986,0.896287
30.7,-0.00001,0.000068,0.000024,-0.002114,-0.137689,0.990473,0.443257,-0.001562,0.896393
30.71,-0.000063,-0.000124,0.000124,0.004973,-0.146556,0.98919,0.453276,-0.000677,0.89137
30.72,0.000128,-0.000144,0.000119,-0.003802,-0.139232,0.990252,0.439873,-0.001917,0.898058
30.73,0.000038,-0.000075,0.000023,0.005601,-0.143319,0.989661,0.43943,0.000249,0.898277
30.74,-0.000127,-0.000094,0.000069,0.004864,-0.135894,0.990711,0.437748,0.000483,0.899097
30.75,0.000017,-0.000018,0.000128,0.00418,-0.144675,0.98947,0.435605,-0.005179,0.900123
30.76,-0.000021,-0.000127,0.000178,0.00585,-0.142579,0.989766,0.440535,0.002147,0.897733
30.77,0.000063,-0.000088,0.000206,-0.000568,-0.14253,0.98979,0.447559,0.0091,0.894208
30.78,0.000002,-0.000016,0.000218,0.004175,-0.135276,0.990799,0.441487,0.000213,0.897268
30.79,-0.00025,-0.000164,0.000116,0.003907,-0.138303,0.990382,0.438738,-0.004089,0.898606
30.8,-0.000059,-0.000107,0.000184,0.000566,-0.139428,0.990232,0.447378,0.004056,0.894336
30.81,0.000004,-0.000135,-0.000001,-0.005562,-0.139817,0.990162,0.449238,-0.001364,0.893411
30.82,0.000034,0.000125,-0.000115,0.007493,-0.131062,0.991346,0.443305,-0.004337,0.89636
30.83,-0.000016,-0.000059,-0.000093,0.000664,-0.141822,0.989892,0.440939,-0.003687,0.89753
30.84,-0.000051,-0.000163,0.00001,-0.001496,-0.137028,0.990566,0.445537,0.002719,0.895259
30.85,0.000101,0.000017,0.000123,-0.007295,-0.138951,0.990272,0.443635,-0.006964,0.896181
30.86,0.000014,0.000004,0.000139,0.007467,-0.128725,0.991652,0.436403,0.001453,0.89975
30.87,-0.000136,-0.000057,0.000129,-0.003325,-0.132566,0.991169,0.449413,0.002438,0.893321
30.88,-0.000099,-0.000063,0.000159,-0.004781,-0.137518,0.990488,0.440399,0.004142,0.897793
30.89,0.000094,-0.000077,-0.000013,-0.005121,-0.127226,0.991861,0.438142,0.002431,0.898903
30.9,0.000013,-0.000003,-0.000001,0.000566,-0.138874,0.99031,0.439315,0.002672,0.898329
30.91,0.000014,0.000022,0.000064,-0.006649,-0.137038,0.990543,0.439833,0.001739,0.898078
30.92,0.000214,0.00009,0.000126,-0.000462,-0.139764,0.990185,0.445269,0.001179,0.895396
30.93,0.000051,0.000227,0.000151,0.003215,-0.131125,0.991361,0.443936,-0.005859,0.896039
30.94,-0.000097,0.000002,0.000063,0.005154,-0.127001,0.991889,0.439176,-0.00116,0.8984
30.95,-0.000084,-0.000003,0.000079,0.00032,-0.132115,0.991234,0.436957,0.005739,0.899464
30.96,-0.000041,-0.000067,0.000128,-0.008511,-0.135205,0.990781,0.444015,0.006804,0.895993
30.97,-0.000172,0.000045,0.000058,0.01218,-0.125184,0.992059,0.442056,-0.011761,0.89691
30.98,-0.000012,-0.000228,0.000201,-0.007741,-0.130261,0.991449,0.447998,-0.007541,0.894003
30.99,-0.000183,-0.000099,0.000112,-0.002157,-0.122627,0.99245,0.444927,0.005445,0.89555
31,-0.000087,-0.00006,-0.000133,0.000671,-0.121573,0.992582,0.447982,0.006175,0.894021
31.01,-0.000073,-0.000007,0.000115,-0.000843,-0.118507,0.992953,0.443711,0.005233,0.896154
31.02,-0.00006,-0.000006,0.000095,-0.004497,-0.117186,0.9931,0.444861,0.003441,0.895593
31.03,-0.000093,-0.000089,0.000225,-0.000744,-0.116874,0.993147,0.43562,0.010104,0.900074
31.04,-0.000108,0.00008,0.000064,0.005903,-0.103328,0.99463,0.449076,-0.003584,0.893487
31.05,0.00009,-0.000079,0.000102,-0.001454,-0.117806,0.993036,0.447568,0.002831,0.894245
31.06,-0.000007,-0.000044,0.000084,0.004674,-0.129512,0.991567,0.45034,0.000749,0.892857
31.07,-0.000101,-0.000032,0.000023,0.006412,-0.11017,0.993892,0.441511,-0.002829,0.897251
31.08,0.00003,-0.000033,-0.000062,-0.000901,-0.116592,0.993179,0.43509,0.000615,0.900387
31.09,-0.000067,-0.000033,-0.00002,-0.001171,-0.104442,0.99453,0.4521,0.00364,0.89196
31.1,0.000078,0.00001,0.00013,0.010214,-0.102293,0.994702,0.446426,0.004294,0.89481
31.11,-0.000101,-0.000059,0.000144,-0.000194,-0.106805,0.99428,0.4417,-0.005844,0.897144
31.12,-0.000158,0.000007,0.000065,0.005885,-0.101959,0.994771,0.443098,0.014263,0.89636
31.13,-0.000078,-0.000017,-0.000035,-0.003689,-0.089256,0.996002,0.446382,-0.008215,0.894805
31.14,-0.000016,-0.000129,-0.000052,0.001233,-0.106592,0.994302,0.441145,-0.00035,0.897436
31.15,0.000084,-0.000085,-0.000123,-0.004089,-0.0902,0.995915,0.445068,0.007983,0.895461
31.16,0.000048,-0.000091,-0.000244,0.003103,-0.087389,0.996169,0.442296,-0.001903,0.896867
31.17,-0.00004,0.000055,0.000088,0.008923,-0.090857,0.995824,0.436509,-0.00628,0.899678
31.18,0.000112,-0.000035,0.000109,0.011053,-0.090216,0.995861,0.440563,0.003508,0.897715
31.19,-0.000122,-0.000011,0.000189,-0.000318,-0.084656,0.99641,0.441105,0.000593,0.897455
31.2,0.000008,-0.000011,-0.000112,-0.000073,-0.082701,0.996574,0.454159,-0.003088,0.890915
31.21,-0.000068,-0.000135,0.000124,-0.006471,-0.084617,0.996393,0.434883,-0.001639,0.900486
31.22,-0.000099,0.000006,-0.000028,-0.006741,-0.076662,0.997034,0.449116,0.009861,0.893419
31.23,0.000126,-0.000125,0.000069,-0.004105,-0.083031,0.996539,0.441947,0.001055,0.897041
31.24,0.00019,-0.000006,-0.000017,0.00251,-0.079317,0.996846,0.439196,-0.00654,0.898367
31.25,0.000017,0.000061,0.000132,0.003506,-0.06984,0.997552,0.444297,-0.000139,0.895879
31.26,-0.000205,-0.000006,-0.000125,-0.003642,-0.062963,0.998009,0.440133,0.008784,0.89789
31.27,0.000128,-0.000018,0.000018,-0.003621,-0.06907,0.997605,0.443898,-0.004068,0.896068
31.28,0.000023,0.000017,-0.000044,-0.0091,-0.057632,0.998296,0.443149,0.010001,0.896392
31.29,0.000104,-0.000045,-0.000094,-0.005093,-0.057943,0.998307,0.444513,-0.000654,0.895772
31.3,0.000085,0.000108,0.000166,-0.006009,-0.055574,0.998436,0.445722,-0.004976,0.895157
31.31,0.000012,-0.000101,0.000139,-0.005845,-0.062072,0.998055,0.438065,0.011095,0.898875
31.32,0.000125,0.000046,0.000196,0.0007,-0.05622,0.998418,0.442061,0.004455,0.896974
31.33,-0.000102,0.000064,0.000139,0.008208,-0.054544,0.998478,0.444315,-0.000035,0.895871
31.34,-0.000164,-0.000165,-0.000004,-0.00191,-0.039795,0.999206,0.447593,0.000117,0.894237
31.35,-0.000028,0.000015,0.000039,-0.000025,-0.050388,0.99873,0.445514,0.004767,0.895262
31.36,-0.000041,-0.000034,0.000066,0.014725,-0.037644,0.999183,0.447244,-0.003718,0.894404
31.37,0.000016,0.000019,0.000053,-0.007965,-0.040305,0.999156,0.443032,0.01186,0.896427
31.38,-0.000013,-0.000063,0.000127,0.009024,-0.036713,0.999285,0.44873,0.003473,0.893661
31.39,-0.000079,0.000118,0.000056,-0.002314,-0.046592,0.998911,0.442086,-0.004686,0.89696
31.4,-0.000011,-0.00009,0.000028,-0.009617,-0.032653,0.99942,0.44477,0.000101,0.895645
31.41,-0.000021,-0.000022,0.000004,-0.002942,-0.028968,0.999576,0.445944,0.010437,0.895
31.42,-0.000135,-0.000021,0.000072,0.00754,-0.029787,0.999528,0.443017,0.003098,0.896508
31.43,0.000013,0.000084,0.000031,0.002896,-0.022842,0.999735,0.443649,0.007139,0.896172
31.44,-0.000208,-0.000036,-0.000102,0.010106,-0.013804,0.999854,0.443233,-0.008539,0.896366
31.45,-0.000146,0.000065,0.000107,0.001441,-0.019324,0.999812,0.444136,-0.001495,0.895958
31.46,-0.000091,-0.000079,0.000051,-0.007189,-0.007661,0.999945,0.440353,0.004429,0.897814
31.47,-0.000187,0.000018,0.000028,0.001854,-0.008836,0.999959,0.439783,0.003575,0.898097
31.48,0.000125,-0.000116,0.000145,-0.004328,-0.005521,0.999975,0.450108,-0.002216,0.892971
31.49,-0.000094,0.000065,-0.000027,0.002326,-0.007642,0.999968,0.443271,-0.002529,0.896384
31.5,0.000029,-0.000062,-0.000013,-0.006079,-0.003663,0.999975,0.438275,0.000908,0.898841
31.51,-0.000048,0.000018,0.000094,-0.003017,0.002415,0.999993,0.442148,0.002702,0.896938
31.52,0.000102,0.000048,-0.00017,0.005551,0.008374,0.99995,0.449911,0.002402,0.89307
31.53,-0.000069,-0.000197,0.000025,0.003926,0.014107,0.999893,0.440297,0.007775,0.897818
31.54,0.00002,-0.00014,-0.000044,-0.005971,0.011072,0.999921,0.444516,0.005711,0.895753
31.55,-0.000022,-0.000049,0.000196,-0.001487,0.013993,0.999901,0.43323,-0.004096,0.901274
31.56,-0.000006,0.000023,0.000211,-0.005987,0.012354,0.999906,0.442701,0.00343,0.896663
31.57,-0.000078,-0.000024,-0.000028,0.004385,0.019318,0.999804,0.452044,-0.009384,0.891946
31.58,-0.000012,0.000066,0.000178,-0.008577,0.032102,0.999448,0.44069,-0.009047,0.897614
31.59,-0.000038,-0.000085,-0.000008,0.00673,0.02291,0.999715,0.437064,0.000304,0.899431
31.6,-0.000156,-0.000013,0.000177,0.008763,0.025061,0.999648,0.44544,0.010401,0.895252
31.61,-0.000241,-0.000213,0.000181,0.003811,0.039006,0.999232,0.43455,-0.003436,0.900641
31.62,-0.000174,0.000005,-0.000051,0.006401,0.036137,0.999326,0.444291,0.007694,0.895849
31.63,0.000034,0.000045,0.000074,0.005175,0.044763,0.998984,0.443567,-0.007247,0.896212
31.64,0.000038,-0.000019,0.000108,-0.000602,0.044719,0.998999,0.436657,-0.000844,0.899628
31.65,0.000125,0.000072,0.000002,-0.006242,0.048909,0.998784,0.443254,-0.00277,0.896392
31.66,-0.000104,-0.000044,0.000039,-0.004469,0.049724,0.998753,0.442947,0.00529,0.896532
31.67,-0.000028,-0.000076,0.000116,0.00187,0.056441,0.998404,0.437689,0.00057,0.899126
31.68,-0.00003,0.000009,0.00006,-0.002579,0.045387,0.998966,0.447991,-0.003037,0.894033
31.69,0.00002,-0.000127,0.000197,0.009623,0.049876,0.998709,0.441943,0.006269,0.897021
31.7,-0.000003,0.000016,0.000113,-0.003094,0.05998,0.998195,0.439357,-0.010059,0.898256
31.71,0.000061,0.000042,0.00008,-0.003987,0.056649,0.998386,0.446891,0.004372,0.894578
31.72,-0.000049,-0.000166,0.000079,-0.006227,0.050593,0.9987,0.448149,-0.000459,0.893959
31.73,-0.00006,-0.00005,0.00027,0.000679,0.062826,0.998024,0.443997,-0.006936,0.896002
31.74,-0.000195,-0.000017,0.000166,0.003754,0.064046,0.99794,0.446591,0.005598,0.894721
31.75,0.000051,0.000086,-0.00005,-0.002759,0.078224,0.996932,0.450466,0.001804,0.892792
31.76,-0.000117,0.000032,0.000034,-0.007205,0.081196,0.996672,0.448039,-0.000864,0.894013
31.77,0.000117,-0.000002,0.000077,-0.004095,0.070687,0.99749,0.444755,0.000081,0.895652
31.78,0.000006,-0.000046,0.000071,-0.000514,0.081857,0.996644,0.442578,-0.000732,0.89673
31.79,-0.000091,-0.000025,0.000018,-0.006293,0.077607,0.996964,0.44408,-0.001558,0.895986
31.8,-0.00001,-0.000145,-0.000069,-0.000987,0.078279,0.996931,0.445945,-0.006971,0.895033
31.81,0.000008,-0.000002,-0.000023,-0.001553,0.076549,0.997065,0.442852,0.003793,0.896587
31.82,-0.000052,-0.000113,0.000239,0.004649,0.087249,0.996176,0.449988,0.011927,0.892955
31.83,-0.000168,0.000128,-0.000011,0.003257,0.08706,0.996198,0.441545,-0.003398,0.897232
31.84,0.000005,-0.000044,0.000028,-0.000141,0.089378,0.995998,0.437094,0.005274,0.899401
31.85,0.00005,0.00005,0.000036,-0.003812,0.091643,0.995785,0.445302,0.002249,0.895377
31.86,-0.000111,0.00016,0.000184,0.00141,0.107427,0.994212,0.438875,0.010187,0.898491
31.87,-0.000019,-0.000047,0.000087,0.005867,0.102857,0.994679,0.446509,0.008461,0.894739
31.88,-0.000025,0.000083,-0.000023,-0.00523,0.104069,0.994556,0.4505,0.000015,0.892777
31.89,-0.00003,-0.000089,0.000175,-0.001467,0.099923,0.994994,0.44245,0.001655,0.896792
31.9,0.000126,-0.000029,0.000108,-0.008162,0.106368,0.994293,0.439282,0.004288,0.898339
31.91,0.000091,-0.000047,-0.00002,0.000833,0.117939,0.993021,0.440306,-0.007193,0.897819
31.92,0.000059,0.000023,0.000043,0.000873,0.113416,0.993547,0.446814,0.001433,0.894626
31.93,0.000096,0,-0.000094,0.000194,0.114202,0.993458,0.440712,0.006763,0.897623
31.94,-0.000001,-0.000026,0.000226,0.002431,0.118912,0.992902,0.444897,0.005799,0.895563
31.95,-0.000033,-0.000039,0.0001,-0.000567,0.1169,0.993144,0.449915,0.006509,0.893048
31.96,-0.00001,-0.000144,0.000072,0.00524,0.122715,0.992428,0.448893,0.002381,0.893583
31.97,-0.00006,0.000102,0.000271,0.001342,0.114734,0.993395,0.443301,-0.001534,0.896371
31.98,-0.000129,-0.000105,-0.000012,0.002485,0.118554,0.992944,0.439242,0.001282,0.898368
31.99,-0.000089,-0.000081,0.000066,-0.002147,0.126359,0.991982,0.431006,-0.001046,0.902348
32,0.000064,-0.000134,-0.000073,-0.002994,0.12362,0.992325,0.437737,-0.005522,0.899086
32.01,-0.000192,0.000076,0.000178,-0.00218,0.129113,0.991627,0.449846,-0.001037,0.893105
32.02,-0.000165,-0.000163,0.000073,-0.000887,0.130801,0.991408,0.440883,-0.003683,0.897557
32.03,0.000064,0.000068,0.000079,0.00717,0.129362,0.991571,0.448324,0.001131,0.89387
32.04,0.000028,0.000008,0.000013,0.001191,0.132046,0.991243,0.445334,-0.002082,0.895362
32.05,0.000135,-0.000021,-0.000035,0.003847,0.127897,0.99178,0.447186,0.001037,0.89444
32.06,-0.000072,-0.000155,0.000063,0.00043,0.129794,0.991541,0.447271,-0.001389,0.894397
32.07,0.000064,-0.000131,0.00016,-0.006252,0.131528,0.991293,0.441883,-0.00304,0.897068
32.08,0.000152,0.000013,-0.000039,-0.001638,0.126953,0.991907,0.443775,-0.003437,0.896132
32.09,-0.000106,-0.00005,-0.00005,-0.001885,0.130839,0.991402,0.446263,-0.002995,0.894897
32.1,-0.00014,-0.000043,0.000046,-0.000194,0.139241,0.990258,0.443207,0.00032,0.896419
32.11,0.000022,-0.000125,0.000225,0.001757,0.133311,0.991073,0.450083,0.003434,0.89298
32.12,0.000061,0.000057,0.000005,0.002898,0.128626,0.991689,0.439319,0.002258,0.898328
32.13,0.000121,-0.00005,0.00022,-0.000814,0.129347,0.991599,0.439643,-0.000717,0.898172
32.14,0.000062,-0.000099,0.000022,0.003805,0.142232,0.989826,0.44313,-0.007915,0.896423
32.15,0.000132,0.000067,0.000048,0.006458,0.143167,0.989677,0.439958,0.000801,0.898018
32.16,-0.000013,-0.000003,-0.000006,-0.00536,0.141048,0.989988,0.440685,0.006274,0.89764
32.17,-0.000049,-0.000078,0.000024,-0.002973,0.140874,0.990023,0.445974,0.008965,0.895001
32.18,0.00001,-0.000104,0.000125,-0.003292,0.13127,0.991341,0.442956,0.005002,0.896529
32.19,-0.000022,0.000046,0.00014,-0.006848,0.137122,0.990531,0.438361,0.002764,0.898795
32.2,0.000078,0.000035,0.000124,-0.000326,0.136389,0.990655,0.439287,0.003393,0.89834
32.21,-0.000047,0.000029,-0.000017,0.006106,0.145913,0.989279,0.440495,0.001182,0.897754
32.22,-0.000053,0.000045,0.000057,-0.006818,0.142822,0.989725,0.445026,0.005842,0.895498
32.23,0.000008,-0.000113,0.000182,-0.002632,0.146908,0.989147,0.441988,-0.002618,0.897017
32.24,-0.000082,0.000014,0.00006,-0.008364,0.134431,0.990888,0.441482,-0.002381,0.897267
32.25,0.00005,-0.000054,-0.000026,0.001197,0.145974,0.989288,0.445814,0.002853,0.895121
32.26,-0.000197,-0.000047,-0.000043,0.008547,0.137137,0.990515,0.444718,0.002088,0.895668
32.27,0.000016,0.000106,-0.000133,0.001463,0.131896,0.991262,0.442676,0.002377,0.896679
32.28,-0.000144,0.000007,0.00017,-0.004188,0.148355,0.988925,0.449292,0.000784,0.893385
32.29,-0.000004,0.000008,0.000106,0.006569,0.13708,0.990538,0.436546,-0.001404,0.899681
32.3,0.000019,0.000123,0.000116,0.000882,0.141339,0.989961,0.437732,-0.002798,0.899101
32.31,-0.00014,-0.000062,0.00008,0.002802,0.146093,0.989267,0.446419,0.004313,0.894814
32.32,-0.000102,-0.000043,0.000016,-0.002441,0.136699,0.99061,0.442997,0.005729,0.896505
32.33,-0.000093,0.00004,0.000028,-0.000537,0.14051,0.990079,0.441765,-0.007373,0.897101
32.34,-0.000127,-0.000083,0.000065,-0.001469,0.137389,0.990516,0.442388,0.003557,0.896817
32.35,0.000154,0.000002,0.000192,0.007692,0.137355,0.990492,0.444019,-0.006626,0.895993
32.36,0.000012,-0.000209,0.000095,-0.001489,0.141562,0.989928,0.438198,0.001947,0.898877
32.37,-0.000106,-0.000139,-0.000033,-0.005854,0.141129,0.989974,0.434068,-0.010033,0.900824
32.38,0.000126,-0.000159,0.000007,0.006243,0.138607,0.990328,0.435486,-0.008715,0.900153
32.39,0.00007,0.000038,-0.000088,-0.005083,0.139188,0.990253,0.442288,-0.003634,0.896866
32.4,-0.000041,-0.000066,0.000045,-0.004457,0.133562,0.991031,0.44608,-0.000447,0.894993
32.41,0.000035,-0.000071,0.000034,-0.000637,0.135512,0.990775,0.44414,-0.000493,0.895958
32.42,0.000097,-0.000182,0.000029,-0.003294,0.139655,0.990195,0.440173,-0.006695,0.897888
32.43,0.00001,-0.00013,0.000006,0.003319,0.127234,0.991867,0.448106,-0.003554,0.893974
32.44,-0.000147,-0.000007,0.000007,-0.003442,0.131336,0.991332,0.440649,0.000196,0.89768
32.45,0.000038,0.000069,0.000066,0.001426,0.122438,0.992475,0.445779,-0.003956,0.895134
32.46,-0.000065,0.000002,0.000067,-0.000707,0.131501,0.991316,0.448838,-0.004704,0.893601
32.47,-0.000138,0.000073,0.000081,0.009978,0.124055,0.992225,0.43693,-0.009006,0.899451
32.48,0.000038,-0.00014,0.000139,-0.009427,0.120728,0.992641,0.444411,0.004211,0.895813
32.49,0.000154,0.000033,-0.000066,-0.006057,0.116011,0.993229,0.442686,0.004809,0.896664
32.5,-0.000028,-0.000026,0.000081,-0.004416,0.130604,0.991425,0.452564,-0.000887,0.891732
32.51,-0.000052,0.000023,0.000021,0.001402,0.109381,0.993999,0.438617,-0.004901,0.898661
32.52,-0.000011,-0.000081,0.00007,0.007975,0.114307,0.993413,0.440849,-0.005849,0.897562
32.53,0.000056,-0.000064,0.00012,-0.00402,0.125788,0.992049,0.437577,-0.000141,0.899181
32.54,-0.00011,-0.000054,0.00004,-0.005329,0.107817,0.994156,0.44562,0.006815,0.895196
32.55,0.000078,-0.000088,0.000169,0.004295,0.108793,0.994055,0.45107,-0.002746,0.892484
32.56,-0.000161,-0.000035,0.000142,0.000761,0.108054,0.994145,0.438652,-0.004837,0.898644
32.57,0.000029,-0.00011,-0.000047,0.00652,0.117054,0.993104,0.434281,0.001667,0.900776
32.58,0.000045,-0.000132,0.000112,0.006811,0.108882,0.994031,0.442597,-0.000761,0.89672
32.59,-0.000078,-0.000022,0.000265,0.009294,0.107024,0.994213,0.447931,-0.001734,0.894067
32.6,0.000105,0.000053,-0.00006,-0.006342,0.103562,0.994603,0.445857,-0.010083,0.895047
32.61,-0.000004,-0.000017,0.000052,-0.004831,0.09745,0.995229,0.437688,-0.00197,0.899125
32.62,0.000086,-0.000173,0.000089,-0.00708,0.100611,0.994901,0.44668,0.000208,0.894694
32.63,-0.000021,-0.000088,0.000213,0.004086,0.103607,0.99461,0.439218,0.000321,0.89838
32.64,-0.000144,-0.000019,0.000068,-0.00127,0.089576,0.995979,0.44697,0.001317,0.894548
32.65,-0.000226,-0.000148,-0.000025,0.002139,0.092243,0.995734,0.447582,-0.002262,0.89424
32.66,0.000037,0.000062,0.000113,0.010258,0.094812,0.995442,0.442518,-0.001343,0.896759
32.67,-0.000011,-0.000216,0.00008,0.001148,0.084887,0.99639,0.437459,-0.001466,0.899237
32.68,-0.000078,0.000082,0.00018,-0.006151,0.082482,0.996574,0.439628,0.004064,0.898171
32.69,0.000165,0.000041,0.000133,-0.000897,0.079145,0.996863,0.442452,0.001925,0.89679
32.7,-0.000124,-0.000015,-0.000049,0.006069,0.074848,0.997176,0.442799,0.001607,0.896619
32.71,0.000047,-0.000127,0.000042,0.005237,0.090378,0.995894,0.436926,-0.003666,0.89949
32.72,-0.000105,-0.000063,0.000101,0.004013,0.078922,0.996873,0.443339,-0.009806,0.8963
32.73,-0.000082,-0.000002,-0.000028,0.009097,0.080134,0.996743,0.442859,-0.001144,0.896591
32.74,0.000091,-0.000079,0.00015,-0.000235,0.084333,0.996438,0.438389,0.013154,0.898689
32.75,0.000156,-0.000238,-0.000027,-0.002949,0.067257,0.997731,0.440155,0.008729,0.897879
32.76,-0.000051,0.000081,0.000017,-0.004415,0.066409,0.997783,0.429075,-0.00058,0.903269
32.77,0.000001,-0.000087,0.00011,0.003053,0.069537,0.997575,0.439042,-0.002882,0.898462
32.78,-0.00014,0.000052,-0.000205,-0.005757,0.055575,0.998438,0.443915,-0.001909,0.896067
32.79,-0.0002,0.000139,0.000075,-0.00117,0.061555,0.998103,0.441926,-0.001946,0.897049
32.8,-0.000112,0.000173,0.000153,-0.007614,0.04971,0.998735,0.45139,-0.002091,0.892324
32.81,0.000067,-0.00006,0.000115,0.01018,0.053044,0.99854,0.439108,0.003589,0.898427
32.82,0.000012,-0.00017,0.000113,-0.005132,0.065823,0.997818,0.436795,0.003812,0.899553
32.83,-0.00005,0.000092,0.000176,-0.008024,0.04706,0.99886,0.434574,0.007103,0.900608
32.84,-0.00009,-0.000076,0.000077,0.005278,0.044885,0.998978,0.445163,-0.009572,0.895398
32.85,0.000025,-0.000059,0.00005,0.001597,0.04525,0.998974,0.442883,-0.010122,0.896522
32.86,0.000021,0.000015,0.000163,0.002079,0.046919,0.998897,0.448917,-0.000898,0.893573
32.87,-0.000012,-0.000102,-0.000097,-0.001646,0.052518,0.998619,0.442054,0.004609,0.896977
32.88,0.000039,-0.000052,0.000029,0.003468,0.027789,0.999608,0.443943,0.000985,0.896054
32.89,-0.000059,-0.000163,0.000025,-0.008169,0.038669,0.999219,0.448104,0.009745,0.893928
32.9,-0.000265,-0.000059,-0.00002,-0.002409,0.026092,0.999657,0.443377,0.004272,0.896325
32.91,0.00013,0.000017,0.00004,-0.001945,0.01778,0.99984,0.437326,0.000238,0.899303
32.92,-0.000019,0.000042,-0.000008,-0.007816,0.022971,0.999706,0.445458,0.006591,0.895279
32.93,-0.000054,-0.000055,0.000281,0.008041,0.012881,0.999885,0.449354,0.005918,0.893334
32.94,-0.000027,-0.000199,0.000131,0.002476,0.002959,0.999993,0.434347,0.002826,0.900741
32.95,0.000198,-0.000108,0.000371,-0.003549,0.009468,0.999949,0.443409,0.007318,0.896289
32.96,-0.000039,0.000067,0.000009,0.002945,0.017416,0.999844,0.444667,-0.00605,0.895675
32.97,-0.000058,-0.000133,-0.000035,0.002717,0.007742,0.999966,0.448148,-0.000694,0.893959
32.98,-0.000226,0.000079,-0.000044,-0.000301,0.005884,0.999983,0.440519,-0.007245,0.897714
32.99,-0.000001,0.000007,0.000001,0.002686,0.003614,0.99999,0.434351,0.005024,0.90073
33,-0.00003,-0.000032,0.000015,-0.010695,0.005178,0.999929,0.436736,0.003646,0.899582
33.01,-0.000029,-0.000019,0.004274,-0.000391,0.0061,0.999981,0.437516,0.000061,0.89921
33.02,-0.00015,-0.000099,0.012989,-0.000586,-0.002132,0.999998,0.443716,0.002614,0.896164
33.03,0.00009,0.000109,0.021617,0.009423,-0.001,0.999955,0.442925,-0.012196,0.896476
33.04,0.000051,-0.000012,0.030296,0.005553,0.004682,0.999974,0.445694,-0.009557,0.895135
33.05,-0.000023,0.000012,0.038777,-0.007294,0.001627,0.999972,0.435009,0.00253,0.900422
33.06,-0.000035,0.000147,0.047295,-0.001402,0.002439,0.999996,0.444311,-0.009968,0.895817
33.07,-0.000034,-0.000077,0.056085,0.002161,0.000052,0.999998,0.442007,-0.007685,0.896979
33.08,0.000129,-0.000052,0.064339,0.008889,-0.000082,0.99996,0.451411,-0.00327,0.89231
33.09,0.000021,0.000032,0.073019,0.004979,-0.004742,0.999976,0.445671,0.008918,0.895152
33.1,-0.000056,-0.00003,0.081537,-0.004356,-0.000727,0.99999,0.44096,-0.002261,0.897524
33.11,0.000026,0.000016,0.090333,0.004655,0.000155,0.999989,0.444991,-0.008968,0.89549
33.12,-0.00013,-0.000088,0.098809,0.002577,-0.005013,0.999984,0.451511,-0.000781,0.892265
33.13,0.000009,-0.000113,0.107544,0.00231,0.000397,0.999997,0.441789,0.004598,0.897107
33.14,-0.000001,-0.000221,0.116097,0.003813,0.002487,0.99999,0.444899,-0.00178,0.895579
33.15,-0.00002,-0.000074,0.124474,0.00534,0.00168,0.999984,0.447313,-0.008742,0.894335
33.16,-0.0002,-0.000007,0.132749,0.001968,0.001923,0.999996,0.44131,-0.006415,0.897332
33.17,-0.000128,0.000098,0.141578,-0.001605,0.009998,0.999949,0.441927,-0.01401,0.896942
33.18,-0.000066,-0.000112,0.150024,-0.000517,-0.002106,0.999998,0.451113,-0.013922,0.892358
33.19,-0.00004,-0.000005,0.158457,0.003204,0.009768,0.999947,0.445688,0.00117,0.895187
33.2,-0.000133,0.000047,0.166651,-0.001009,-0.004407,0.99999,0.448654,-0.009677,0.893653
33.21,0.000097,-0.000167,0.17521,0.002768,-0.001856,0.999994,0.441193,-0.01716,0.897248
33.22,-0.000096,0.000041,0.18374,0.001627,-0.00618,0.99998,0.429878,-0.000294,0.902887
33.23,-0.000003,0.000024,0.1921,0.004483,0.004513,0.99998,0.448466,-0.014488,0.893682
33.24,-0.000042,-0.000198,0.200212,0.007713,-0.000139,0.99997,0.44552,-0.005096,0.895258
33.25,-0.000245,-0.000029,0.208743,-0.000042,0.003031,0.999995,0.43842,-0.010786,0.898706
33.26,-0.000049,-0.000005,0.217062,0.000877,0.000935,0.999999,0.440737,-0.005124,0.897622
33.27,-0.000127,-0.000162,0.225206,-0.004204,0.006493,0.99997,0.441944,-0.015017,0.896917
33.28,0.000075,0.000057,0.233526,-0.001381,0.004931,0.999987,0.445607,-0.016554,0.895076
33.29,-0.000061,0.000015,0.242039,0.012834,-0.003656,0.999911,0.444025,-0.019238,0.895808
33.3,-0.000091,-0.00001,0.250218,-0.007282,-0.003019,0.999969,0.446638,-0.01253,0.894627
33.31,-0.000195,-0.000092,0.2583,-0.002271,-0.005615,0.999982,0.449549,-0.018789,0.893058
33.32,-0.000102,0.000167,0.266546,0.006118,0.003962,0.999973,0.438907,-0.021126,0.898284
33.33,-0.000019,-0.000113,0.274679,0.002891,0.003187,0.999991,0.449394,-0.022955,0.893039
33.34,0.000021,-0.000073,0.282664,0.01496,-0.002963,0.999884,0.435934,-0.019834,0.89976
33.35,-0.00017,-0.000033,0.290855,0.010549,-0.001942,0.999942,0.43798,-0.017773,0.898809
33.36,0.000055,0.000027,0.298892,-0.005052,-0.00123,0.999986,0.442629,-0.026362,0.896317
33.37,-0.00009,-0.000069,0.306935,0.00176,-0.006139,0.99998,0.446198,-0.0373,0.894156
33.38,0.000004,-0.000099,0.314845,-0.00388,-0.007874,0.999961,0.439277,-0.025819,0.89798
33.39,0.000039,0.000038,0.322749,0.001786,-0.001093,0.999998,0.436421,-0.021989,0.899474
33.4,-0.000084,0.00001,0.330798,0.004022,-0.001298,0.999991,0.446686,-0.029359,0.894209
33.41,-0.000024,-0.000087,0.338542,0.002966,0.001543,0.999994,0.443572,-0.033051,0.895629
33.42,-0.000149,-0.000005,0.346315,0.006508,-0.008513,0.999943,0.444725,-0.03984,0.894781
33.43,0.00005,-0.000017,0.354231,0.001919,-0.000399,0.999998,0.433564,-0.032148,0.900549
33.44,0.000172,-0.000046,0.361814,0.003012,-0.011986,0.999924,0.437446,-0.042207,0.898253
33.45,0.000005,-0.000034,0.369617,-0.002495,0.000077,0.999997,0.436413,-0.036335,0.899012
33.46,-0.000092,0.000024,0.377284,-0.005437,0.00335,0.99998,0.437284,-0.03958,0.898452
33.47,-0.000234,-0.000048,0.384941,0.001372,-0.003221,0.999994,0.44217,-0.050632,0.895501
33.48,0.00007,-0.000079,0.392428,0.002031,0.003124,0.999993,0.441139,-0.042983,0.896409
33.49,0.000067,-0.000082,0.400058,0.001635,0.00602,0.999981,0.430537,-0.043853,0.901507
33.5,0.000005,0.00004,0.407553,0.005811,0.000722,0.999983,0.446717,-0.04738,0.89342
33.51,-0.000138,0.000065,0.414971,-0.005801,-0.000843,0.999983,0.434572,-0.044893,0.899517
33.52,-0.000085,0.000155,0.422504,-0.004096,0.000159,0.999992,0.442754,-0.052899,0.895081
33.53,-0.000134,-0.00007,0.429769,-0.003495,-0.008537,0.999957,0.439719,-0.058569,0.896223
33.54,-0.000106,-0.000201,0.437184,0.000156,0.001734,0.999998,0.440115,-0.0504,0.896526
33.55,0.000033,-0.000005,0.444346,-0.006572,-0.009305,0.999935,0.443274,-0.056362,0.894613
33.56,-0.000018,0.000031,0.451512,-0.002952,0.003105,0.999991,0.441278,-0.056009,0.895621
33.57,-0.000068,-0.000078,0.458843,0.006835,-0.000916,0.999976,0.430477,-0.054767,0.900938
33.58,-0.000014,-0.000145,0.465847,0.00079,0.003617,0.999993,0.441128,-0.056835,0.895643
33.59,0.000122,-0.000115,0.472989,-0.009353,-0.002857,0.999952,0.432925,-0.0547,0.899769
33.6,-0.000095,0.000086,0.47999,0.003008,0.001174,0.999995,0.436351,-0.064337,0.897474
33.61,-0.000077,-0.000133,0.486942,0.002185,-0.000891,0.999997,0.441604,-0.064828,0.894865
33.62,0.000037,0.000034,0.493758,0.00626,-0.00049,0.99998,0.437867,-0.076739,0.895759
33.63,0.000103,-0.00005,0.500643,0.007531,0.005188,0.999958,0.436276,-0.077125,0.896502
33.64,-0.000027,-0.000084,0.507491,-0.005363,-0.010085,0.999935,0.434216,-0.073543,0.897802
33.65,-0.000095,-0.000036,0.514248,-0.00084,-0.002718,0.999996,0.438321,-0.077731,0.895451
33.66,-0.000193,0.00002,0.52094,-0.005955,0.002932,0.999978,0.438975,-0.075356,0.895334
33.67,0.00007,0.000021,0.527679,0.004637,0.001376,0.999988,0.441544,-0.08079,0.893595
33.68,-0.000022,0.000089,0.534172,0.002876,-0.001213,0.999995,0.4302,-0.083691,0.898846
33.69,-0.000128,0.000003,0.540475,0.006168,0.008569,0.999944,0.434668,-0.089213,0.896161
33.7,-0.000072,-0.000008,0.547144,0.00718,-0.007947,0.999943,0.431333,-0.085606,0.898122
33.71,0.000075,0.000036,0.553592,-0.000007,-0.0023,0.999997,0.432393,-0.097236,0.896427
33.72,-0.000075,0.000071,0.55986,0.009809,0.002721,0.999948,0.428988,-0.084143,0.899383
33.73,-0.000076,0.00004,0.566254,0.007151,0.006887,0.999951,0.431597,-0.095795,0.896966
33.74,0.000145,-0.000047,0.572247,-0.002895,0.005961,0.999978,0.436787,-0.094176,0.894622
33.75,0.000021,0.000085,0.578555,-0.002104,0.008447,0.999962,0.425807,-0.099829,0.89929
33.76,0.000102,0.000133,0.5846,-0.006012,-0.000079,0.999982,0.433883,-0.105221,0.894804
33.77,-0.000082,-0.000141,0.590735,-0.000558,-0.000078,1,0.438214,-0.105231,0.89269
33.78,0.000026,0.000026,0.596536,0.000581,-0.00621,0.999981,0.431065,-0.111121,0.895452
33.79,-0.000108,-0.000157,0.602398,0.004324,0.004871,0.999979,0.439341,-0.115533,0.89086
33.8,-0.00016,-0.000171,0.608356,-0.001842,0.002521,0.999995,0.421933,-0.115256,0.899271
33.81,-0.000001,0.000028,0.614134,0.006198,-0.005707,0.999965,0.424553,-0.108082,0.898929
33.82,-0.0001,-0.000029,0.619882,-0.002109,0.003796,0.999991,0.420799,-0.1227,0.898817
33.83,-0.000066,-0.000024,0.625431,-0.008768,-0.00139,0.999961,0.422215,-0.121913,0.89826
33.84,-0.000086,-0.000025,0.630917,0.002549,0.004579,0.999986,0.429152,-0.123737,0.894716
33.85,0.000055,-0.000169,0.636549,0.002381,-0.004871,0.999985,0.425784,-0.12683,0.895892
33.86,-0.000162,0.000107,0.642006,0.001031,0.006327,0.999979,0.426922,-0.128331,0.895136
33.87,-0.000112,-0.000069,0.647176,0.003501,-0.002202,0.999991,0.419544,-0.137074,0.897326
33.88,-0.000045,0.000008,0.652786,0.003352,0.001061,0.999994,0.422844,-0.13807,0.895623
33.89,-0.000162,0.000083,0.657711,0.002236,0.008515,0.999961,0.411938,-0.138312,0.900654
33.9,-0.000015,0.00005,0.662948,0.007437,0.002233,0.99997,0.422209,-0.142401,0.895244
33.91,-0.000001,-0.000046,0.667961,-0.005634,0.001028,0.999984,0.418018,-0.144857,0.896815
33.92,-0.000026,0.000079,0.672819,-0.009359,-0.001216,0.999955,0.412188,-0.151442,0.898424
33.93,-0.000084,-0.000141,0.677779,0.000376,0.001057,0.999999,0.417092,-0.145133,0.897201
33.94,-0.000111,0.00007,0.682899,0.001125,-0.006341,0.999979,0.415107,-0.15745,0.896045
33.95,0.000082,-0.000135,0.68748,0.004324,0.001649,0.999989,0.408277,-0.158004,0.89908
33.96,-0.000141,0.000011,0.692278,0.000516,0.004004,0.999992,0.408775,-0.152373,0.899825
33.97,0.000013,0.000049,0.696766,-0.009586,-0.002113,0.999952,0.407851,-0.165811,0.897867
33.98,-0.000216,-0.000207,0.701309,0.00341,-0.003394,0.999988,0.411052,-0.152915,0.898695
33.99,0.000012,0.000085,0.705748,0.000126,0.003978,0.999992,0.421749,-0.173213,0.890014
34,-0.000033,-0.000006,0.710259,0.003476,0.004065,0.999986,0.407707,-0.177018,0.89579
34.01,-0.000046,-0.000127,0.714567,-0.000429,-0.001985,0.999998,0.413683,-0.169087,0.894581
34.02,-0.000003,0.000006,0.718584,-0.002842,-0.00507,0.999983,0.41091,-0.175453,0.894634
34.03,-0.00004,-0.000183,0.722667,0.00234,-0.000324,0.999997,0.413355,-0.171055,0.894359
34.04,-0.000061,-0.000068,0.726968,0.000485,0.007766,0.99997,0.411616,-0.178457,0.893714
34.05,0.00009,-0.000032,0.731067,-0.00137,0.003773,0.999992,0.398596,-0.184837,0.898308
34.06,-0.000092,0.00004,0.734703,-0.002175,-0.003565,0.999991,0.406334,-0.188406,0.894089
34.07,-0.000028,-0.000057,0.738628,-0.002484,-0.003682,0.99999,0.398633,-0.191463,0.896902
34.08,0.000013,-0.000198,0.742406,-0.006945,-0.006382,0.999956,0.40184,-0.189736,0.895838
34.09,-0.000112,-0.000018,0.746097,0.002056,0.001527,0.999997,0.393756,-0.194906,0.898314
34.1,-0.000073,-0.000062,0.749544,0.008641,0.004791,0.999951,0.385476,-0.193053,0.902296
34.11,0.00001,-0.000089,0.75319,-0.002907,0.007751,0.999966,0.397909,-0.203455,0.89458
34.12,-0.000167,0.000094,0.75648,0.002099,0.001283,0.999997,0.394613,-0.202637,0.896225
34.13,0.000064,-0.000069,0.759958,0.002261,-0.000567,0.999997,0.391742,-0.202806,0.897445
34.14,-0.000052,0.000032,0.763163,0.002034,0.008724,0.99996,0.38694,-0.216933,0.896224
34.15,0.000074,0.000031,0.766395,-0.006241,-0.000465,0.99998,0.387839,-0.204521,0.89875
34.16,0.00011,-0.000091,0.769537,-0.011893,-0.002298,0.999927,0.376545,-0.220097,0.899873
34.17,-0.000033,-0.000161,0.772465,-0.00463,-0.00037,0.999989,0.38513,-0.218658,0.896584
34.18,-0.000058,0.000122,0.775296,-0.002192,-0.001912,0.999996,0.390193,-0.22546,0.892702
34.19,-0.000035,-0.000008,0.778002,-0.001305,-0.00061,0.999999,0.37987,-0.221643,0.898095
34.2,0.000006,-0.000118,0.781045,-0.002383,-0.00407,0.999989,0.387269,-0.227608,0.89343
34.21,0.00011,-0.000029,0.783439,-0.003294,0.010673,0.999938,0.371757,-0.223472,0.901031
34.22,-0.000023,-0.000013,0.786221,0.00989,0.001318,0.99995,0.381414,-0.228856,0.895627
34.23,-0.000066,-0.000135,0.788633,0.004532,0.002175,0.999987,0.377177,-0.239723,0.894579
34.24,-0.000122,0.00013,0.790985,-0.001652,-0.004531,0.999988,0.374672,-0.248566,0.893217
34.25,-0.000098,-0.000033,0.793254,0.004232,-0.011861,0.999921,0.365229,-0.241342,0.899089
34.26,-0.000079,-0.000041,0.79555,0.004635,-0.001494,0.999988,0.367547,-0.246723,0.896681
34.27,-0.000062,0.000082,0.797774,0.009461,0.005633,0.999939,0.375259,-0.251115,0.892257
34.28,-0.000159,-0.000067,0.799857,-0.010019,0.003249,0.999945,0.361836,-0.255754,0.896474
34.29,-0.000098,-0.000021,0.801754,0.001962,-0.002105,0.999996,0.362337,-0.252644,0.897153
34.3,0.000008,-0.000045,0.803623,-0.001712,-0.000072,0.999999,0.355259,-0.262666,0.897105
34.31,-0.000116,0.000003,0.805343,-0.000342,-0.004521,0.99999,0.355337,-0.262232,0.897201
34.32,0.000116,-0.00003,0.807109,-0.003508,0.002065,0.999992,0.348998,-0.267759,0.898056
34.33,0.000031,-0.000036,0.80875,-0.000939,-0.004334,0.99999,0.358,-0.26023,0.896726
34.34,-0.000044,-0.000094,0.810185,-0.000895,0.003646,0.999993,0.354115,-0.270914,0.895102
34.35,-0.000102,0.000073,0.811648,-0.00606,0.003202,0.999977,0.353504,-0.270106,0.895588
34.36,-0.000076,-0.000069,0.813114,0.005681,0.006532,0.999963,0.352417,-0.270015,0.896043
34.37,0.000138,-0.000111,0.814359,0.00096,0.000452,0.999999,0.352895,-0.273436,0.894817
34.38,-0.000029,-0.000056,0.815524,0.004357,0.009364,0.999947,0.345408,-0.277864,0.896373
34.39,-0.000153,0.000046,0.816578,-0.00098,0.002926,0.999995,0.347254,-0.292502,0.890987
34.4,-0.000129,0.000114,0.817624,-0.00095,0.003943,0.999992,0.34075,-0.291577,0.893797
34.41,0.000064,-0.000159,0.818424,-0.002999,0.00596,0.999978,0.33784,-0.29928,0.892354
34.42,-0.000086,0.000027,0.81938,0.006063,-0.004854,0.99997,0.33194,-0.289818,0.897675
34.43,-0.00021,-0.000027,0.819968,-0.007223,-0.001971,0.999972,0.328385,-0.301737,0.895052
34.44,0.00005,-0.000032,0.820496,-0.001174,-0.002309,0.999997,0.316174,-0.294581,0.901807
34.45,-0.000057,-0.000121,0.821081,-0.002959,-0.002415,0.999993,0.325825,-0.301676,0.896008
34.46,-0.000036,-0.000072,0.821626,-0.003335,0.00025,0.999994,0.324474,-0.295311,0.898614
34.47,-0.000175,0.000178,0.822075,-0.007228,0.003285,0.999968,0.32705,-0.306161,0.894038
34.48,0.000025,-0.000144,0.82204,-0.000078,-0.00561,0.999984,0.316963,-0.310585,0.896143
34.49,-0.000117,-0.000049,0.822612,-0.007333,-0.004965,0.999961,0.319209,-0.31052,0.895368
34.5,0.000077,-0.000076,0.822611,-0.004165,0.000547,0.999991,0.318073,-0.313036,0.894895
34.51,0.00007,-0.000027,0.822612,-0.000081,-0.006646,0.999978,0.311684,-0.316271,0.896006
34.52,-0.00001,-0.000087,0.822308,0.000377,-0.002906,0.999996,0.313648,-0.324053,0.892533
34.53,-0.00005,0.00006,0.822112,-0.008288,-0.004218,0.999957,0.302892,-0.317151,0.898706
34.54,-0.000183,0.00002,0.82172,0.00716,-0.003118,0.99997,0.313198,-0.323113,0.893031
34.55,0.000123,-0.000068,0.821667,0.005285,-0.005019,0.999973,0.309312,-0.31987,0.89555
34.56,0.000126,-0.000158,0.821057,0.005039,-0.00537,0.999973,0.301583,-0.330671,0.894262
34.57,0.000161,-0.000054,0.820599,-0.008271,0.006312,0.999946,0.298994,-0.330899,0.895047
34.58,-0.000019,0.000066,0.820097,0.00778,0.003704,0.999963,0.297948,-0.32343,0.89812
34.59,-0.00003,-0.000059,0.819255,-0.008404,0.008317,0.99993,0.296068,-0.331609,0.895756
34.6,-0.000012,0.000088,0.81846,0.003789,-0.003388,0.999987,0.286111,-0.326924,0.900701
34.61,0.000123,-0.000105,0.817595,0.001975,-0.00491,0.999986,0.280285,-0.340638,0.897444
34.62,0.000117,0.000086,0.816587,0.002344,-0.006951,0.999973,0.287929,-0.351595,0.890774
34.63,-0.000118,-0.000092,0.815464,-0.004263,-0.003319,0.999985,0.275875,-0.35712,0.892389
34.64,-0.000012,-0.000051,0.81418,-0.007827,-0.003349,0.999964,0.271218,-0.341796,0.899787
34.65,-0.000105,0.000018,0.813126,0.004589,-0.00091,0.999989,0.275761,-0.349164,0.895567
34.66,-0.000164,-0.000061,0.811555,-0.006014,-0.008031,0.99995,0.266179,-0.354077,0.896537
34.67,-0.00009,0.000287,0.810273,0.007342,0.00209,0.999971,0.267471,-0.347936,0.898554
34.68,-0.00007,-0.000081,0.808635,-0.003654,0.006202,0.999974,0.261437,-0.359919,0.895605
34.69,-0.000205,-0.000032,0.807104,-0.007629,-0.010271,0.999918,0.256213,-0.350511,0.900831
34.7,0.000092,-0.000175,0.805465,0.000285,-0.000428,1,0.269909,-0.356838,0.894324
34.71,0.00008,-0.000203,0.803694,-0.000941,-0.001247,0.999999,0.254694,-0.366295,0.894963
34.72,-0.000183,0.000018,0.801888,-0.010545,-0.002183,0.999942,0.253823,-0.36419,0.896069
34.73,-0.00004,-0.000003,0.799728,0.00486,0.004415,0.999978,0.246741,-0.363419,0.898357
34.74,-0.000014,0.000072,0.797719,-0.001148,-0.000114,0.999999,0.24628,-0.358533,0.900444
34.75,-0.000052,0.000006,0.795667,0.004814,-0.003855,0.999981,0.241222,-0.366843,0.898464
34.76,-0.000185,-0.000023,0.793303,-0.005194,0.005161,0.999973,0.24648,-0.372931,0.894523
34.77,0.000005,0.000064,0.791076,-0.006399,-0.002702,0.999976,0.239817,-0.364983,0.899597
34.78,0.000076,-0.000117,0.788609,0.004929,0.006124,0.999969,0.235362,-0.381245,0.894012
34.79,-0.000128,-0.000023,0.786165,-0.00295,0.004898,0.999984,0.229671,-0.380704,0.895721
34.8,-0.000057,-0.000137,0.783574,0.00209,0.002771,0.999994,0.227038,-0.387349,0.89354
34.81,-0.000078,0.000025,0.780895,0.006103,-0.002481,0.999978,0.222343,-0.389931,0.893598
34.82,0.000064,-0.000008,0.778006,0.001951,-0.003742,0.999991,0.228487,-0.383093,0.895005
34.83,-0.000055,-0.000156,0.775426,-0.000255,-0.00428,0.999991,0.213783,-0.384079,0.898209
34.84,0.000089,-0.000031,0.772462,-0.010838,0.002109,0.999939,0.21875,-0.380026,0.898737
34.85,-0.000168,-0.000229,0.769371,0.000397,-0.004239,0.999991,0.208565,-0.395972,0.894263
34.86,-0.000062,-0.000164,0.766342,0.004242,0.002637,0.999988,0.205274,-0.388414,0.89833
34.87,-0.000011,0.000029,0.763301,-0.00662,0.001994,0.999976,0.209484,-0.394421,0.894734
34.88,0.000033,-0.000061,0.759918,0.003662,-0.004069,0.999985,0.207142,-0.395923,0.894616
34.89,0.000014,-0.000122,0.75669,0.001217,-0.003311,0.999994,0.195249,-0.39998,0.895485
34.9,0.000041,-0.000049,0.753094,-0.007441,0.00599,0.999954,0.204803,-0.387691,0.89875
34.91,0.000301,0.000047,0.749732,-0.002703,-0.001489,0.999995,0.200053,-0.392767,0.897615
34.92,0.000121,0.000059,0.746081,-0.004113,0.000368,0.999991,0.185503,-0.398939,0.898018
34.93,0.000024,-0.00011,0.742459,-0.002088,0.000241,0.999998,0.196842,-0.403639,0.893492
34.94,-0.000177,0.00001,0.738697,-0.004541,0.003334,0.999984,0.187613,-0.407237,0.893845
34.95,-0.000178,0.000143,0.734715,-0.00358,0.003769,0.999986,0.176458,-0.405041,0.897109
34.96,0.000055,-0.000075,0.730936,-0.001938,-0.006006,0.99998,0.18335,-0.402119,0.897041
34.97,-0.000098,0.000195,0.72701,-0.004355,-0.001097,0.99999,0.177381,-0.402532,0.898056
34.98,0.000123,0.000042,0.72291,0.010197,-0.004892,0.999936,0.173816,-0.410836,0.894987
34.99,-0.000025,-0.000049,0.718753,0.00358,-0.0094,0.999949,0.173449,-0.40087,0.899566
35,-0.000024,-0.000041,0.714348,0.003773,-0.006382,0.999973,0.173635,-0.412166,0.89441
35.01,-0.000065,0.000027,0.710123,-0.013683,-0.005889,0.999889,0.163785,-0.41766,0.89372
35.02,-0.000007,-0.00004,0.705689,0.005109,0.009658,0.99994,0.169659,-0.405989,0.897992
35.03,-0.000118,-0.000093,0.701293,0.006775,-0.000455,0.999977,0.162437,-0.410729,0.897171
35.04,-0.000061,0.000073,0.696684,-0.001522,-0.001608,0.999998,0.163038,-0.408841,0.897924
35.05,-0.00022,0.000035,0.692125,-0.00079,-0.006013,0.999982,0.155127,-0.410132,0.898737
35.06,-0.000048,0.000201,0.687606,0.012986,-0.006823,0.999892,0.155892,-0.412391,0.89757
35.07,0.000015,0.000058,0.68272,-0.005933,-0.002032,0.99998,0.147101,-0.418631,0.896164
35.08,0.000049,-0.000081,0.677804,0.002149,0.005525,0.999982,0.146602,-0.412908,0.898896
35.09,-0.000079,0.000115,0.673092,-0.00175,-0.00298,0.999994,0.146932,-0.414767,0.897986
35.1,-0.000091,0.000078,0.66795,0.002201,0.008228,0.999964,0.1532,-0.421043,0.894009
35.11,0.000059,-0.000055,0.662987,0.004758,0.00215,0.999986,0.134078,-0.419356,0.897866
35.12,-0.000047,-0.000052,0.657764,-0.00439,-0.004287,0.999981,0.132659,-0.421248,0.897191
35.13,-0.000022,-0.000078,0.652437,0.007709,-0.000192,0.99997,0.126997,-0.431138,0.893304
35.14,0.000115,-0.000061,0.647118,-0.000042,0.002484,0.999997,0.128744,-0.42262,0.897116
35.15,-0.00024,-0.000277,0.641876,-0.000371,-0.001312,0.999999,0.135887,-0.425666,0.894619
35.16,0.000085,-0.000172,0.636482,-0.000516,-0.000978,0.999999,0.11916,-0.424512,0.897547
35.17,-0.000201,0.000073,0.631054,-0.001832,0.005906,0.999981,0.126339,-0.424919,0.896372
35.18,-0.000007,0.000096,0.625609,0.001117,0.005674,0.999983,0.1198,-0.423883,0.897759
35.19,0.000056,-0.000077,0.619715,0.005453,-0.000338,0.999985,0.110406,-0.433775,0.894232
35.2,-0.00013,-0.000183,0.6143,0.002447,-0.001809,0.999995,0.119428,-0.424419,0.897555
35.21,-0.000053,-0.000014,0.608393,0.000413,0.000456,1,0.114193,-0.426181,0.897402
35.22,0.000145,-0.000076,0.602652,-0.001326,-0.003228,0.999994,0.103909,-0.4302,0.896733
35.23,-0.000009,-0.000039,0.596478,-0.006577,-0.000341,0.999978,0.101642,-0.431183,0.896521
35.24,0.000047,-0.000092,0.590648,0.00454,-0.000374,0.99999,0.107159,-0.427255,0.897758
35.25,-0.000016,-0.000017,0.584764,-0.002123,0.003889,0.99999,0.099045,-0.428602,0.898048
35.26,-0.000096,-0.00001,0.578598,-0.002359,0.002204,0.999995,0.102264,-0.437127,0.893567
35.27,-0.000033,0.000036,0.572396,-0.004475,-0.004603,0.999979,0.095424,-0.430767,0.897404
35.28,0.000073,-0.000089,0.566074,-0.00346,-0.000806,0.999994,0.092376,-0.439649,0.893407
35.29,-0.000039,0.000081,0.559878,-0.003974,0.002188,0.99999,0.086824,-0.429238,0.899008
35.3,-0.000092,-0.000056,0.5536,-0.005381,-0.001478,0.999984,0.090513,-0.438273,0.894273
35.31,-0.000051,0.000003,0.54703,0.006893,-0.000377,0.999976,0.082684,-0.442342,0.893027
35.32,0.000099,0.000027,0.540646,0.006583,0.002101,0.999976,0.087651,-0.42495,0.900963
35.33,0.000088,0.000015,0.534336,-0.001237,-0.008211,0.999966,0.092447,-0.432957,0.896662
35.34,-0.000141,0.000124,0.52763,-0.005911,0.002595,0.999979,0.081413,-0.436923,0.895807
35.35,-0.000221,0.000043,0.520962,-0.00614,-0.000835,0.999981,0.076754,-0.437507,0.895933
35.36,-0.000127,-0.000044,0.514121,0.00016,-0.001195,0.999999,0.071707,-0.43977,0.895243
35.37,0.000017,-0.000044,0.507522,0.00738,0.003839,0.999965,0.073035,-0.435199,0.897367
35.38,0.000091,-0.000022,0.500681,0.003856,0.001768,0.999991,0.073885,-0.443352,0.893297
35.39,-0.000121,-0.00003,0.493976,-0.006874,-0.003816,0.999969,0.069409,-0.433046,0.898696
35.4,-0.000088,-0.000118,0.487049,0.000024,0.002561,0.999997,0.065263,-0.442552,0.894365
35.41,-0.00003,-0.000027,0.480186,-0.003901,0.005264,0.999979,0.062164,-0.437815,0.896913
35.42,-0.000145,-0.000007,0.472818,-0.005381,-0.011126,0.999924,0.062478,-0.433748,0.898865
35.43,-0.000063,0.000028,0.466006,-0.00015,-0.003933,0.999992,0.065657,-0.446782,0.89223
35.44,-0.00015,0.00005,0.458852,0.014403,0.001805,0.999895,0.058407,-0.437294,0.89742
35.45,-0.000047,0.000196,0.451608,-0.004695,-0.004179,0.99998,0.051171,-0.441322,0.895889
35.46,-0.000115,0.000013,0.444217,-0.001846,-0.001099,0.999998,0.055713,-0.437913,0.897289
35.47,0.000104,0.000064,0.437077,-0.008921,0.001627,0.999959,0.053072,-0.440577,0.896144
35.48,0.000019,0.000023,0.429967,0.002526,0.003255,0.999992,0.057511,-0.444067,0.894146
35.49,-0.000091,-0.000141,0.422243,-0.002203,0.0008,0.999997,0.050475,-0.439795,0.896679
35.5,-0.000062,-0.000166,0.414997,-0.002084,0.005572,0.999982,0.049718,-0.436221,0.898465
35.51,0.000001,-0.000065,0.407469,-0.002469,-0.005646,0.999981,0.05721,-0.442611,0.894887
35.52,0.000071,-0.000043,0.400071,0.010198,0.009004,0.999907,0.035404,-0.43256,0.90091
35.53,0.00005,-0.000142,0.39242,0.002414,0.005623,0.999981,0.045171,-0.440391,0.896669
35.54,0.000189,-0.000039,0.384818,-0.002294,-0.001147,0.999997,0.052021,-0.444544,0.894245
35.55,-0.000059,-0.000077,0.377169,-0.004168,-0.003346,0.999986,0.040532,-0.445865,0.894182
35.56,-0.000073,-0.000027,0.369604,-0.001308,-0.01165,0.999931,0.042838,-0.441378,0.896298
35.57,0.000012,-0.000181,0.361756,-0.002773,0.002062,0.999994,0.037224,-0.436947,0.898717
35.58,0.000035,-0.000065,0.354246,-0.0012,0.008747,0.999961,0.033715,-0.442745,0.896013
35.59,-0.000009,-0.000152,0.346392,-0.00056,0.000048,1,0.023268,-0.439778,0.897805
35.6,-0.000127,-0.000002,0.338623,-0.000842,0.002386,0.999997,0.027432,-0.447781,0.893723
35.61,0.000154,-0.000031,0.330707,0.010002,-0.002035,0.999948,0.024496,-0.441881,0.896739
35.62,-0.000009,0.000046,0.322511,-0.002825,0.00175,0.999994,0.029799,-0.442467,0.896289
35.63,-0.000071,0.000001,0.314842,-0.01215,-0.006798,0.999903,0.019903,-0.444424,0.895595
35.64,-0.000103,0.000049,0.306925,-0.002489,-0.004073,0.999989,0.024584,-0.449634,0.892874
35.65,-0.00003,-0.000045,0.298786,-0.004822,-0.005747,0.999972,0.023134,-0.439243,0.898071
35.66,-0.000023,0.000081,0.290912,-0.004285,0.008421,0.999955,0.025233,-0.441775,0.896771
35.67,-0.000078,-0.000108,0.282634,0.002338,-0.003884,0.99999,0.018235,-0.451397,0.892137
35.68,0.000053,-0.000005,0.274628,-0.005304,0.00216,0.999984,0.026797,-0.448332,0.893465
35.69,0.000007,0.000009,0.266456,0.002482,-0.00355,0.999991,0.01801,-0.447642,0.894032
35.7,-0.000129,-0.00008,0.258315,0.000641,0.007069,0.999975,0.021744,-0.443778,0.895873
35.71,-0.000001,-0.000058,0.250076,0.002792,-0.005949,0.999978,0.012587,-0.443518,0.896177
35.72,0.000087,-0.000067,0.241914,0.005991,-0.001788,0.99998,0.009522,-0.442225,0.896853
35.73,-0.000064,-0.000102,0.233514,-0.002265,0.005487,0.999982,0.013621,-0.433848,0.900883
35.74,-0.000084,-0.000099,0.225454,0.001692,-0.004075,0.99999,0.013606,-0.447009,0.894426
35.75,-0.000139,-0.000062,0.217142,0.004975,-0.002559,0.999984,0.000318,-0.449828,0.893115
35.76,-0.000046,0.000019,0.208838,0.002272,-0.003346,0.999992,0.013734,-0.442976,0.896428
35.77,-0.000184,-0.000062,0.200336,0.004382,-0.011244,0.999927,-0.004623,-0.444961,0.895538
35.78,0.000085,-0.000036,0.192102,0.007538,-0.004567,0.999961,0.007403,-0.439818,0.898056
35.79,0.000116,-0.000057,0.183679,0.005039,0.010256,0.999935,0.0102,-0.447712,0.89412
35.8,0.000001,-0.000049,0.175379,-0.001308,0.004198,0.99999,0.009489,-0.44741,0.894279
35.81,0.000037,0.000064,0.166847,-0.004473,0.004431,0.99998,0.009009,-0.443567,0.896196
35.82,-0.000066,-0.000057,0.158367,0.004578,-0.000652,0.999989,0.005807,-0.446923,0.894554
35.83,-0.000182,0.000007,0.150012,-0.003917,-0.001683,0.999991,0.008368,-0.441696,0.897126
35.84,-0.000037,-0.000069,0.141466,0.000834,0.005242,0.999986,0.01396,-0.440216,0.897783
35.85,-0.000016,0.000004,0.13313,-0.002379,-0.001828,0.999995,0.004945,-0.442891,0.896562
35.86,-0.000112,0.000007,0.124525,-0.002745,0.006679,0.999974,0.004035,-0.442758,0.896632
35.87,-0.000029,-0.000046,0.115852,0.008287,-0.004,0.999958,0.001103,-0.440811,0.897599
35.88,-0.000089,0.000037,0.107539,-0.000589,-0.006933,0.999976,-0.000642,-0.444838,0.895611
35.89,-0.000094,0.000017,0.098911,0.007779,0.00675,0.999947,-0.005262,-0.446738,0.894649
35.9,0.000053,-0.000004,0.090349,0.005877,-0.009692,0.999936,-0.006462,-0.444501,0.895755
35.91,0.000043,-0.000128,0.081748,-0.004082,0.003923,0.999984,0.000957,-0.442157,0.896937
35.92,-0.000192,-0.0002,0.073096,-0.002709,-0.005101,0.999983,0.007707,-0.439971,0.897979
35.93,-0.000172,0.000019,0.064674,0.00511,-0.005939,0.999969,0.003609,-0.44878,0.893635
35.94,-0.000063,-0.000038,0.055976,0.001849,-0.001012,0.999998,0.002554,-0.443454,0.896294
35.95,-0.000059,-0.000013,0.047432,0.00554,0.006211,0.999965,0.003335,-0.44089,0.897555
35.96,-0.000077,-0.000095,0.038754,0.003148,0.003428,0.999989,0.001364,-0.451387,0.892327
35.97,0.000034,-0.000063,0.030323,-0.000778,-0.000239,1,-0.000576,-0.442224,0.896904
35.98,-0.000058,0.000095,0.021481,0.003562,0.009031,0.999953,-0.000695,-0.440442,0.897781
35.99,-0.000097,0.000017,0.013018,-0.001566,-0.002828,0.999995,-0.005839,-0.448826,0.8936
36,-0.00005,0.000154,0.004369,0.00302,-0.000801,0.999995,0.004621,-0.440042,0.897965
36.01,-0.000011,-0.000076,-0.004104,-0.005979,0.000378,0.999982,-0.003323,-0.435509,0.900178
36.02,0.000039,0.000011,-0.013006,0.000898,-0.001536,0.999998,0.001089,-0.443484,0.896282
36.03,-0.000004,-0.000067,-0.021438,0.003747,-0.000148,0.999993,-0.003562,-0.432898,0.901436
36.04,0.000044,-0.000091,-0.030062,-0.000844,-0.00521,0.999986,-0.004377,-0.441877,0.897065
36.05,0.000041,-0.000011,-0.038716,0.003525,0.00801,0.999962,-0.000689,-0.447852,0.894107
36.06,-0.000129,-0.000084,-0.047399,-0.003117,0.005535,0.99998,-0.00057,-0.440973,0.89752
36.07,0.00005,-0.000017,-0.05599,-0.001584,-0.000449,0.999999,0.002368,-0.436393,0.899753
36.08,-0.000037,-0.000139,-0.064761,-0.006514,0.00017,0.999979,0.006996,-0.442918,0.896535
36.09,0.000069,0.000077,-0.073185,-0.002603,0.008144,0.999963,0.002391,-0.443344,0.896348
36.1,-0.0001,-0.000008,-0.081664,-0.000558,0.000612,1,0.003474,-0.451258,0.892387
36.11,-0.000112,-0.000071,-0.090217,0.007087,-0.010963,0.999915,0.007475,-0.442867,0.896556
36.12,-0.000085,-0.000008,-0.098772,-0.004806,-0.007526,0.99996,0.006543,-0.445334,0.895341
36.13,-0.000103,-0.000024,-0.107442,0.001639,-0.001811,0.999997,0.005653,-0.436229,0.899818
36.14,0.00009,-0.000178,-0.115837,-0.008037,0.001304,0.999967,0.011424,-0.443014,0.896442
36.15,-0.000007,0.00001,-0.124327,0.000251,0.002874,0.999996,0.006544,-0.438923,0.898501
36.16,0.000074,-0.000125,-0.132863,0.002237,-0.00153,0.999996,0.009647,-0.447057,0.894453
36.17,-0.000024,-0.00007,-0.141401,-0.004874,-0.002374,0.999985,0.01068,-0.437319,0.899243
36.18,0.000076,-0.000088,-0.149868,-0.002697,0.003394,0.999991,0.000621,-0.444654,0.895702
36.19,-0.000061,-0.000045,-0.158272,-0.000225,0.006331,0.99998,0.003865,-0.450537,0.892749
36.2,-0.000055,0.000006,-0.166717,-0.000589,0.004333,0.99999,0.012966,-0.447073,0.894403
36.21,0.000005,0.000093,-0.175227,0.001779,0.006878,0.999975,0.002233,-0.452505,0.891759
36.22,0.000107,-0.000066,-0.183501,0.000532,0.0088,0.999961,0.012273,-0.438577,0.89861
36.23,-0.000023,-0.000052,-0.192115,0.002722,0.002964,0.999992,-0.000049,-0.433782,0.901018
36.24,0.000103,-0.000092,-0.200377,0.002153,-0.004135,0.999989,0.017531,-0.446348,0.894688
36.25,0.000055,-0.00002,-0.208485,-0.000528,0.001929,0.999998,0.006795,-0.438175,0.898864
36.26,0.000109,0.000035,-0.216948,0.009182,0.005031,0.999945,0.009156,-0.445555,0.895208
36.27,0.000029,-0.000141,-0.225251,0.005133,0.002293,0.999984,0.009393,-0.447797,0.894086
36.28,-0.000025,-0.000068,-0.233514,0.006806,-0.003843,0.999969,0.013333,-0.443524,0.896163
36.29,-0.000164,0.000052,-0.24167,-0.00694,0.003972,0.999968,0.021652,-0.442728,0.896395
36.3,-0.00015,-0.000014,-0.249866,-0.001254,0.000746,0.999999,0.008166,-0.449425,0.893281
36.31,-0.000001,-0.000116,-0.258277,-0.00177,-0.003854,0.999991,0.017915,-0.438974,0.898321
36.32,0.000037,0.000132,-0.266449,0.003931,-0.000755,0.999992,0.029998,-0.440212,0.897392
36.33,-0.000034,-0.000094,-0.274513,0.005217,-0.001166,0.999986,0.017166,-0.447481,0.894129
36.34,-0.000011,-0.00003,-0.282651,-0.00598,-0.002513,0.999979,0.02401,-0.440929,0.897221
36.35,0.000145,-0.000041,-0.29068,0.001073,-0.006382,0.999979,0.026715,-0.44236,0.89644
36.36,0.000059,-0.000026,-0.298723,-0.002019,0.003958,0.99999,0.03046,-0.444484,0.895269
36.37,0.000045,-0.000117,-0.306648,0.000495,0.003567,0.999994,0.024835,-0.448832,0.893271
36.38,0.000052,0.00003,-0.314703,0.001714,-0.002779,0.999995,0.022811,-0.444199,0.895638
36.39,-0.000038,-0.000176,-0.322639,-0.007561,0.000223,0.999971,0.029905,-0.434622,0.900117
36.4,-0.000013,0.000048,-0.33052,-0.001989,0.0036,0.999992,0.031776,-0.439837,0.897516
36.41,-0.000071,-0.0001,-0.338404,0.004282,0.01114,0.999929,0.036045,-0.437524,0.898484
36.42,-0.000026,0.000078,-0.34623,-0.00212,-0.000702,0.999998,0.03686,-0.446184,0.894182
36.43,-0.000081,-0.000036,-0.354066,0.0122,-0.004309,0.999916,0.035117,-0.44187,0.896392
36.44,-0.000058,-0.000218,-0.361916,0.001311,-0.000581,0.999999,0.028802,-0.44242,0.896345
36.45,-0.000141,0.000013,-0.3695,-0.001298,-0.01103,0.999938,0.038156,-0.444284,0.895073
36.46,-0.000025,0.000073,-0.377257,-0.003809,0.001235,0.999992,0.035633,-0.432127,0.901109
36.47,0.000061,0.000006,-0.384861,-0.004675,-0.009229,0.999946,0.041229,-0.447138,0.893514
36.48,0.000091,-0.00015,-0.392487,-0.000613,0.001522,0.999999,0.048725,-0.439335,0.897001
36.49,-0.000056,0.000008,-0.399954,0.00232,0.001007,0.999997,0.038032,-0.438648,0.897854
36.5,-0.000222,-0.000053,-0.407448,0.005509,0.0042,0.999976,0.043683,-0.440893,0.896496
36.51,0.000182,0.000091,-0.414889,-0.007834,0.001682,0.999968,0.047614,-0.442244,0.89563
36.52,-0.000132,0.000002,-0.422414,0.006961,-0.006822,0.999953,0.050409,-0.446164,0.89353
36.53,-0.00002,0.000004,-0.429715,0.002971,0.002013,0.999994,0.059749,-0.4394,0.896302
36.54,-0.000016,-0.000056,-0.43705,-0.007297,-0.00254,0.99997,0.055501,-0.438492,0.89702
36.55,0.000094,0.000023,-0.444299,-0.004255,-0.002525,0.999988,0.060269,-0.437279,0.897304
36.56,-0.000104,-0.000012,-0.451447,0.002025,0.006609,0.999976,0.058511,-0.437055,0.89753
36.57,0.000035,0.0001,-0.45863,-0.003575,0.003848,0.999986,0.070619,-0.447085,0.891699
36.58,-0.000134,0.000148,-0.465693,-0.00032,-0.005364,0.999986,0.057106,-0.437639,0.897336
36.59,0.000034,0.000088,-0.472994,-0.00418,-0.003399,0.999985,0.068841,-0.440848,0.894938
36.6,-0.00007,-0.000071,-0.479783,-0.001846,-0.001983,0.999996,0.062978,-0.434527,0.898454
36.61,-0.00014,-0.000055,-0.486723,0.008468,-0.001904,0.999962,0.067198,-0.437748,0.896583
36.62,0.000018,-0.000061,-0.493606,0.002168,-0.011384,0.999933,0.068785,-0.433699,0.898428
36.63,-0.000153,0.000012,-0.500648,-0.007435,0.005194,0.999959,0.068267,-0.436864,0.896933
36.64,0.000006,-0.000051,-0.507506,0.007587,0.006818,0.999948,0.06854,-0.436567,0.897057
36.65,-0.00002,-0.000141,-0.514138,-0.00512,0.005108,0.999974,0.081042,-0.43063,0.898883
36.66,-0.000066,0.000052,-0.520916,-0.000658,0.004675,0.999989,0.081787,-0.439219,0.894649
36.67,-0.000096,0.000007,-0.527407,0.003328,0.009376,0.999951,0.083916,-0.433628,0.897176
36.68,-0.000217,-0.000017,-0.534038,0.003327,-0.003123,0.99999,0.085447,-0.433248,0.897215
36.69,-0.000161,-0.000103,-0.540556,0.000599,-0.000087,1,0.073122,-0.440381,0.894828
36.7,-0.00011,-0.000083,-0.546924,0.000026,-0.003213,0.999995,0.090532,-0.431193,0.897706
36.71,-0.00012,-0.000102,-0.553672,0.000202,-0.004648,0.999989,0.090123,-0.436621,0.89512
36.72,-0.000133,-0.000134,-0.559665,0.001092,-0.000319,0.999999,0.09874,-0.425664,0.899478
36.73,0.000066,-0.000137,-0.565922,-0.002879,-0.000877,0.999995,0.101288,-0.427625,0.898264
36.74,0.000028,-0.000043,-0.572238,-0.002124,0.003953,0.99999,0.105165,-0.432246,0.895603
36.75,-0.000006,-0.000094,-0.578612,-0.001587,0.002051,0.999997,0.102021,-0.430106,0.896995
36.76,-0.000117,-0.000028,-0.584582,-0.007429,-0.002985,0.999968,0.1027,-0.433736,0.895168
36.77,-0.000102,0.000056,-0.590669,-0.001702,-0.004143,0.99999,0.113222,-0.427719,0.896793
36.78,0.000038,-0.000069,-0.596529,0.005431,-0.002834,0.999981,0.118265,-0.43257,0.89381
36.79,-0.000135,-0.000029,-0.602502,0.002672,0.004763,0.999985,0.105411,-0.435752,0.893873
36.8,-0.000189,-0.00003,-0.608269,0.00479,0.000222,0.999989,0.114226,-0.429281,0.895919
36.81,0.000033,-0.000004,-0.614114,-0.005518,-0.002357,0.999982,0.117929,-0.421879,0.89895
36.82,-0.000092,-0.000242,-0.619819,-0.003902,-0.001112,0.999992,0.118611,-0.424496,0.897627
36.83,0.000073,0.000102,-0.625285,-0.002155,0.001568,0.999996,0.11673,-0.423998,0.898109
36.84,-0.000013,0.000022,-0.630868,-0.005011,-0.002849,0.999983,0.121599,-0.426572,0.896242
36.85,-0.000188,-0.000103,-0.636298,0.005471,0.004223,0.999976,0.133281,-0.424307,0.895656
36.86,0.000063,-0.000007,-0.641847,0.00223,-0.006965,0.999973,0.128363,-0.428494,0.89438
36.87,-0.000072,-0.000075,-0.64725,-0.000009,0.000206,1,0.126699,-0.425755,0.895924
36.88,-0.000205,-0.000015,-0.652488,0.000845,0.000843,0.999999,0.139233,-0.414127,0.899507
36.89,-0.000057,0.000119,-0.657605,0.000559,-0.000293,1,0.136346,-0.421781,0.896387
36.9,-0.000099,0.000022,-0.662921,0.002591,0.003967,0.999989,0.138339,-0.420308,0.896774
36.91,0.000052,-0.000006,-0.66787,0.00445,-0.000832,0.99999,0.134874,-0.419902,0.897492
36.92,0.00001,0.000097,-0.672883,0.000364,0.007111,0.999975,0.148627,-0.420343,0.89511
36.93,-0.000124,0.000154,-0.677757,-0.003329,0.010099,0.999943,0.137016,-0.419117,0.897534
36.94,0.00009,-0.000087,-0.682567,0.004148,-0.004804,0.99998,0.15672,-0.407816,0.899514
36.95,-0.000094,0.000026,-0.687389,0.004718,0.010937,0.999929,0.153877,-0.409071,0.899435
36.96,-0.000097,0.000106,-0.692027,-0.001276,0.005925,0.999982,0.159164,-0.407799,0.899092
36.97,-0.000214,-0.000049,-0.69675,0.004486,-0.002408,0.999987,0.155555,-0.414459,0.896675
36.98,-0.000144,-0.000079,-0.701251,0.001376,0.002426,0.999996,0.157542,-0.410513,0.898142
36.99,-0.000036,-0.000097,-0.705832,-0.00344,-0.00764,0.999965,0.16816,-0.411361,0.895826
37,-0.000085,0.000048,-0.710174,-0.00035,-0.000578,1,0.172477,-0.411309,0.895029
37.01,0.000014,0.000011,-0.714401,-0.006991,0.000007,0.999976,0.174924,-0.415269,0.892722
37.02,-0.000012,-0.000093,-0.718625,0.002366,-0.000099,0.999997,0.180778,-0.405196,0.896178
37.03,-0.000128,0.000012,-0.722621,-0.006269,-0.002023,0.999978,0.177232,-0.411234,0.894134
37.04,-0.000098,0.000075,-0.726994,0.005422,0.006386,0.999965,0.175001,-0.397429,0.900791
37.05,-0.000116,-0.000116,-0.73065,0.003588,-0.000933,0.999993,0.187847,-0.405764,0.894466
37.06,-0.000091,0.000039,-0.734887,0.006851,-0.000337,0.999976,0.192244,-0.403904,0.894374
37.07,-0.000029,0.000021,-0.738543,0.011957,-0.0056,0.999913,0.177048,-0.399033,0.899681
37.08,-0.000276,-0.000013,-0.742217,-0.001447,0.002177,0.999997,0.198297,-0.402246,0.893799
37.09,0.000075,0.000006,-0.746102,0.003162,-0.00405,0.999987,0.196545,-0.393182,0.898208
37.1,-0.000058,0.00005,-0.749611,0.002349,0.004312,0.999988,0.191601,-0.395844,0.898107
37.11,0.00001,-0.00007,-0.753035,0.00177,-0.001244,0.999998,0.201559,-0.397941,0.894995
37.12,0.000026,-0.00009,-0.756215,-0.002836,-0.002256,0.999993,0.203426,-0.386067,0.899761
37.13,-0.000026,0.000001,-0.759866,0.000957,0.001335,0.999999,0.212104,-0.391232,0.895517
37.14,-0.000034,-0.000052,-0.763183,0.009973,-0.004913,0.999938,0.215891,-0.389643,0.895304
37.15,-0.000173,-0.000004,-0.766234,0.002358,-0.001003,0.999997,0.204932,-0.392174,0.896773
37.16,-0.000269,-0.000216,-0.76934,-0.010924,0.00352,0.999934,0.21495,-0.384745,0.897646
37.17,-0.000045,0.000024,-0.772423,-0.009026,-0.001071,0.999959,0.209964,-0.383955,0.899163
37.18,0.000012,-0.000056,-0.775277,-0.000319,0.010292,0.999947,0.215019,-0.382241,0.898698
37.19,-0.000052,0.000057,-0.778016,0.0017,-0.001252,0.999998,0.217273,-0.380743,0.898792
37.2,0.000038,-0.000089,-0.780837,0.007462,0.009177,0.99993,0.228505,-0.378039,0.897147
37.21,-0.000141,-0.000077,-0.783508,-0.004057,0.007942,0.99996,0.232032,-0.37648,0.896897
37.22,-0.00008,0.000034,-0.786012,-0.000802,0.000644,0.999999,0.232297,-0.368085,0.900306
37.23,0.000027,-0.000017,-0.788445,-0.002648,0.00107,0.999996,0.244808,-0.372269,0.895257
37.24,-0.00003,0.000056,-0.790897,0.000541,-0.003819,0.999993,0.247368,-0.376742,0.892678
37.25,0.000025,-0.000035,-0.793365,0.001162,-0.004551,0.999989,0.247084,-0.356366,0.901084
37.26,-0.000166,0.000142,-0.795453,0.009641,-0.000527,0.999953,0.248254,-0.377265,0.892211
37.27,-0.000001,-0.000043,-0.797668,-0.002056,-0.000425,0.999998,0.253357,-0.362464,0.8969
37.28,0.000211,-0.000126,-0.799688,-0.002152,0.004119,0.999989,0.25795,-0.360433,0.896409
37.29,-0.000044,-0.000127,-0.80176,0.004435,-0.001651,0.999989,0.248423,-0.363876,0.897708
37.3,-0.000101,-0.000059,-0.803571,-0.009643,0.00572,0.999937,0.264468,-0.351912,0.897895
37.31,0.000032,-0.000132,-0.805284,-0.005692,-0.005365,0.999969,0.258636,-0.356821,0.897656
37.32,0.000089,0.000049,-0.807121,-0.001086,0.004095,0.999991,0.26596,-0.35799,0.895047
37.33,-0.000297,0.000045,-0.808592,0.00509,0.00164,0.999986,0.269688,-0.354468,0.895333
37.34,-0.000091,0.000083,-0.810196,0.007048,-0.006045,0.999957,0.272496,-0.351754,0.895553
37.35,-0.00003,-0.000119,-0.811569,0.001046,-0.003555,0.999993,0.272622,-0.356777,0.893525
37.36,-0.000077,-0.000073,-0.81285,-0.003778,0.002167,0.999991,0.289676,-0.345696,0.892514
37.37,-0.000021,-0.000159,-0.814142,-0.006274,-0.008828,0.999941,0.28063,-0.340978,0.897207
37.38,0.000034,-0.000101,-0.815405,0.002216,-0.006272,0.999978,0.282815,-0.333521,0.899322
37.39,-0.000035,-0.00005,-0.81644,0.006256,0.002706,0.999977,0.293323,-0.340369,0.89337
37.4,0.000017,-0.000072,-0.817259,-0.002353,-0.014327,0.999895,0.27934,-0.334095,0.900194
37.41,-0.000102,-0.000076,-0.818169,-0.003692,0.010347,0.99994,0.291942,-0.330213,0.897624
37.42,0.000169,-0.000025,-0.819168,0.003184,-0.003558,0.999989,0.286512,-0.336135,0.897176
37.43,-0.000133,0.000071,-0.819857,-0.002332,0.010904,0.999938,0.290822,-0.330912,0.89773
37.44,-0.000113,0.000007,-0.820383,-0.00958,0.005484,0.999939,0.299235,-0.331139,0.894877
37.45,0.00002,0.000164,-0.820942,-0.003821,0.000831,0.999992,0.306473,-0.323429,0.895247
37.46,-0.000001,-0.000032,-0.821446,-0.003661,0.000724,0.999993,0.300734,-0.320852,0.898116
37.47,0.000067,0.000046,-0.821763,0.002084,0.005331,0.999984,0.2998,-0.322198,0.897947
37.48,-0.00002,0.000038,-0.822019,0.003615,0.004133,0.999985,0.312662,-0.31192,0.897189
37.49,-0.000054,-0.000142,-0.822155,0.007601,0.000242,0.999971,0.309028,-0.313797,0.897794
37.5,0.000011,-0.000067,-0.822376,0.004281,0.002914,0.999987,0.318141,-0.314415,0.894388
37.51,-0.000061,-0.000177,-0.822412,0.000573,-0.003638,0.999993,0.312012,-0.31021,0.898008
37.52,-0.000164,-0.000011,-0.822315,0.000676,0.007949,0.999968,0.313264,-0.296421,0.90222
37.53,0.000059,-0.000039,-0.822093,-0.003233,-0.002678,0.999991,0.322899,-0.303844,0.896334
37.54,-0.000066,-0.000062,-0.821977,0.002244,0.014071,0.999898,0.326275,-0.298014,0.897069
37.55,0.000047,-0.000014,-0.821545,-0.002682,0.005111,0.999983,0.326549,-0.293237,0.898542
37.56,-0.000021,-0.000065,-0.821107,0.001115,-0.008096,0.999967,0.324422,-0.298376,0.89762
37.57,-0.000018,0.000077,-0.820526,0.003639,-0.004942,0.999981,0.32886,-0.293789,0.897518
37.58,-0.000164,-0.000082,-0.819715,-0.002243,0.001759,0.999996,0.331344,-0.287635,0.898597
37.59,-0.00011,0.000075,-0.819172,-0.003849,-0.003795,0.999985,0.33722,-0.292606,0.894799
37.6,0.000025,-0.000038,-0.818478,0.000262,-0.000574,1,0.340169,-0.282508,0.896925
37.61,-0.000075,0.000156,-0.817452,-0.004844,-0.000005,0.999988,0.33463,-0.285838,0.897953
37.62,0.00001,-0.000058,-0.816462,-0.006534,0.003469,0.999973,0.337524,-0.282925,0.897792
37.63,-0.000011,0.000013,-0.815177,0.001113,-0.007271,0.999973,0.351093,-0.273461,0.895518
37.64,-0.000041,-0.000044,-0.81426,0.001788,-0.000004,0.999998,0.355285,-0.267338,0.895714
37.65,-0.000154,-0.000169,-0.812886,-0.004039,0.001732,0.99999,0.34984,-0.275671,0.895331
37.66,-0.000202,0.000094,-0.811522,-0.000305,-0.00161,0.999999,0.343875,-0.282141,0.895626
37.67,-0.000065,-0.000129,-0.810158,-0.006005,-0.001408,0.999981,0.359665,-0.270345,0.893059
37.68,-0.000037,0.00007,-0.8087,0.004492,0.005561,0.999974,0.353751,-0.263443,0.897473
37.69,-0.000072,-0.000033,-0.807045,0.005912,0.006579,0.999961,0.359683,-0.257226,0.896919
37.7,-0.000094,-0.000178,-0.805462,0.010113,0.007898,0.999918,0.366297,-0.252326,0.895633
37.71,-0.000098,-0.000048,-0.803441,-0.000483,-0.002252,0.999997,0.36208,-0.250798,0.897774
37.72,0.000162,0.000121,-0.801615,0.001911,0.00151,0.999997,0.36709,-0.249373,0.896135
37.73,0.000125,-0.000039,-0.799728,0.002578,0.006203,0.999977,0.367471,-0.249038,0.896072
37.74,0.000163,-0.000121,-0.797664,0.003473,-0.001556,0.999993,0.361481,-0.244254,0.899818
37.75,-0.000062,0.000099,-0.795538,0.008564,0.000366,0.999963,0.376778,-0.241076,0.894383
37.76,0.000029,-0.000064,-0.793364,0.004735,0.008516,0.999953,0.372616,-0.237568,0.897061
37.77,-0.000019,-0.000014,-0.791042,0.008421,-0.004786,0.999953,0.378192,-0.23602,0.895134
37.78,-0.000115,-0.000098,-0.788454,0.000527,-0.002965,0.999995,0.368312,-0.229871,0.900836
37.79,0.000001,-0.000008,-0.786006,-0.005026,-0.006175,0.999968,0.375546,-0.236107,0.896225
37.8,-0.000081,0.000013,-0.783526,0.00516,-0.001162,0.999986,0.388322,-0.218443,0.895259
37.81,-0.000155,-0.00009,-0.780793,-0.001127,-0.003387,0.999994,0.379303,-0.230039,0.89622
37.82,-0.000031,0.000064,-0.778212,0.008433,-0.0036,0.999958,0.379175,-0.219718,0.898861
37.83,-0.000058,0.000006,-0.775316,0.005173,-0.002406,0.999984,0.382472,-0.216959,0.898133
37.84,-0.000017,-0.000064,-0.772413,-0.000758,-0.000922,0.999999,0.390974,-0.21739,0.89436
37.85,0.000059,-0.000149,-0.769225,-0.001176,0.003915,0.999992,0.392101,-0.215112,0.894418
37.86,-0.000075,-0.00011,-0.766303,-0.006418,-0.002343,0.999977,0.387929,-0.204071,0.898814
37.87,-0.000103,-0.000102,-0.763032,-0.004752,-0.006083,0.99997,0.39,-0.201277,0.898547
37.88,-0.000202,0.00008,-0.759728,-0.008562,-0.001521,0.999962,0.388064,-0.203614,0.898859
37.89,0.000082,-0.000114,-0.756666,0.005138,-0.008197,0.999953,0.396185,-0.203582,0.895317
37.9,-0.000093,-0.000043,-0.753016,-0.008068,-0.00583,0.99995,0.40098,-0.191152,0.895922
37.91,-0.000084,-0.000035,-0.749527,0.002798,-0.004324,0.999987,0.398836,-0.190068,0.897109
37.92,-0.000174,0.00013,-0.746052,-0.000952,0.002495,0.999996,0.405271,-0.196243,0.892885
37.93,-0.000016,0.000066,-0.742355,-0.004404,-0.00044,0.99999,0.400462,-0.185051,0.897433
37.94,-0.000038,0.000115,-0.738563,-0.003707,-0.004052,0.999985,0.407432,-0.190654,0.893113
37.95,0.000053,-0.000002,-0.734689,0.00008,-0.00034,1,0.406441,-0.181644,0.895439
37.96,0.000024,-0.000048,-0.730817,-0.003974,0.003419,0.999986,0.403489,-0.179052,0.897294
37.97,0.000045,-0.000005,-0.726765,-0.002534,0.011098,0.999935,0.409235,-0.181505,0.894194
37.98,-0.000143,-0.000026,-0.722633,0.001431,0.007101,0.999974,0.410432,-0.166102,0.896636
37.99,0.00004,0.000002,-0.718634,-0.012707,0.00117,0.999919,0.411962,-0.17836,0.893575
38,-0.000092,0.000011,-0.714237,-0.007455,0.003445,0.999966,0.411597,-0.175263,0.894355
38.01,-0.000034,0.000086,-0.710081,-0.004501,0.010807,0.999931,0.411599,-0.161283,0.896981
38.02,0.000067,-0.000115,-0.705654,0.007668,0.008904,0.999931,0.40402,-0.164507,0.899836
38.03,-0.000131,0.00003,-0.701159,0.009334,-0.005238,0.999943,0.413173,-0.171208,0.894414
38.04,-0.000121,-0.000092,-0.696709,0.001682,-0.001751,0.999997,0.406015,-0.163402,0.89914
38.05,-0.000168,-0.000108,-0.692131,-0.001816,0.003239,0.999993,0.412568,-0.157426,0.897221
38.06,0.00003,0.000093,-0.687403,-0.003769,-0.00136,0.999992,0.417812,-0.155762,0.895082
38.07,-0.000063,-0.000009,-0.682644,0.000818,-0.000723,0.999999,0.413414,-0.146298,0.898713
38.08,-0.000062,0.000046,-0.677737,-0.001386,0.001423,0.999998,0.417512,-0.152913,0.895713
38.09,-0.000046,-0.000077,-0.672714,0.002459,0.013952,0.9999,0.421374,-0.145819,0.895087
38.1,-0.000092,-0.000017,-0.667943,0.001632,0.003085,0.999994,0.425142,-0.147188,0.893079
38.11,-0.00009,-0.000019,-0.662825,0.003958,-0.000077,0.999992,0.418953,-0.131298,0.898465
38.12,0.000008,-0.000021,-0.657776,-0.001916,0.000095,0.999998,0.418898,-0.142272,0.896818
38.13,-0.000239,0.000059,-0.652499,-0.00601,-0.005655,0.999966,0.424109,-0.131804,0.895968
38.14,0.000091,-0.000026,-0.647236,0.001361,0.005212,0.999985,0.414448,-0.127555,0.90109
38.15,0.00001,-0.000051,-0.641818,0.001725,-0.004114,0.99999,0.421651,-0.126242,0.897927
38.16,-0.000119,0.000028,-0.636304,-0.001235,-0.002492,0.999996,0.41998,-0.123068,0.89915
38.17,-0.000084,0.000128,-0.630959,-0.006904,0.002942,0.999972,0.419791,-0.112017,0.900682
38.18,-0.000016,-0.00017,-0.625518,0.002731,0.005435,0.999982,0.419804,-0.125499,0.898896
38.19,0.000145,0.000097,-0.619622,0.002979,-0.000309,0.999996,0.425731,-0.11889,0.897005
38.2,-0.000186,-0.000008,-0.61399,0.000098,-0.004749,0.999989,0.436194,-0.109341,0.893185
38.21,-0.000031,-0.000002,-0.608344,-0.000094,-0.008768,0.999962,0.430984,-0.100943,0.896695
38.22,-0.000052,-0.000127,-0.602464,0.004824,0.003946,0.999981,0.429575,-0.104975,0.896909
38.23,-0.000006,-0.000096,-0.596562,0.003328,0.002984,0.99999,0.429261,-0.11415,0.895938
38.24,-0.000076,-0.000026,-0.590497,-0.002359,-0.006612,0.999975,0.43664,-0.098862,0.894188
38.25,-0.000018,0.000007,-0.584676,-0.001167,0.005147,0.999986,0.43565,-0.096433,0.894936
38.26,-0.00007,0.000044,-0.578536,-0.003465,-0.000285,0.999994,0.428785,-0.098795,0.897988
38.27,-0.000076,-0.000112,-0.572191,0.000255,-0.000803,1,0.440877,-0.093333,0.892702
38.28,-0.000078,-0.000091,-0.566037,0.009454,0.001403,0.999954,0.440643,-0.09593,0.892542
38.29,0.000057,0.000015,-0.559727,0.000644,-0.00038,1,0.438359,-0.097188,0.89353
38.3,-0.00002,-0.000039,-0.553511,0.001263,-0.005558,0.999984,0.437431,-0.094046,0.894321
38.31,-0.000083,-0.00008,-0.54704,0.001279,0.004759,0.999988,0.435334,-0.079917,0.896715
38.32,-0.000049,-0.00002,-0.540559,-0.001313,0.005632,0.999983,0.434687,-0.091018,0.895971
38.33,-0.000043,-0.000147,-0.534161,0.008689,0.002596,0.999959,0.434135,-0.076205,0.897619
38.34,-0.000136,-0.000194,-0.527505,-0.0059,0.006381,0.999962,0.441391,-0.08082,0.893668
38.35,-0.000143,-0.00014,-0.520972,0.006954,-0.002669,0.999972,0.435216,-0.075677,0.89714
38.36,0.000037,-0.000055,-0.514097,0.006988,0.000061,0.999976,0.435414,-0.071103,0.897418
38.37,-0.000047,-0.000066,-0.507385,0.003284,-0.006231,0.999975,0.436545,-0.077542,0.896334
38.38,0.000013,-0.000018,-0.50072,0.005494,-0.009772,0.999937,0.439978,-0.066883,0.895514
38.39,-0.000079,-0.000131,-0.493791,-0.000015,0.003138,0.999995,0.439054,-0.074232,0.895389
38.4,-0.000031,0.000101,-0.486731,-0.00714,0.004588,0.999964,0.439276,-0.066074,0.895919
38.41,0.00002,0.000055,-0.479867,-0.000461,0.002206,0.999997,0.437945,-0.05691,0.897199
38.42,0.000203,0.000105,-0.472636,0.001756,0.011433,0.999933,0.440903,-0.063793,0.895285
38.43,-0.000006,0.000008,-0.465702,-0.000739,-0.000656,1,0.437792,-0.063226,0.89685
38.44,-0.000023,-0.000001,-0.458757,0.001022,0.010603,0.999943,0.439798,-0.05711,0.896279
38.45,0.000043,-0.000017,-0.451426,-0.000427,-0.005999,0.999982,0.437471,-0.043165,0.898196
38.46,-0.000058,-0.000183,-0.44423,-0.000347,-0.00379,0.999993,0.440208,-0.042369,0.896896
38.47,0.000062,-0.00014,-0.437086,-0.005565,0.003774,0.999977,0.442337,-0.040209,0.895947
38.48,-0.000066,-0.00005,-0.42983,-0.003066,0.001571,0.999994,0.445255,-0.048326,0.894099
38.49,0.000114,0.00006,-0.422369,-0.000191,-0.003688,0.999993,0.44383,-0.042145,0.89512
38.5,-0.000197,0.000003,-0.414728,-0.008413,-0.000498,0.999964,0.434835,-0.04308,0.899479
38.51,0.000033,0.000072,-0.407525,0.004335,0.002724,0.999987,0.441488,-0.048063,0.895979
38.52,-0.000019,-0.00016,-0.399766,0.001259,0.012971,0.999915,0.436886,-0.050984,0.898071
38.53,0.00001,-0.000212,-0.392553,-0.010231,-0.011048,0.999887,0.437458,-0.04975,0.897862
38.54,0.000002,-0.000017,-0.384828,-0.000156,-0.008676,0.999962,0.43978,-0.0384,0.897284
38.55,0.000014,0.000146,-0.377137,0.003428,-0.009047,0.999953,0.439229,-0.036421,0.897637
38.56,-0.000197,-0.000043,-0.369609,0.004294,0.00583,0.999974,0.446351,-0.04041,0.893945
38.57,-0.00011,0,-0.361795,-0.007024,-0.005015,0.999963,0.445525,-0.025095,0.894918
38.58,-0.000133,-0.000031,-0.354097,0.007872,-0.002209,0.999967,0.440358,-0.041022,0.896885
38.59,0.000006,-0.00005,-0.346199,0.003704,-0.001802,0.999992,0.442158,-0.034444,0.896276
38.6,-0.000063,0.000036,-0.338414,-0.00454,0.002884,0.999986,0.440355,-0.030827,0.897294
38.61,-0.000041,-0.000079,-0.330522,-0.000811,-0.002875,0.999996,0.444586,-0.01866,0.895542
38.62,-0.000195,0.000203,-0.322689,-0.004089,-0.004568,0.999981,0.440418,-0.025313,0.897436
38.63,-0.000032,-0.000071,-0.314733,-0.001189,-0.000998,0.999999,0.439539,-0.030834,0.897694
38.64,-0.000005,-0.000074,-0.306753,0.005588,0.000591,0.999984,0.435307,-0.023834,0.899967
38.65,-0.000161,-0.00011,-0.29881,-0.00696,-0.001628,0.999974,0.447193,-0.029242,0.893959
38.66,0.000117,-0.000146,-0.290761,0.005316,0.00236,0.999983,0.438458,-0.0225,0.89847
38.67,-0.000024,0.000095,-0.282743,0.003762,0.001642,0.999992,0.445117,-0.019,0.895271
38.68,-0.000176,-0.000019,-0.274462,0.002526,-0.001878,0.999995,0.441281,-0.020278,0.89714
38.69,-0.000164,-0.000187,-0.266442,0.012374,0.001029,0.999923,0.44096,-0.022948,0.897234
38.7,0.000024,-0.000034,-0.25813,0.012088,0.002532,0.999924,0.441276,-0.025389,0.897012
38.71,-0.00005,-0.000033,-0.24995,0.002675,0.000785,0.999996,0.438488,-0.016556,0.898585
38.72,-0.000051,-0.00001,-0.241865,0.004324,-0.007031,0.999966,0.456788,-0.024518,0.889237
38.73,-0.000093,0.000011,-0.233561,0.007984,-0.000774,0.999968,0.441186,-0.018529,0.897224
38.74,-0.000106,0.000027,-0.225222,0.010358,-0.00047,0.999946,0.44169,-0.011477,0.897094
38.75,-0.000042,-0.000097,-0.216896,0.005197,-0.005213,0.999973,0.44561,-0.009803,0.895173
38.76,0.000177,-0.000102,-0.208789,0.000426,-0.002231,0.999997,0.439569,-0.00934,0.89816
38.77,-0.000109,-0.000112,-0.200423,-0.00335,-0.002747,0.999991,0.441714,-0.009635,0.897104
38.78,-0.000145,0.000043,-0.191874,-0.011175,0.004337,0.999928,0.444126,-0.016242,0.895817
38.79,0.000088,0.000034,-0.183605,-0.001534,-0.001216,0.999998,0.443913,-0.015435,0.895937
38.8,0.000053,-0.000084,-0.175188,0.001902,0.011714,0.99993,0.440025,-0.016052,0.897842
38.81,-0.000144,0.000076,-0.166645,0.004584,0.005351,0.999975,0.445049,-0.000658,0.895506
38.82,-0.000082,-0.000058,-0.158288,0.003187,-0.000296,0.999995,0.444502,-0.010704,0.895714
38.83,-0.000024,0.000043,-0.149825,0.000224,0.002293,0.999997,0.439536,-0.002607,0.898221
38.84,-0.000007,-0.000162,-0.14138,-0.003409,0.005173,0.999981,0.433954,-0.005908,0.900915
38.85,-0.000198,0.000125,-0.13274,0.004548,0.013905,0.999893,0.439528,-0.01073,0.898165
38.86,0.000021,0.000066,-0.12418,-0.004326,-0.003386,0.999985,0.449234,0.000764,0.893414
38.87,0.00004,-0.00017,-0.115853,0.008688,0.002477,0.999959,0.442068,-0.004379,0.896971
38.88,-0.000247,-0.000102,-0.10741,0.009876,-0.009926,0.999902,0.444681,-0.008416,0.895649
38.89,-0.000043,0.000003,-0.098838,-0.00329,0.002361,0.999992,0.442011,-0.000632,0.897009
38.9,-0.000067,-0.000007,-0.090215,0.008504,-0.002377,0.999961,0.441771,-0.000956,0.897127
38.91,-0.000058,-0.000241,-0.081675,-0.005158,-0.006516,0.999965,0.439395,0.000683,0.898294
38.92,0.000027,-0.000009,-0.073191,-0.002867,0.001758,0.999994,0.445369,-0.00883,0.895304
38.93,-0.000066,-0.000008,-0.064564,0.002466,0.00121,0.999996,0.448968,0.003441,0.893541
38.94,0.000016,-0.000102,-0.055918,0.003836,-0.002579,0.999989,0.435151,0.000017,0.900357
38.95,-0.000052,0.000162,-0.047322,-0.002745,-0.004444,0.999986,0.437034,-0.001516,0.899444
38.96,-0.000092,0.000031,-0.038734,-0.006326,-0.003383,0.999974,0.446397,0.006383,0.894812
38.97,-0.000026,-0.000229,-0.030062,-0.007555,0.001586,0.99997,0.440689,-0.003548,0.897653
38.98,-0.000044,-0.000144,-0.021361,0.008569,0.007432,0.999936,0.449727,0.008114,0.893129
38.99,-0.000063,-0.000049,-0.012983,-0.003334,-0.000061,0.999994,0.447667,0.001713,0.894199
39,-0.000185,-0.000082,-0.004389,0.005781,-0.009637,0.999937,0.438985,-0.004451,0.898484
39.01,0.004306,0.000044,-0.000005,0.000429,0.002112,0.999998,0.441281,-0.009689,0.897316
39.02,0.012736,-0.000066,-0.000042,-0.001994,0.003343,0.999992,0.433587,-0.003238,0.901106
39.03,0.021501,-0.000016,0.000013,0.005724,0.002318,0.999981,0.438864,0.000094,0.898553
39.04,0.030102,0.000059,0.000199,0.005741,-0.002964,0.999979,0.442835,0.003938,0.896594
39.05,0.038655,0.000031,0.000029,0.002556,0.001535,0.999996,0.446388,-0.005872,0.89482
39.06,0.047209,0.00008,0.000084,-0.003456,0.003873,0.999987,0.443466,0.001822,0.896289
39.07,0.055909,-0.000001,0.000036,-0.00464,-0.004984,0.999977,0.441571,0.000184,0.897226
39.08,0.064395,0.000123,0.000129,-0.005465,0.009137,0.999943,0.442265,0.011126,0.896816
39.09,0.073092,0.000052,0.000162,-0.002923,0.015274,0.999879,0.4363,0.008665,0.899759
39.1,0.081626,0.000019,0.000022,-0.000429,0.003775,0.999993,0.436571,0.012225,0.899587
39.11,0.090266,-0.000054,0.000262,0.004272,0.007021,0.999966,0.444755,0.002885,0.895647
39.12,0.098734,0.000013,0.00009,-0.001623,-0.001655,0.999997,0.440382,0.007359,0.89778
39.13,0.107281,0.000049,0.000043,0.000891,0.007316,0.999973,0.446494,0.0092,0.894739
39.14,0.115807,-0.000032,-0.000016,0.001162,0.004652,0.999989,0.437332,0.004828,0.899287
39.15,0.124468,0.000022,0.000136,0.000297,0.01463,0.999893,0.444982,0.005421,0.895523
39.16,0.132752,-0.000009,-0.000017,-0.005149,0.009103,0.999945,0.44864,0.013147,0.893616
39.17,0.14137,0.000079,0.000072,0.010127,0.001623,0.999947,0.451223,0.012112,0.892329
39.18,0.149824,0.000065,0.000138,-0.007916,0.014105,0.999869,0.441375,0.011218,0.897253
39.19,0.15846,-0.000195,0.000079,0.003033,0.012262,0.99992,0.442467,0.012817,0.896693
39.2,0.166706,-0.000109,0.00006,-0.003592,0.012361,0.999917,0.443572,0.010997,0.896171
39.21,0.175065,-0.000227,-0.000029,-0.003968,0.027239,0.999621,0.44599,0.017414,0.894869
39.22,0.183549,0.000131,-0.000013,0.00314,0.010458,0.99994,0.449525,0.020781,0.893026
39.23,0.191855,-0.000205,0.000019,0.003157,0.013585,0.999903,0.438733,0.010545,0.898556
39.24,0.2003,-0.000019,-0.000076,-0.005565,0.024482,0.999685,0.440137,0.028851,0.897467
39.25,0.208597,-0.00023,0.000065,-0.000653,0.026522,0.999648,0.445084,0.019255,0.895282
39.26,0.216846,-0.000272,0.000151,0.005814,0.036358,0.999322,0.449444,0.01775,0.893132
39.27,0.225322,-0.000002,0.000081,0.000653,0.021065,0.999778,0.438724,0.027445,0.898203
39.28,0.233459,0.000061,-0.000041,-0.00248,0.036467,0.999332,0.4373,0.030671,0.898792
39.29,0.241961,-0.000013,-0.000111,-0.001982,0.032474,0.999471,0.445597,0.031465,0.89468
39.3,0.250089,0.00014,0.000028,0.00099,0.041741,0.999128,0.448802,0.035034,0.892944
39.31,0.258297,-0.000051,-0.000005,-0.001109,0.028453,0.999595,0.441779,0.034741,0.896451
39.32,0.266142,0.000076,0.000011,-0.014942,0.042199,0.998997,0.444977,0.037618,0.894752
39.33,0.274534,-0.000131,-0.000029,0.006171,0.047696,0.998843,0.435086,0.036596,0.899645
39.34,0.282702,-0.000066,0.000015,-0.005332,0.051146,0.998677,0.440801,0.040274,0.896701
39.35,0.290567,-0.000014,0.000118,-0.00351,0.049053,0.99879,0.445705,0.043218,0.894136
39.36,0.298678,-0.000048,-0.000056,0.001288,0.052262,0.998633,0.438656,0.051724,0.897165
39.37,0.306848,-0.000086,0.000037,0.003416,0.057367,0.998347,0.439456,0.058845,0.896334
39.38,0.314847,-0.000052,-0.000085,0.001986,0.060653,0.998157,0.442657,0.054031,0.895062
39.39,0.322559,-0.000063,0.000206,-0.005988,0.064417,0.997905,0.453006,0.059781,0.889501
39.4,0.330564,-0.000051,0.000123,-0.007357,0.075593,0.997112,0.436852,0.073422,0.896532
39.41,0.338527,-0.000098,0.000176,0.001267,0.075107,0.997175,0.436755,0.069507,0.896891
39.42,0.346319,0.000008,-0.000156,0.005222,0.071177,0.99745,0.440908,0.069147,0.894885
39.43,0.354054,0.000091,0.000027,-0.002996,0.076931,0.997032,0.450388,0.065958,0.890393
39.44,0.361994,-0.000025,-0.000038,0.006088,0.076152,0.997078,0.437963,0.077746,0.895625
39.45,0.369558,-0.000005,0.000124,0.001975,0.079167,0.996859,0.431867,0.08097,0.898296
39.46,0.377161,0.000083,0.000002,-0.0005,0.095403,0.995439,0.454223,0.081922,0.887114
39.47,0.384825,-0.000141,-0.000019,0.00197,0.097626,0.995221,0.436936,0.090346,0.894944
39.48,0.392421,-0.000089,0.000012,0.000145,0.102824,0.9947,0.43954,0.086264,0.894071
39.49,0.399933,-0.000009,0.000119,0.012806,0.103533,0.994544,0.450182,0.095059,0.887863
39.5,0.407522,0.000059,0.000069,-0.007251,0.108339,0.994088,0.44555,0.099795,0.889678
39.51,0.414866,-0.00017,0.000021,-0.007276,0.115999,0.993223,0.441663,0.092469,0.892403
39.52,0.422257,-0.000191,0.000197,-0.008189,0.113609,0.993492,0.437366,0.100359,0.893666
39.53,0.429532,0.000001,0.000101,0.004231,0.111487,0.993757,0.441472,0.108036,0.890747
39.54,0.436993,0.000197,0.000053,-0.005165,0.125522,0.992077,0.443276,0.114113,0.889092
39.55,0.444218,0.000125,-0.000019,-0.006426,0.128361,0.991707,0.45118,0.109564,0.885682
39.56,0.451383,-0.000119,-0.000005,0.002093,0.11049,0.993875,0.441681,0.114852,0.889791
39.57,0.458687,-0.000001,-0.000083,0.004514,0.146348,0.989223,0.446585,0.11854,0.886854
39.58,0.465837,0.000167,-0.000011,0.004849,0.143272,0.989672,0.438399,0.124031,0.890181
39.59,0.472867,0.000031,0.000158,0.002711,0.144733,0.989467,0.443161,0.128097,0.887243
39.6,0.47984,-0.000116,-0.000038,-0.000834,0.15052,0.988607,0.440132,0.129978,0.888476
39.61,0.486964,0.000049,-0.00014,-0.002023,0.155147,0.987889,0.446811,0.136347,0.884177
39.62,0.493592,-0.00014,-0.000081,0.002098,0.164308,0.986407,0.45009,0.135074,0.882708
39.63,0.500678,-0.000011,0.000225,-0.003787,0.154793,0.98794,0.443317,0.157226,0.882468
39.64,0.507518,-0.00002,0.000156,0.010037,0.170484,0.985309,0.45376,0.151916,0.878079
39.65,0.514118,-0.000154,0.000055,-0.003775,0.17365,0.9848,0.450474,0.160094,0.878319
39.66,0.520974,-0.000174,0.000131,0.001782,0.172069,0.985083,0.440764,0.167281,0.881898
39.67,0.527603,-0.000075,0.000067,0.000177,0.187372,0.982289,0.447717,0.169172,0.878026
39.68,0.534081,-0.000023,0.000123,0.000454,0.191388,0.981514,0.437657,0.17277,0.882387
39.69,0.540554,0.000062,0.000129,-0.004278,0.195731,0.980648,0.444124,0.167954,0.880083
39.7,0.547166,-0.000205,-0.000113,0.001533,0.203735,0.979025,0.437239,0.179923,0.881164
39.71,0.553547,-0.000083,-0.00001,0.00258,0.203096,0.979155,0.442821,0.182442,0.877852
39.72,0.559758,-0.00015,0.000026,0.00686,0.215089,0.97657,0.444848,0.192151,0.87475
39.73,0.56604,-0.000089,0.000094,0.003376,0.214321,0.976757,0.446536,0.188439,0.874698
39.74,0.572216,0.000069,-0.000145,0.002041,0.221801,0.97509,0.445191,0.204793,0.871702
39.75,0.578696,-0.000151,0.000103,0.012414,0.230027,0.973105,0.442405,0.204805,0.873117
39.76,0.584645,-0.000031,0.000118,0.010846,0.230207,0.973081,0.443781,0.207803,0.871709
39.77,0.590581,-0.000187,0.000082,-0.00216,0.236526,0.971623,0.445119,0.208606,0.870834
39.78,0.596653,-0.00008,-0.000099,-0.00974,0.253203,0.967364,0.44257,0.224505,0.868176
39.79,0.602394,-0.000002,0.000078,-0.00791,0.250622,0.968053,0.445441,0.219809,0.867909
39.8,0.608375,0.000019,0.000097,-0.00131,0.250934,0.968003,0.444866,0.221034,0.867893
39.81,0.613862,0.000167,0.000056,-0.006275,0.262366,0.964948,0.445061,0.232254,0.864858
39.82,0.619812,-0.000061,0.000038,-0.006446,0.27015,0.962797,0.444191,0.243277,0.862271
39.83,0.625369,0.000109,0.000187,-0.007577,0.2738,0.961757,0.442589,0.245915,0.862346
39.84,0.630978,0.000146,0.000017,0.005184,0.285211,0.958451,0.434571,0.255839,0.863536
39.85,0.636459,-0.000071,0.000167,-0.000259,0.281435,0.95958,0.436453,0.260727,0.861121
39.86,0.641836,0.000057,0.000205,-0.003475,0.28914,0.957281,0.4441,0.246638,0.861362
39.87,0.646999,0.000163,0.000081,0.009104,0.290731,0.956761,0.441162,0.272842,0.854946
39.88,0.652434,-0.000201,0.000025,0.004317,0.302938,0.953,0.438648,0.276452,0.85508
39.89,0.657464,-0.000022,0.000037,-0.007293,0.313139,0.949679,0.450615,0.284617,0.846132
39.9,0.662967,-0.000059,0.000148,-0.003538,0.319152,0.947697,0.444776,0.289522,0.847556
39.91,0.667971,0.000154,0.00003,0.003351,0.326215,0.94529,0.439438,0.286408,0.85139
39.92,0.672924,-0.000165,-0.000046,-0.000124,0.332315,0.943168,0.437022,0.301575,0.847387
39.93,0.677747,-0.000032,-0.000056,0.009071,0.338703,0.94085,0.446922,0.300354,0.842643
39.94,0.682576,0.000033,0.000012,-0.002948,0.346315,0.938114,0.438834,0.305134,0.845173
39.95,0.687365,-0.000109,0.000176,-0.005016,0.349959,0.936752,0.442198,0.316241,0.839317
39.96,0.692229,-0.000011,0.000043,0.007537,0.351932,0.935995,0.443032,0.307221,0.842222
39.97,0.696834,0.000013,-0.000007,0.002293,0.358683,0.933457,0.441123,0.331989,0.833783
39.98,0.701103,-0.000082,0.000249,0.005214,0.372799,0.927898,0.446542,0.335516,0.829476
39.99,0.705632,0.000229,0.000053,0.005619,0.375622,0.926756,0.443322,0.332629,0.83236
40,0.71005,0.000089,0.000031,-0.002492,0.386037,0.92248,0.445194,0.341499,0.827757
40.01,0.71441,-0.000122,-0.000058,0.005634,0.388625,0.921379,0.43439,0.348191,0.830703
40.02,0.718538,-0.000009,-0.000006,0.000511,0.396673,0.91796,0.452897,0.351423,0.819382
40.03,0.722578,0.000014,0.000038,0.008041,0.408625,0.912667,0.440177,0.358418,0.823274
40.04,0.726798,-0.000084,-0.000148,-0.002569,0.4102,0.911992,0.446457,0.366605,0.816258
40.05,0.730956,-0.000072,0.000101,0.000907,0.412221,0.911083,0.440394,0.373484,0.816433
40.06,0.734848,0.000072,0.000071,-0.003492,0.424113,0.905602,0.431345,0.377977,0.819192
40.07,0.738554,-0.000001,0.000135,0.005668,0.440382,0.897792,0.438762,0.377747,0.815349
40.08,0.742354,-0.000069,0.000094,-0.002629,0.436663,0.899621,0.438735,0.388381,0.810353
40.09,0.746003,0.000033,0.000072,0.003663,0.440834,0.897581,0.448188,0.388983,0.804873
40.1,0.749677,-0.000011,0.000133,0.008762,0.45092,0.892521,0.443024,0.398664,0.802992
40.11,0.753061,-0.00008,-0.000031,0.005075,0.463863,0.885892,0.437712,0.40479,0.802841
40.12,0.756464,0.000019,0.000167,0.002398,0.457269,0.889325,0.442489,0.413769,0.795612
40.13,0.759808,-0.000075,0.000008,0.002381,0.473804,0.880627,0.433433,0.428026,0.793051
40.14,0.763185,-0.000019,0.000009,-0.006316,0.477599,0.878556,0.442902,0.421922,0.791088
40.15,0.766307,-0.000147,0.000064,-0.004782,0.481536,0.876413,0.444656,0.432789,0.784203
40.16,0.769323,-0.000041,-0.00005,0.008214,0.492136,0.87048,0.449681,0.435505,0.779822
40.17,0.772417,0.000122,-0.000065,0.0017,0.492768,0.870159,0.441491,0.444133,0.779636
40.18,0.775257,0.000029,0.000256,0.006138,0.497418,0.867489,0.442788,0.447331,0.777067
40.19,0.778042,-0.000114,0.000053,0.011226,0.514948,0.857148,0.442213,0.456525,0.772032
40.2,0.781006,-0.000023,0.000077,-0.01521,0.518272,0.855081,0.44275,0.465138,0.766563
40.21,0.783646,-0.00022,-0.00014,-0.000213,0.525672,0.850687,0.434869,0.461675,0.773139
40.22,0.786144,0.000041,-0.00007,0.003528,0.529443,0.848338,0.437964,0.481541,0.759148
40.23,0.788599,-0.000025,0.000073,0.002521,0.538216,0.842803,0.438069,0.489706,0.753846
40.24,0.790883,-0.000069,-0.000025,-0.005971,0.546236,0.83761,0.440107,0.495479,0.74887
40.25,0.793276,-0.000049,0.000204,-0.004073,0.545837,0.837881,0.437624,0.492851,0.752053
40.26,0.795557,-0.00017,0.000091,-0.010566,0.547137,0.836977,0.441853,0.501961,0.743506
40.27,0.797771,-0.000004,0.000151,-0.00079,0.569028,0.822318,0.448588,0.504926,0.73744
40.28,0.799694,0.000034,-0.00003,-0.007283,0.569865,0.821706,0.44146,0.512208,0.73672
40.29,0.801734,-0.000152,0.000169,0.001982,0.572255,0.820073,0.447191,0.514008,0.731995
40.3,0.803407,-0.000218,0.000101,-0.001609,0.584235,0.811583,0.451632,0.524857,0.721494
40.31,0.805318,-0.000018,0.000092,-0.00874,0.587453,0.809211,0.446198,0.530053,0.721076
40.32,0.807033,-0.000108,0.000073,-0.001521,0.588295,0.808645,0.436237,0.538492,0.720918
40.33,0.80868,0.000015,0.000231,-0.000431,0.60088,0.799339,0.4382,0.543961,0.715603
40.34,0.810109,-0.000023,0.000104,0.000297,0.60934,0.792909,0.453984,0.53368,0.713501
40.35,0.811571,-0.000136,0.000003,-0.006287,0.610717,0.791824,0.44227,0.556142,0.703636
40.36,0.813053,-0.000053,0.000108,-0.014251,0.620142,0.78436,0.446821,0.559482,0.698091
40.37,0.814151,0.000011,-0.000007,-0.004269,0.634244,0.773121,0.446119,0.56502,0.694068
40.38,0.81531,-0.000019,0.000058,-0.008883,0.637942,0.770033,0.447724,0.56632,0.691972
40.39,0.816597,-0.000174,0.000099,0.003907,0.637521,0.770423,0.449329,0.567917,0.689619
40.4,0.817599,0.000093,0.000019,-0.005029,0.643747,0.765222,0.445373,0.57087,0.689746
40.41,0.818294,-0.000073,0.000081,-0.001464,0.650837,0.759216,0.444684,0.578666,0.683668
40.42,0.819182,0.000003,0.000107,0.000964,0.656917,0.753962,0.444233,0.591314,0.673057
40.43,0.81979,-0.00013,-0.000056,0.00572,0.666842,0.745177,0.445386,0.594665,0.669332
40.44,0.820397,-0.000038,0.000081,-0.004862,0.668804,0.743423,0.444724,0.60069,0.664373
40.45,0.821284,0.000019,0.000055,-0.00159,0.672585,0.740018,0.440909,0.60874,0.659571
40.46,0.821636,-0.000094,0.000084,-0.00066,0.680199,0.733027,0.441411,0.614432,0.653934
40.47,0.821956,0.000042,0.00009,-0.008902,0.69176,0.722073,0.441961,0.622097,0.646271
40.48,0.822108,-0.00014,0.00004,0.001735,0.69735,0.716729,0.45145,0.615879,0.645667
40.49,0.822267,0.000033,0.000041,-0.000758,0.703246,0.710947,0.449231,0.624553,0.638847
40.5,0.822461,-0.000173,0.000141,-0.000952,0.712985,0.701178,0.443864,0.634521,0.632746
40.51,0.822334,-0.000168,-0.00007,-0.001354,0.712575,0.701594,0.459865,0.628575,0.62723
40.52,0.822264,0.000072,0.000117,0.002947,0.717095,0.696969,0.439544,0.645891,0.6242
40.53,0.822035,-0.000021,0.000044,-0.001307,0.723458,0.690367,0.444724,0.647697,0.618635
40.54,0.821729,-0.000117,-0.000129,0.001231,0.732483,0.680785,0.442061,0.655557,0.612231
40.55,0.821431,-0.000266,-0.000018,-0.006677,0.73073,0.682634,0.439945,0.661279,0.607584
40.56,0.820974,-0.0001,-0.00002,0.007085,0.742709,0.669577,0.43736,0.669533,0.600367
40.57,0.82062,-0.00006,0.000075,-0.002764,0.748494,0.663136,0.446864,0.66175,0.601996
40.58,0.819954,0.000052,0.000114,-0.002103,0.752628,0.658443,0.442854,0.669855,0.595965
40.59,0.819116,-0.000127,-0.000016,-0.003258,0.755029,0.655683,0.429417,0.684074,0.589613
40.6,0.818313,-0.000028,0.000046,0.004471,0.755353,0.655303,0.446662,0.682383,0.578659
40.61,0.817553,-0.000038,0.000214,-0.000065,0.772757,0.634702,0.445827,0.683287,0.578237
40.62,0.816557,-0.000072,0.00013,-0.004962,0.769933,0.638106,0.449201,0.691227,0.566061
40.63,0.815128,0.000094,0.00009,-0.000286,0.777778,0.628539,0.449284,0.696043,0.560062
40.64,0.814252,-0.000179,0.000279,0.001323,0.779668,0.626192,0.446746,0.697998,0.559657
40.65,0.812935,-0.000041,0.000154,-0.008894,0.786761,0.617194,0.441729,0.708846,0.549921
40.66,0.811594,-0.000105,0.000112,-0.002254,0.797633,0.603139,0.436121,0.718084,0.54236
40.67,0.810084,0.000038,0.000066,-0.00252,0.801757,0.597645,0.439892,0.716729,0.541105
40.68,0.80875,-0.000137,0.000165,0.001908,0.80306,0.595894,0.441602,0.715246,0.541674
40.69,0.807062,0.000148,-0.000005,-0.007553,0.810244,0.586045,0.442483,0.723855,0.52938
40.7,0.805499,0.000034,0.000124,0.001953,0.815043,0.579398,0.440426,0.732505,0.519096
40.71,0.803478,0.000021,0.000113,0.001688,0.824257,0.566213,0.447353,0.733975,0.511034
40.72,0.80159,-0.000132,-0.000015,-0.009635,0.826914,0.562246,0.444876,0.736004,0.510278
40.73,0.799827,-0.000015,0.000137,0.013481,0.833229,0.552764,0.446686,0.74151,0.500634
40.74,0.797668,-0.000018,0.000073,0.003449,0.830587,0.556878,0.447388,0.73907,0.503607
40.75,0.795464,0.00008,0.000069,0.003324,0.835252,0.549857,0.443085,0.75014,0.490882
40.76,0.793292,-0.000152,0.000081,-0.000177,0.837865,0.545877,0.438019,0.754851,0.488201
40.77,0.790895,-0.000073,0.000146,0.000424,0.84377,0.536704,0.444906,0.752291,0.485919
40.78,0.788455,-0.000047,0.00011,-0.000862,0.847474,0.530836,0.441563,0.758391,0.479442
40.79,0.786166,-0.000075,0.000082,-0.010609,0.850609,0.525691,0.449074,0.762163,0.466305
40.8,0.783513,-0.000129,-0.000137,-0.000018,0.854551,0.519367,0.443751,0.766995,0.463469
40.81,0.780654,0.000025,0.000063,0.003231,0.859397,0.511298,0.439706,0.774654,0.454499
40.82,0.777959,-0.000086,0.000018,0.003425,0.862477,0.506085,0.44242,0.772033,0.456323
40.83,0.775215,-0.000031,0.00025,0.000864,0.868269,0.496092,0.439794,0.778331,0.448087
40.84,0.772259,-0.000016,-0.000015,-0.001276,0.872152,0.489234,0.439017,0.782088,0.442269
40.85,0.769271,-0.000107,0.000033,-0.000517,0.87926,0.476341,0.44632,0.785574,0.42857
40.86,0.766191,0.000002,0.000073,-0.00041,0.881461,0.472256,0.441114,0.789024,0.427621
40.87,0.76299,0.000142,-0.000051,0.002109,0.885226,0.465157,0.445384,0.791639,0.41826
40.88,0.759847,0.000165,-0.00001,-0.008315,0.886793,0.462091,0.445485,0.789537,0.422106
40.89,0.756596,0.000098,0.000084,0.013077,0.890151,0.455477,0.442272,0.800638,0.404196
40.9,0.752893,0.000098,0.000062,0.004562,0.893425,0.44919,0.444199,0.800132,0.403083
40.91,0.749506,0.000085,-0.000011,-0.001338,0.895916,0.444221,0.44159,0.803389,0.399455
40.92,0.746064,-0.000078,0.000101,0.000262,0.895598,0.444863,0.443962,0.806213,0.391047
40.93,0.742206,-0.000064,-0.000028,-0.00286,0.903811,0.427923,0.441004,0.813696,0.378701
40.94,0.73849,-0.000012,0.000038,0.002478,0.908023,0.418914,0.439278,0.815788,0.376199
40.95,0.734741,0.000086,0.000043,-0.002774,0.910076,0.414432,0.442138,0.812251,0.380477
40.96,0.730648,-0.000054,0.000061,0.008501,0.913446,0.406872,0.444966,0.815267,0.370602
40.97,0.726914,0.000063,0.000138,0.009553,0.913438,0.406867,0.443437,0.821629,0.358174
40.98,0.722733,0.000029,-0.000075,-0.003451,0.915991,0.401185,0.445167,0.820588,0.358417
40.99,0.71872,0.00001,0.000099,0.006586,0.919847,0.392223,0.436807,0.826706,0.354623
41,0.714343,-0.000024,-0.000006,0.005674,0.920678,0.390281,0.449691,0.823864,0.345002
41.01,0.710121,-0.000147,0.00014,0.007545,0.927758,0.373105,0.443177,0.829585,0.339681
41.02,0.705734,0.000152,0.00005,0.001806,0.929957,0.367664,0.447429,0.829068,0.335342
41.03,0.701216,-0.000012,0.000057,0.002728,0.93126,0.364345,0.435796,0.837299,0.33017
41.04,0.696676,-0.000127,-0.000045,-0.005648,0.935905,0.352206,0.441536,0.840793,0.313229
41.05,0.69202,-0.000055,-0.000052,0.001351,0.936078,0.35179,0.441059,0.837764,0.321899
41.06,0.687277,-0.000054,0.00012,0.0028,0.938898,0.344184,0.441693,0.842622,0.308052
41.07,0.682597,0.000032,0.00014,0.011397,0.939156,0.343303,0.447669,0.841757,0.301724
41.08,0.677841,-0.000066,0.000018,0.007406,0.943349,0.331719,0.438374,0.849048,0.294865
41.09,0.672691,-0.00009,0.000095,-0.008356,0.94769,0.319082,0.440942,0.849278,0.290341
41.1,0.667771,0.000092,0.000181,-0.006928,0.946259,0.323337,0.44121,0.849343,0.28974
41.11,0.662773,0.000053,-0.000073,0.002861,0.949344,0.314227,0.451785,0.846795,0.280763
41.12,0.657577,-0.000062,0.000054,0.003846,0.953306,0.301983,0.449789,0.849815,0.274783
41.13,0.652447,-0.000106,0.000229,0.000305,0.954693,0.297594,0.439506,0.856728,0.269911
41.14,0.647211,-0.000003,0.000114,-0.003946,0.95652,0.291639,0.443223,0.855669,0.267178
41.15,0.64185,-0.000049,0.000004,-0.00346,0.955196,0.295953,0.44035,0.861321,0.253414
41.16,0.636269,0.000104,-0.000028,0.000807,0.958828,0.283986,0.442508,0.857999,0.260814
41.17,0.630776,-0.000101,-0.000089,0.002534,0.963178,0.268853,0.442066,0.865167,0.236778
41.18,0.625543,0.000004,0.000179,-0.009508,0.965646,0.259688,0.449869,0.859894,0.241247
41.19,0.619867,0.000022,0.000105,-0.007319,0.963454,0.267775,0.440744,0.866841,0.233092
41.2,0.613978,-0.000036,0,0.004941,0.966132,0.258001,0.446159,0.864489,0.23152
41.21,0.608283,-0.000091,0.000166,-0.003925,0.968828,0.247703,0.445982,0.86773,0.219422
41.22,0.602517,-0.000038,-0.000095,0.012511,0.970008,0.242751,0.442962,0.869707,0.217704
41.23,0.596614,0.00005,0.000048,-0.000872,0.972146,0.234376,0.452371,0.865917,0.213421
41.24,0.59048,0.00001,0.000147,-0.001516,0.972176,0.234246,0.443423,0.872642,0.204628
41.25,0.584395,0.000022,-0.000108,0.008557,0.974882,0.222559,0.437455,0.874482,0.209559
41.26,0.578483,0.000127,0.000062,-0.00597,0.976342,0.216151,0.439896,0.876394,0.196023
41.27,0.572365,-0.000057,0.000053,-0.00656,0.975479,0.219995,0.439938,0.877843,0.189332
41.28,0.566315,0.00009,0.000026,0.0011,0.976985,0.213304,0.441651,0.8771,0.188788
41.29,0.559794,-0.000027,0.000249,0.000011,0.979508,0.201404,0.445366,0.876705,0.181763
41.3,0.553507,0.00007,0.000021,0.003875,0.979948,0.199215,0.440483,0.879858,0.178392
41.31,0.546974,0.000089,0.000047,-0.002069,0.98095,0.194251,0.443003,0.877449,0.183933
41.32,0.540557,-0.00009,-0.000006,-0.006512,0.982866,0.184206,0.441497,0.881293,0.168535
41.33,0.534053,-0.000166,0.00016,-0.01522,0.980052,0.198156,0.445201,0.882258,0.153026
41.34,0.527563,0.000058,0.000023,-0.009283,0.983088,0.1829,0.438758,0.884018,0.161254
41.35,0.520923,-0.000014,0.000158,-0.001128,0.98562,0.168971,0.446251,0.880859,0.157948
41.36,0.514272,0.000003,-0.000004,-0.003968,0.986513,0.163632,0.443187,0.88477,0.144109
41.37,0.507343,-0.0001,-0.000003,-0.001007,0.985811,0.167856,0.434098,0.889379,0.143401
41.38,0.500596,-0.000139,0.000201,0.0085,0.984582,0.174717,0.439513,0.886173,0.146715
41.39,0.493808,-0.000208,-0.000043,0.000762,0.989026,0.147742,0.442764,0.885642,0.139992
41.4,0.48675,-0.000008,0.000148,0.001213,0.988162,0.153407,0.435323,0.889617,0.138116
41.41,0.479814,0.000026,0.000029,0.00012,0.989579,0.143989,0.440827,0.888967,0.124134
41.42,0.472983,0.000092,0.000081,-0.002014,0.990068,0.140572,0.446152,0.887582,0.114656
41.43,0.465872,-0.000029,0.000021,0.003195,0.991392,0.130886,0.449605,0.885056,0.120544
41.44,0.458582,0,0.000047,0.006011,0.990548,0.137036,0.447757,0.885938,0.120946
41.45,0.451477,-0.000035,0.000037,0.003344,0.991207,0.132275,0.438894,0.892174,0.106764
41.46,0.444196,-0.000075,0.000155,-0.000737,0.992067,0.125711,0.450347,0.88574,0.112481
41.47,0.436995,0.000095,-0.000049,0.005489,0.992986,0.118104,0.446801,0.888427,0.1052
41.48,0.429576,-0.000017,0.000122,0.007803,0.992755,0.119905,0.441475,0.89136,0.102849
41.49,0.422271,0.000027,0.000136,0.008061,0.993956,0.109479,0.446072,0.889975,0.094677
41.5,0.415011,-0.000039,0.000049,0.007562,0.994918,0.100405,0.449748,0.887129,0.103581
41.51,0.407311,-0.000027,0.000078,0.002453,0.995162,0.098215,0.440236,0.892794,0.095448
41.52,0.400078,-0.000141,-0.000021,-0.001836,0.99496,0.100259,0.453905,0.887519,0.079246
41.53,0.392317,0.000051,-0.00017,-0.005546,0.995739,0.092049,0.445336,0.891983,0.077733
41.54,0.38472,0.000153,0.000112,0.000187,0.996371,0.085118,0.433932,0.897442,0.079381
41.55,0.377065,-0.000034,0.000128,0.001759,0.996625,0.082073,0.44134,0.893887,0.078639
41.56,0.369557,-0.000048,-0.000016,0.000169,0.996692,0.081276,0.436291,0.897055,0.070311
41.57,0.361868,-0.000029,0.000125,0.001859,0.997065,0.07654,0.438897,0.89626,0.063929
41.58,0.354075,-0.00007,0.000181,0.008216,0.996079,0.088082,0.443338,0.8941,0.063539
41.59,0.346203,0.000009,-0.000002,-0.008531,0.997882,0.064488,0.44313,0.893868,0.068094
41.6,0.338396,-0.000051,-0.000005,-0.008791,0.998545,0.053203,0.44214,0.894584,0.06506
41.61,0.330569,0.000087,0.000218,-0.002678,0.998234,0.05935,0.44543,0.893501,0.056994
41.62,0.32277,-0.000044,0.000182,-0.002426,0.998318,0.057917,0.442826,0.894806,0.056808
41.63,0.31474,0.00013,-0.000057,0.004791,0.997677,0.067956,0.444747,0.893425,0.063184
41.64,0.30686,-0.000081,0.000156,-0.000155,0.998248,0.059176,0.442885,0.895173,0.050178
41.65,0.29868,0.000052,0.000029,0.001215,0.998037,0.062621,0.447446,0.893273,0.043069
41.66,0.290515,-0.000114,0.000032,-0.002263,0.998016,0.062925,0.444441,0.8945,0.048385
41.67,0.28261,-0.000226,-0.000052,-0.003538,0.998794,0.048979,0.434997,0.899775,0.034389
41.68,0.27444,-0.000047,0.000073,-0.012199,0.999166,0.038976,0.446539,0.89383,0.040871
41.69,0.266298,-0.000162,0.00008,0.007364,0.999359,0.035038,0.445343,0.894806,0.031497
41.7,0.258179,0.000049,0.000007,-0.00673,0.999468,0.031913,0.447704,0.893719,0.028748
41.71,0.250073,-0.000107,0.000077,0.000185,0.999184,0.040388,0.443276,0.89561,0.037279
41.72,0.241806,0.000011,-0.000028,0.000311,0.999275,0.038071,0.444235,0.895457,0.028502
41.73,0.233542,-0.000103,0.00004,0.002502,0.999666,0.025737,0.437894,0.898673,0.025196
41.74,0.225337,0.000234,0.000057,0.008124,0.999594,0.027301,0.441771,0.896659,0.029
41.75,0.217049,-0.000019,0.000153,0.003277,0.999845,0.017277,0.447439,0.894134,0.017977
41.76,0.208708,0.000063,0.000085,-0.003316,0.999652,0.026152,0.443797,0.895846,0.022442
41.77,0.200536,0.000092,-0.000096,0.001244,0.999848,0.017395,0.444963,0.895355,0.018662
41.78,0.191987,-0.000022,-0.00014,-0.002218,0.999794,0.020183,0.436319,0.899741,0.009552
41.79,0.1835,-0.000069,-0.000011,0.001779,0.999872,0.015931,0.439575,0.898139,0.010962
41.8,0.175182,-0.000186,0.000119,-0.003168,0.999896,0.014038,0.436571,0.899657,0.004824
41.81,0.166814,0.000003,0.000025,-0.000337,0.999748,0.022437,0.43636,0.899594,0.017922
41.82,0.158304,-0.000069,0.000154,-0.003741,0.999863,0.01615,0.438286,0.898825,0.004256
41.83,0.149887,0.000147,0.000022,0.008549,0.999945,0.006138,0.446776,0.894608,0.008198
41.84,0.141494,-0.000079,0.000039,0.003935,0.999935,0.010707,0.436248,0.899811,-0.005309
41.85,0.132783,0.000018,0.000049,-0.001455,0.999902,0.013909,0.435251,0.900308,0.001274
41.86,0.124422,0.000102,0.000049,0.001709,0.99995,0.00982,0.447837,0.894039,0.011659
41.87,0.11588,0.000051,0.000049,-0.006163,0.999941,0.008897,0.442826,0.896592,0.005215
41.88,0.107266,0.000003,0.000098,0.003596,0.999957,0.008582,0.448085,0.893988,-0.002444
41.89,0.098838,0.000045,-0.000004,-0.005614,0.99994,0.009402,0.443638,0.896193,0.004823
41.9,0.090253,0.00008,0.000014,0.005625,0.999948,0.008452,0.439472,0.89822,0.008147
41.91,0.08168,-0.000082,0.000069,0.000239,0.999914,0.013141,0.447414,0.894268,0.010277
41.92,0.073225,-0.000013,-0.00003,0.006336,0.999975,-0.003252,0.437536,0.899158,-0.008767
41.93,0.064521,-0.000009,0.000152,-0.003776,0.999992,-0.001149,0.440081,0.897958,0.000983
41.94,0.055781,-0.000108,0.000047,0.001827,0.999937,0.011055,0.442146,0.896943,0.000168
41.95,0.04717,0.000071,-0.000123,0.006021,0.999883,0.014038,0.443626,0.89621,0.001602
41.96,0.038632,-0.000157,-0.000003,-0.000063,0.999964,-0.00854,0.452059,0.891987,-0.001264
41.97,0.030169,0.000025,0.000135,0.000694,1,0.000377,0.444297,0.895839,0.008555
41.98,0.021544,-0.000206,0.000081,0.002905,0.99998,0.005656,0.445487,0.895288,-0.000701
41.99,0.012718,-0.000072,0.00002,-0.003739,0.999987,0.003518,0.443838,0.896107,0.000665
42,0.00422,0.000015,-0.000017,0.00513,0.999984,0.002208,0.445826,0.895119,-0.00087
42.01,-0.004194,0.000024,0.000158,0.005315,0.999984,-0.002044,0.433722,0.90103,-0.00552
42.02,-0.012891,0.00005,0.000051,0.011032,0.999933,0.003617,0.444851,0.895605,0.00054
42.03,-0.021397,-0.00012,0.000095,-0.000644,0.999998,-0.001828,0.449032,0.89349,0.006767
42.04,-0.030176,-0.000048,0.000082,0.000331,0.999981,0.006235,0.440409,0.897702,0.013057
42.05,-0.038848,0.000048,0.000123,-0.006329,0.99998,-0.000892,0.449277,0.89338,0.004723
42.06,-0.047374,0.000037,-0.000037,-0.003982,0.999983,0.004292,0.440589,0.897694,-0.005219
42.07,-0.056137,-0.000079,0.000034,0.005602,0.999968,0.005641,0.445168,0.895444,0.002323
42.08,-0.06435,-0.000048,0.000145,-0.00229,0.999992,-0.003242,0.43924,0.898317,0.009715
42.09,-0.073077,0.000157,0.000065,0.006395,0.99998,0.000221,0.450182,0.892933,0.002718
42.1,-0.081668,-0.000045,-0.000021,0.000205,0.999977,-0.006797,0.447056,0.894506,0.0008
42.11,-0.090379,-0.000096,0.000179,0.000772,0.999993,-0.003528,0.447313,0.894367,0.004315
42.12,-0.098822,-0.000041,0.000056,-0.002371,0.999956,0.009094,0.438663,0.898618,0.007797
42.13,-0.107441,-0.000031,0.000051,-0.001727,0.999964,0.008304,0.445881,0.895075,0.005606
42.14,-0.115868,0.000052,-0.000089,0.005633,0.999947,0.008672,0.441054,0.897426,0.009887
42.15,-0.124425,0.000092,-0.000035,-0.001271,0.999895,0.014437,0.440522,0.897741,0.00075
42.16,-0.132974,-0.000013,0.000151,-0.003286,0.999946,0.00983,0.443059,0.896462,0.007415
42.17,-0.141392,-0.000047,0.000098,-0.006779,0.999789,0.019404,0.443017,0.896509,0.002645
42.18,-0.14983,0.000006,0.000217,-0.005741,0.99997,0.005248,0.450957,0.892411,0.015523
42.19,-0.158344,-0.00012,-0.000014,-0.001061,0.999677,0.025409,0.451106,0.892293,0.017789
42.2,-0.166835,-0.000046,0.000109,0.002448,0.999734,0.022926,0.449502,0.893175,0.013681
42.21,-0.175217,0.000122,0.000125,-0.002177,0.999882,0.015184,0.440197,0.897613,0.022739
42.22,-0.183524,-0.000094,0.000017,-0.003169,0.999978,0.005815,0.457724,0.888907,0.018237
42.23,-0.191979,-0.00002,0.00011,0.003143,0.999614,0.027622,0.44939,0.892921,0.027204
42.24,-0.200381,-0.000082,0.000204,-0.004098,0.999839,0.01749,0.44946,0.892974,0.024153
42.25,-0.208645,-0.000163,0.000001,0.005719,0.9998,0.01914,0.44944,0.893027,0.022501
42.26,-0.217062,0.000032,0.000049,-0.01722,0.999311,0.032889,0.442234,0.896318,0.032295
42.27,-0.225478,0.000045,0.000037,-0.006888,0.999485,0.031342,0.441896,0.896526,0.031141
42.28,-0.233525,-0.000001,0.000143,-0.001049,0.999495,0.031744,0.447068,0.893977,0.030573
42.29,-0.241802,0.00005,0.000011,0.009582,0.99943,0.03236,0.448217,0.893229,0.03526
42.3,-0.250004,-0.000009,-0.000054,-0.001543,0.998942,0.04597,0.441265,0.896671,0.035593
42.31,-0.258319,-0.000056,0.000096,0.000013,0.999081,0.042854,0.447574,0.893476,0.037115
42.32,-0.266388,-0.000124,0.000119,0.015661,0.998573,0.051051,0.440788,0.896214,0.050057
42.33,-0.274587,-0.000119,0.000128,-0.000268,0.998755,0.049874,0.450436,0.891378,0.050523
42.34,-0.282751,-0.000131,0.000121,0.006566,0.998798,0.048584,0.437563,0.8978,0.049935
42.35,-0.290679,-0.000084,0.000148,-0.00516,0.997928,0.06413,0.447578,0.892959,0.047939
42.36,-0.298711,-0.000072,0.00023,0.000721,0.998714,0.050701,0.443734,0.895034,0.044872
42.37,-0.306811,-0.000007,-0.000152,-0.001402,0.997924,0.064393,0.442571,0.895041,0.055063
42.38,-0.314725,-0.00008,0.000094,0.001418,0.998459,0.055468,0.444994,0.893319,0.062943
42.39,-0.322869,0.000074,0.000183,-0.003415,0.998507,0.054517,0.433396,0.899378,0.057335
42.4,-0.33046,-0.000284,0.000107,-0.002864,0.997093,0.076136,0.44545,0.893012,0.064056
42.41,-0.338462,-0.000289,-0.000008,-0.009364,0.997079,0.0758,0.446876,0.891894,0.069478
42.42,-0.346331,0.000098,-0.000016,-0.012954,0.997117,0.074761,0.440279,0.895552,0.064344
42.43,-0.354098,-0.000031,0.000088,0.004639,0.997606,0.068999,0.442096,0.894039,0.072428
42.44,-0.361905,0.000052,0.000141,0.003028,0.996712,0.080965,0.438894,0.895456,0.074364
42.45,-0.369703,0.000072,-0.000008,-0.000107,0.995995,0.089412,0.443485,0.893656,0.068554
42.46,-0.377282,0.000073,0.000066,0.000072,0.995922,0.090221,0.445246,0.891685,0.081578
42.47,-0.384841,0.000044,0.000109,-0.003044,0.995893,0.090491,0.445961,0.890824,0.086898
42.48,-0.392528,-0.000108,0.000117,0.00416,0.995441,0.095287,0.440326,0.893925,0.083733
42.49,-0.399962,0.000006,0.000041,0.005084,0.994536,0.104272,0.453518,0.88687,0.088224
42.5,-0.407457,-0.000027,-0.000062,-0.002762,0.994171,0.107775,0.44768,0.88972,0.089331
42.51,-0.414966,0.000019,0.000125,-0.005105,0.9931,0.117159,0.443568,0.890131,0.10447
42.52,-0.422481,-0.00009,0.000087,-0.002175,0.99212,0.125273,0.445434,0.889287,0.103711
42.53,-0.429809,-0.00003,0.00014,-0.010192,0.991816,0.12727,0.448494,0.887161,0.108624
42.54,-0.437056,0.000135,0.000084,-0.000963,0.993187,0.116527,0.446742,0.887242,0.11499
42.55,-0.444213,0.000069,0.00028,-0.014523,0.991529,0.129068,0.438362,0.889871,0.126364
42.56,-0.451583,-0.000031,0.000173,0.006622,0.992122,0.125099,0.44367,0.888559,0.116699
42.57,-0.458803,-0.000063,0.000081,-0.010241,0.989726,0.142609,0.44164,0.888713,0.123061
42.58,-0.465848,-0.000144,0.000082,0.002003,0.988914,0.148478,0.435256,0.890405,0.133155
42.59,-0.47298,-0.000024,0.000076,-0.002811,0.988743,0.149596,0.44716,0.884227,0.134869
42.6,-0.47999,0.000071,0.000103,-0.002393,0.989031,0.14769,0.444227,0.885769,0.134448
42.61,-0.486957,-0.000015,0.000151,0.003349,0.988229,0.152944,0.439812,0.887516,0.137408
42.62,-0.493787,0.000089,0.000049,0.001392,0.987624,0.156833,0.444026,0.883688,0.148108
42.63,-0.500703,0.000154,0.000058,0.000873,0.987161,0.159727,0.448243,0.882054,0.145116
42.64,-0.507374,0.000053,0.000025,-0.003119,0.986165,0.165737,0.433745,0.88747,0.155766
42.65,-0.514391,0.000035,0.000001,-0.000339,0.985318,0.170726,0.447602,0.881334,0.151335
42.66,-0.521024,-0.00017,0.000165,0.003529,0.985353,0.17049,0.439677,0.883108,0.163719
42.67,-0.52759,-0.000018,0.000097,0.008375,0.98266,0.185227,0.448375,0.87774,0.168918
42.68,-0.534156,-0.000012,0.000107,0.001392,0.982853,0.184388,0.455537,0.87402,0.169042
42.69,-0.540721,-0.000243,0.000127,-0.005189,0.980021,0.198828,0.442073,0.880396,0.171679
42.7,-0.54712,-0.000018,0.0002,-0.001965,0.982188,0.18789,0.450089,0.874119,0.182584
42.71,-0.553679,-0.00027,0.000192,-0.005526,0.979822,0.199796,0.445558,0.875586,0.186621
42.72,-0.559862,-0.000162,0.000027,0.003552,0.977743,0.209776,0.449125,0.874221,0.184459
42.73,-0.566122,-0.000125,0.000111,-0.005609,0.977832,0.209315,0.445254,0.874418,0.192724
42.74,-0.572209,0.000101,0.00006,0.004455,0.975435,0.220241,0.447456,0.870932,0.203127
42.75,-0.578518,-0.000102,0.000074,-0.006018,0.974787,0.223057,0.436701,0.876664,0.20187
42.76,-0.584665,-0.000106,-0.000054,0.004987,0.973385,0.229122,0.442557,0.871632,0.210715
42.77,-0.590495,-0.000012,-0.000026,-0.001422,0.970741,0.240126,0.444331,0.870397,0.212085
42.78,-0.59666,0.000109,0.000203,0.004773,0.968387,0.249405,0.440335,0.872528,0.211661
42.79,-0.602572,-0.000003,0.00014,-0.007076,0.967006,0.254656,0.444903,0.86614,0.227735
42.8,-0.608379,-0.000121,-0.000022,-0.001509,0.967118,0.254325,0.444285,0.864391,0.235454
42.81,-0.614111,-0.000087,-0.00005,-0.001776,0.964399,0.264447,0.442303,0.867617,0.227174
42.82,-0.619828,0.000061,0.000122,0.00047,0.964767,0.263107,0.448639,0.863169,0.231653
42.83,-0.625455,0.000146,-0.000005,-0.007955,0.964914,0.262447,0.44908,0.858113,0.248936
42.84,-0.631001,-0.000138,0.00013,-0.008982,0.958133,0.286181,0.444104,0.858324,0.257005
42.85,-0.636495,-0.000166,-0.000009,0.00302,0.959678,0.281085,0.437053,0.858609,0.26791
42.86,-0.641749,0.000043,0.000072,-0.002107,0.958063,0.286549,0.445657,0.857997,0.255405
42.87,-0.64718,-0.000158,-0.000009,0.004862,0.954954,0.296714,0.442832,0.855603,0.268036
42.88,-0.652648,-0.000092,0.000029,0.000623,0.951229,0.308486,0.442704,0.854262,0.272489
42.89,-0.657695,0.000067,0.000147,0.003451,0.950627,0.310316,0.439635,0.853166,0.280765
42.9,-0.662644,-0.000063,0.00006,-0.004835,0.949813,0.312781,0.439593,0.849995,0.290287
42.91,-0.667895,-0.000092,0.000037,-0.008313,0.943449,0.331412,0.445282,0.848539,0.285842
42.92,-0.672893,-0.000097,0.000103,-0.007606,0.944506,0.328406,0.450208,0.844117,0.291169
42.93,-0.677737,-0.000117,-0.000136,-0.002206,0.938881,0.344235,0.441905,0.844082,0.30372
42.94,-0.682677,-0.000111,0.000077,-0.007777,0.940227,0.340461,0.436771,0.845004,0.308543
42.95,-0.68749,0.000006,0.00016,-0.005949,0.937115,0.348971,0.441483,0.841404,0.31166
42.96,-0.692071,-0.000052,-0.00004,-0.005421,0.932861,0.360195,0.448586,0.834107,0.320994
42.97,-0.696972,-0.000209,-0.000008,0.001718,0.92863,0.371003,0.440248,0.837282,0.324253
42.98,-0.701287,-0.00008,0.000009,-0.003576,0.929898,0.367799,0.440822,0.833716,0.332555
42.99,-0.705897,-0.000165,-0.000089,0.003117,0.927013,0.375017,0.442365,0.829787,0.340244
43,-0.710089,-0.000194,0.000118,0.002893,0.925355,0.37909,0.443237,0.827502,0.344646
43.01,-0.714529,0.000023,0.000079,0.004674,0.921954,0.387272,0.436967,0.828474,0.350271
43.02,-0.718614,0.000078,-0.000011,0.003506,0.917881,0.396841,0.444517,0.826992,0.344223
43.03,-0.722913,-0.000064,-0.000011,0.01306,0.917085,0.398478,0.437709,0.818966,0.371086
43.04,-0.726843,-0.000036,0.000056,-0.002939,0.912658,0.408714,0.438039,0.816989,0.375034
43.05,-0.730855,-0.000068,0.00015,-0.004911,0.913165,0.407561,0.437757,0.816859,0.375645
43.06,-0.734961,-0.000007,0.000098,0.006501,0.904297,0.426854,0.443872,0.815253,0.371942
43.07,-0.738698,-0.000088,0.000133,-0.006783,0.899838,0.436171,0.447816,0.807026,0.384929
43.08,-0.742408,-0.000195,-0.000063,0.002151,0.89715,0.44172,0.44141,0.805241,0.395909
43.09,-0.74596,-0.000105,0.000168,-0.007416,0.89574,0.444517,0.447701,0.799375,0.400704
43.1,-0.749514,-0.000046,0.000101,-0.002422,0.89156,0.452896,0.448613,0.798477,0.401473
43.11,-0.753208,-0.000064,-0.000007,0.004221,0.892439,0.451148,0.447232,0.79244,0.414756
43.12,-0.756506,-0.00014,0.000042,-0.007972,0.886607,0.462456,0.440718,0.796778,0.413415
43.13,-0.75989,0.000016,-0.000131,-0.003952,0.88654,0.462634,0.444761,0.793866,0.414686
43.14,-0.763304,-0.000105,0.000034,-0.000785,0.88291,0.469542,0.443551,0.789446,0.424309
43.15,-0.766308,-0.000012,0.000228,-0.003084,0.877956,0.478731,0.439142,0.786864,0.433589
43.16,-0.76935,0.000022,0.000011,0.005109,0.870651,0.491874,0.433655,0.782469,0.446863
43.17,-0.772341,0.000031,0.000111,0.007368,0.869201,0.494404,0.444481,0.781338,0.438118
43.18,-0.775336,0.000025,0.000185,0.000668,0.866133,0.499813,0.445413,0.773834,0.450321
43.19,-0.778228,-0.000217,0.000124,-0.005601,0.859091,0.511793,0.438883,0.772675,0.458645
43.2,-0.780842,-0.00005,0.000014,0.001416,0.858574,0.512688,0.446339,0.762356,0.468609
43.21,-0.783329,-0.00007,-0.000053,-0.003221,0.851151,0.52491,0.4436,0.768944,0.460373
43.22,-0.786185,0.000014,-0.000001,0.004288,0.847271,0.531143,0.442921,0.758759,0.477604
43.23,-0.788666,-0.000003,0.000015,-0.006597,0.841367,0.540423,0.446034,0.754749,0.481049
43.24,-0.791025,-0.000034,-0.00004,-0.00351,0.835136,0.550032,0.433915,0.75821,0.486658
43.25,-0.793346,-0.000131,0.000133,0.007587,0.837544,0.546317,0.442779,0.749186,0.492613
43.26,-0.795662,-0.000051,-0.000105,0.003057,0.82738,0.561634,0.445347,0.743751,0.498498
43.27,-0.797762,-0.000138,0.000181,-0.003846,0.830587,0.556876,0.43588,0.742474,0.508666
43.28,-0.799788,0.000015,-0.0001,0.010242,0.82121,0.570535,0.444083,0.735262,0.512035
43.29,-0.801852,-0.000045,-0.000066,0.005047,0.816758,0.576959,0.449487,0.7307,0.513848
43.3,-0.803524,-0.000065,0.000065,0.004969,0.814843,0.57966,0.441339,0.729686,0.522281
43.31,-0.805388,-0.000044,0.000119,-0.001209,0.805518,0.59257,0.443341,0.72032,0.533468
43.32,-0.807175,0.000001,0.000155,-0.000383,0.803718,0.595011,0.445833,0.711505,0.543134
43.33,-0.808712,-0.00002,0.000023,-0.001866,0.806458,0.591289,0.445743,0.714384,0.539415
43.34,-0.810251,0.000028,0.00003,-0.007382,0.790929,0.611863,0.437682,0.712596,0.548308
43.35,-0.811837,-0.000017,0.000039,0.009607,0.789212,0.614046,0.450325,0.704594,0.548411
43.36,-0.812999,-0.000027,0.000187,-0.000083,0.78137,0.624068,0.45338,0.702875,0.5481
43.37,-0.814401,-0.000114,0.000108,0.005481,0.780442,0.625204,0.438495,0.697391,0.566893
43.38,-0.815555,-0.000003,0.00005,-0.000198,0.776661,0.629919,0.439937,0.695545,0.568043
43.39,-0.816715,0.000026,0.000169,-0.001201,0.769767,0.638323,0.443028,0.684523,0.578925
43.4,-0.817518,-0.000151,0.000119,-0.001078,0.761637,0.648002,0.439617,0.683311,0.582943
43.41,-0.818526,-0.000041,0.000087,0.000019,0.758377,0.651817,0.441659,0.680693,0.58446
43.42,-0.819314,-0.000176,0.000039,-0.003894,0.751814,0.659363,0.450222,0.669007,0.591379
43.43,-0.819971,-0.000104,-0.000016,0.0048,0.748442,0.663183,0.444134,0.671263,0.593423
43.44,-0.820535,-0.000039,0.000011,0.004016,0.738946,0.673752,0.443321,0.663137,0.603089
43.45,-0.82119,-0.000017,0.000059,0.010881,0.740637,0.671818,0.445053,0.658229,0.607175
43.46,-0.821605,-0.00015,0.000019,-0.004871,0.735409,0.677606,0.435602,0.656136,0.616227
43.47,-0.822004,-0.000026,0.000149,-0.002553,0.72613,0.687552,0.44,0.643779,0.626058
43.48,-0.82214,0.000023,0.00006,-0.004559,0.719488,0.69449,0.441616,0.649059,0.619434
43.49,-0.822429,-0.000003,0.00001,-0.002847,0.715871,0.698226,0.443732,0.636483,0.630865
43.5,-0.822521,-0.000103,0.000046,-0.001382,0.708053,0.706158,0.440894,0.634282,0.635059
43.51,-0.822499,0.000125,0.000098,-0.000037,0.700091,0.714053,0.437392,0.637387,0.634371
43.52,-0.822434,0.000034,0.00001,0.001015,0.69394,0.720032,0.442345,0.624779,0.643415
43.53,-0.822136,0.000034,0.000296,0.005475,0.682651,0.730724,0.44239,0.617628,0.650251
43.54,-0.822043,-0.000038,0.000041,0.003392,0.684589,0.728922,0.429306,0.615691,0.660773
43.55,-0.821565,0.000029,-0.000032,0.000507,0.678466,0.734632,0.445997,0.613381,0.651806
43.56,-0.821201,-0.000006,0.000133,0.006748,0.674337,0.738393,0.44229,0.600832,0.665869
43.57,-0.820694,-0.000163,0.000147,0.002824,0.66766,0.744461,0.44388,0.58925,0.675097
43.58,-0.819897,0.00006,-0.000032,-0.004624,0.655468,0.755209,0.454667,0.587928,0.669043
43.59,-0.819264,-0.000013,0.000088,-0.004474,0.656209,0.754566,0.446097,0.58042,0.681257
43.6,-0.818447,-0.000036,0.000136,-0.009226,0.643313,0.765547,0.447308,0.579157,0.681537
43.61,-0.817573,-0.000078,0.000014,-0.006393,0.637776,0.770196,0.443982,0.570875,0.690638
43.62,-0.81659,-0.000021,0.000033,0.003243,0.628965,0.777427,0.442239,0.570488,0.692075
43.63,-0.815504,0.000088,0.000076,0.005068,0.624074,0.781349,0.449372,0.556428,0.698894
43.64,-0.814327,0.000075,0.000004,-0.00317,0.614374,0.789008,0.45288,0.557297,0.69593
43.65,-0.81304,-0.00004,0.000002,0.005881,0.618694,0.78561,0.438679,0.557023,0.705185
43.66,-0.811725,-0.000025,-0.00007,0.005143,0.605811,0.795592,0.444709,0.54468,0.711026
43.67,-0.810289,-0.000011,0.000074,-0.006753,0.601201,0.799069,0.452051,0.53224,0.715801
43.68,-0.808706,0.000164,0.000106,0.000665,0.597638,0.801766,0.432738,0.540248,0.721714
43.69,-0.807129,-0.000042,0.00005,0.004914,0.588838,0.808236,0.448753,0.525347,0.722932
43.7,-0.805379,-0.000056,0.000177,-0.010102,0.581936,0.813172,0.444807,0.521342,0.728251
43.71,-0.803717,0.000021,0.000093,-0.005935,0.580271,0.814402,0.443218,0.516737,0.73249
43.72,-0.801841,0.000021,0.000097,0.015181,0.573555,0.819026,0.441996,0.513697,0.73536
43.73,-0.799832,0.000161,0.00011,-0.000129,0.563011,0.826449,0.444671,0.502818,0.741244
43.74,-0.797752,-0.000072,-0.000011,0.007563,0.55244,0.833519,0.444259,0.48907,0.750629
43.75,-0.795561,-0.000027,-0.000067,-0.000306,0.553437,0.832891,0.451435,0.489656,0.745951
43.76,-0.79344,-0.000091,0.000017,-0.00028,0.545857,0.837878,0.449556,0.482744,0.751571
43.77,-0.791068,-0.000087,0.000104,-0.000062,0.542127,0.840296,0.438957,0.483913,0.757064
43.78,-0.788556,-0.000026,-0.000132,-0.002708,0.525753,0.850633,0.452772,0.479304,0.751842
43.79,-0.786158,0.000015,0.000044,0.000683,0.524739,0.851263,0.437225,0.470999,0.766155
43.8,-0.783547,-0.000023,-0.000073,0.002174,0.51311,0.85832,0.435604,0.462313,0.772344
43.81,-0.781118,0.00002,0.000007,-0.001451,0.508216,0.861228,0.44561,0.450802,0.77344
43.82,-0.778127,-0.000057,0.000036,0.002313,0.496625,0.867962,0.450404,0.44992,0.771173
43.83,-0.775215,-0.000131,0.000049,-0.000325,0.491801,0.870707,0.447374,0.447794,0.774168
43.84,-0.772502,-0.000026,0.00009,0.004787,0.491932,0.87062,0.439204,0.442646,0.78177
43.85,-0.769355,-0.00002,-0.000064,0.004721,0.473077,0.881009,0.448948,0.433549,0.781333
43.86,-0.766303,0.000042,0.000133,-0.002961,0.482862,0.875691,0.440893,0.430796,0.787419
43.87,-0.762975,0.000015,-0.000034,-0.002657,0.471124,0.882063,0.439078,0.417101,0.795762
43.88,-0.759941,-0.000025,0.000137,0.00519,0.466618,0.884444,0.446599,0.416522,0.79187
43.89,-0.756655,0.000044,0.000104,-0.000977,0.452425,0.891802,0.43888,0.416205,0.796341
43.9,-0.753212,0.000018,-0.000013,-0.000184,0.453518,0.891247,0.444902,0.406598,0.79796
43.91,-0.749637,-0.000057,0.00007,-0.004284,0.435322,0.900264,0.441794,0.400231,0.80289
43.92,-0.746149,0.000012,-0.00013,0.002425,0.434303,0.900763,0.439225,0.389722,0.809443
43.93,-0.742418,-0.000079,0.000181,0.003661,0.435487,0.900188,0.453629,0.382641,0.804865
43.94,-0.738591,-0.000072,-0.000024,-0.004661,0.42928,0.903159,0.436821,0.379736,0.815468
43.95,-0.734803,-0.000084,0.000235,-0.000731,0.408564,0.912729,0.447939,0.374744,0.811737
43.96,-0.731126,-0.000027,-0.000153,0.007287,0.404992,0.914291,0.446679,0.364779,0.816954
43.97,-0.72682,-0.000099,0.000183,-0.003714,0.394521,0.91888,0.447682,0.368399,0.814778
43.98,-0.722881,0.000058,0.000067,-0.001598,0.394008,0.919105,0.43798,0.356191,0.82541
43.99,-0.718589,-0.00003,-0.000196,-0.007965,0.393033,0.91949,0.438587,0.339864,0.831946
44,-0.714519,-0.000161,0.000129,-0.000382,0.382228,0.924068,0.434988,0.345686,0.831436
44.01,-0.710108,-0.000031,0.000088,-0.000784,0.374262,0.927323,0.442668,0.332936,0.832586
44.02,-0.705752,-0.000079,0.000212,-0.003413,0.367223,0.930127,0.448236,0.323659,0.833265
44.03,-0.701287,-0.000048,-0.000071,-0.006441,0.370199,0.92893,0.441768,0.321632,0.837493
44.04,-0.696819,-0.000031,0.000036,-0.008671,0.349474,0.936906,0.442676,0.313676,0.840027
44.05,-0.692193,-0.000036,-0.000043,-0.000462,0.336407,0.941716,0.442179,0.311664,0.841037
44.06,-0.687462,-0.00016,-0.000021,0.010433,0.34944,0.936901,0.445698,0.304037,0.841971
44.07,-0.682757,0.00004,0.000091,0.002189,0.334771,0.942297,0.446508,0.302606,0.842057
44.08,-0.677849,-0.000127,0.000017,-0.004158,0.332887,0.942957,0.440697,0.290563,0.849329
44.09,-0.672873,0.000072,-0.000072,-0.00258,0.332979,0.942931,0.445601,0.282786,0.849395
44.1,-0.667986,-0.000023,0.000079,0.002931,0.320532,0.947233,0.447174,0.285943,0.847509
44.11,-0.662887,0.000024,-0.000069,-0.002313,0.317797,0.948156,0.449045,0.271073,0.851397
44.12,-0.657624,-0.000127,0.000055,0.003307,0.304066,0.952645,0.439912,0.272836,0.855592
44.13,-0.652502,0.000065,0.000126,0.007509,0.292173,0.956336,0.443577,0.262637,0.856891
44.14,-0.647194,0.000074,0.000038,-0.003233,0.296032,0.955172,0.43744,0.272488,0.85697
44.15,-0.641854,0.000096,-0.000012,0.000396,0.287322,0.957834,0.446653,0.264244,0.854796
44.16,-0.636612,-0.000115,0.000168,0.004736,0.271913,0.96231,0.446115,0.254388,0.858061
44.17,-0.630903,-0.000061,0.000072,-0.000176,0.269838,0.962906,0.437532,0.256043,0.861979
44.18,-0.625407,0.000056,-0.000105,-0.005255,0.268056,0.963389,0.44155,0.244723,0.863217
44.19,-0.619865,-0.000053,0.000078,-0.002705,0.249262,0.968432,0.452988,0.234631,0.860087
44.2,-0.614117,-0.000057,0.000076,0.00005,0.260259,0.965539,0.436369,0.230462,0.869752
44.21,-0.608574,0.000225,0.00012,-0.00073,0.255679,0.966761,0.450729,0.221348,0.864782
44.22,-0.602456,-0.000085,0.000086,-0.002111,0.249378,0.968404,0.436901,0.221912,0.871707
44.23,-0.596463,0.000121,0.000058,-0.002774,0.241279,0.970452,0.45009,0.21205,0.867441
44.24,-0.590776,-0.000017,0.000027,-0.000882,0.224601,0.97445,0.442428,0.212876,0.871172
44.25,-0.584576,-0.000137,0.000036,0.000215,0.230424,0.97309,0.446967,0.207647,0.870117
44.26,-0.578534,-0.000069,0.00014,-0.003149,0.225856,0.974156,0.437756,0.200256,0.876508
44.27,-0.572498,-0.000133,0.000023,0.001961,0.225867,0.974156,0.442893,0.198652,0.87429
44.28,-0.566117,-0.000055,0.000003,-0.005529,0.216297,0.976312,0.455871,0.189651,0.869606
44.29,-0.559841,-0.000011,0.000008,-0.00027,0.208567,0.978008,0.44836,0.1836,0.874794
44.3,-0.553558,-0.00005,0.000103,0.003376,0.197392,0.980319,0.440662,0.175678,0.880315
44.31,-0.547156,-0.000097,0.000012,0.001174,0.196712,0.980461,0.447829,0.17056,0.877701
44.32,-0.540742,0.000001,0.000083,0.003115,0.18982,0.981814,0.446504,0.16381,0.879659
44.33,-0.534257,-0.000046,0.000078,0.002109,0.176453,0.984307,0.441829,0.160481,0.882628
44.34,-0.527517,-0.000009,0.000215,0.00458,0.180767,0.983515,0.443137,0.147079,0.884306
44.35,-0.520971,0.000031,0.000025,-0.00152,0.173141,0.984896,0.443618,0.153468,0.882978
44.36,-0.514363,-0.000021,0.000092,-0.002784,0.169062,0.985602,0.450207,0.152339,0.879833
44.37,-0.507503,-0.000018,0.000024,-0.000432,0.171234,0.98523,0.446048,0.147554,0.882762
44.38,-0.500793,-0.000055,0.000091,-0.010627,0.162598,0.986635,0.439129,0.141736,0.887173
44.39,-0.493784,-0.000305,0.000103,0.000286,0.15087,0.988554,0.446715,0.136257,0.88424
44.4,-0.486859,0.000075,0.000084,0.010337,0.154754,0.987899,0.444371,0.137922,0.885162
44.41,-0.479926,-0.000067,0.000045,-0.003997,0.143137,0.989695,0.441386,0.131148,0.887682
44.42,-0.472917,-0.000122,-0.000014,0.003059,0.146756,0.989168,0.447216,0.120678,0.886248
44.43,-0.465872,-0.000142,0.000056,0.002199,0.135152,0.990822,0.443723,0.120458,0.888031
44.44,-0.45889,-0.000014,0.000054,0.003954,0.127539,0.991826,0.43802,0.110245,0.892179
44.45,-0.451639,-0.000109,0.00001,-0.000554,0.122991,0.992408,0.445067,0.111731,0.8885
44.46,-0.444556,-0.000064,0.000062,0.004065,0.11469,0.993393,0.446225,0.105052,0.888733
44.47,-0.436996,-0.000073,0.000037,0.006901,0.115586,0.993273,0.444005,0.103206,0.890061
44.48,-0.42966,0.000115,0.000011,-0.005361,0.112293,0.993661,0.443657,0.104663,0.890064
44.49,-0.422322,0.000068,0.000095,-0.00411,0.113856,0.993489,0.444039,0.09202,0.89127
44.5,-0.415079,-0.000109,0.0001,0.005051,0.097394,0.995233,0.446175,0.093603,0.890037
44.51,-0.407342,-0.000045,0.000183,-0.002001,0.092913,0.995672,0.443635,0.091393,0.891535
44.52,-0.399875,-0.000135,0.000002,0.000663,0.09832,0.995155,0.438192,0.079155,0.895389
44.53,-0.39236,0.000051,0.000098,-0.002478,0.102289,0.994752,0.444545,0.080224,0.892157
44.54,-0.384897,0.000022,-0.000001,0.007445,0.09416,0.995529,0.444007,0.089923,0.8915
44.55,-0.377054,-0.000127,-0.000098,-0.006189,0.099047,0.995063,0.436281,0.078809,0.896352
44.56,-0.369577,0.000091,0.000011,0.006493,0.084162,0.996431,0.44708,0.065915,0.892062
44.57,-0.361879,-0.000116,0.000046,-0.000363,0.072684,0.997355,0.45431,0.072179,0.887915
44.58,-0.354206,-0.000114,-0.000071,-0.00383,0.080505,0.996747,0.439754,0.058381,0.896219
44.59,-0.346373,0.000126,0.000047,-0.005145,0.073707,0.997267,0.437068,0.059321,0.89747
44.6,-0.33848,0.000157,-0.000001,-0.002235,0.063606,0.997973,0.455296,0.059238,0.888367
44.61,-0.330712,0.000013,-0.000051,-0.003757,0.058943,0.998254,0.43431,0.059894,0.89877
44.62,-0.322696,0.000067,-0.000039,-0.004741,0.05326,0.998569,0.438687,0.052925,0.89708
44.63,-0.314828,0.000112,-0.000037,-0.010624,0.062391,0.997995,0.447506,0.053667,0.892669
44.64,-0.306867,-0.00001,0.000025,-0.003012,0.049074,0.998791,0.438021,0.053462,0.897374
44.65,-0.298873,0.000104,0.000003,-0.002327,0.041226,0.999147,0.434691,0.037918,0.899781
44.66,-0.290733,-0.000065,0.000033,0.000682,0.048977,0.9988,0.436931,0.046278,0.898304
44.67,-0.282804,0.000047,0.000016,0.00547,0.045991,0.998927,0.436921,0.040738,0.898577
44.68,-0.274478,-0.000128,0.000011,-0.003527,0.05258,0.998611,0.44194,0.036368,0.896307
44.69,-0.266411,-0.000021,-0.000003,-0.005578,0.037245,0.999291,0.435911,0.04134,0.89904
44.7,-0.2583,-0.000139,0.000057,0.007843,0.039714,0.99918,0.441623,0.035318,0.896505
44.71,-0.25032,-0.000016,0.000166,-0.005447,0.03204,0.999472,0.451487,0.037713,0.89148
44.72,-0.241803,0.000041,0.000017,0.006554,0.028541,0.999571,0.44435,0.026752,0.895454
44.73,-0.233592,-0.000064,0.000044,-0.006251,0.032123,0.999464,0.442757,0.023191,0.896342
44.74,-0.225371,-0.000313,0.00013,0.015292,0.032863,0.999343,0.444652,0.027379,0.895285
44.75,-0.217029,0.00004,-0.000028,0.004136,0.026354,0.999644,0.445059,0.027112,0.895091
44.76,-0.208689,0.00001,-0.000136,0.002416,0.016741,0.999857,0.445555,0.014592,0.895136
44.77,-0.200554,-0.000026,-0.000004,0.006228,0.016742,0.99984,0.44221,0.025246,0.896556
44.78,-0.192043,-0.000084,0.000178,-0.009949,0.023357,0.999678,0.439399,0.025089,0.897942
44.79,-0.183816,-0.000145,-0.00003,0.000979,0.015962,0.999872,0.444598,0.020335,0.8955
44.8,-0.175366,-0.000079,0.000049,-0.003745,0.015823,0.999868,0.449336,0.011354,0.893291
44.81,-0.166939,0,0.000162,-0.00361,0.011893,0.999923,0.44028,0.004388,0.89785
44.82,-0.158291,0.000138,0.000147,-0.004339,0.018034,0.999828,0.446279,0.011104,0.894825
44.83,-0.149926,0.000119,0.000111,-0.003183,0.01236,0.999919,0.435465,0.01842,0.900017
44.84,-0.141289,-0.000046,-0.000124,-0.008638,0.012851,0.99988,0.436886,0.005473,0.8995
44.85,-0.133052,-0.000015,0.000099,0.001795,0.008282,0.999964,0.443562,0.007253,0.896214
44.86,-0.124464,0.000054,-0.000044,-0.001513,0.018383,0.99983,0.440343,0.001573,0.897828
44.87,-0.115986,0.000053,0.000057,-0.007634,0.008146,0.999938,0.450923,0.007353,0.892532
44.88,-0.107385,0.000089,0.000145,-0.004092,0.007719,0.999962,0.444929,0.003208,0.89556
44.89,-0.098915,-0.000013,-0.00009,0.000281,0.01093,0.99994,0.444213,-0.0023,0.895918
44.9,-0.090294,0.000004,-0.000093,0.000845,0.008844,0.999961,0.440622,-0.000508,0.897693
44.91,-0.081596,0.000139,0.000095,0.006229,-0.001235,0.99998,0.441355,0.009321,0.897284
44.92,-0.073074,0.000097,0.000039,-0.005923,0.002908,0.999978,0.440233,0.003327,0.897877
44.93,-0.064482,0.000003,-0.000075,-0.002271,0.001521,0.999996,0.442472,0.001827,0.896781
44.94,-0.056056,-0.000076,0.000143,0.002932,-0.003901,0.999988,0.443151,-0.004606,0.896435
44.95,-0.047376,0.000054,0.000014,-0.005094,0.003112,0.999982,0.441746,-0.010386,0.89708
44.96,-0.03889,0.000145,0.000283,-0.012118,0.001477,0.999925,0.447213,-0.00682,0.894402
44.97,-0.030145,-0.000045,0.000154,0.003432,-0.003775,0.999987,0.44007,0.003106,0.897958
44.98,-0.021662,-0.000046,-0.000067,-0.006589,0.003887,0.999971,0.444208,-0.008113,0.895887
44.99,-0.012917,-0.000008,0.00002,0.000987,0.0077,0.99997,0.43709,0.009318,0.899369
45,-0.0044,-0.000156,-0.000016,-0.001639,0.000176,0.999999,0.440177,0.000246,0.897911
45.01,0.000064,0.004248,0.00016,0.005098,-0.003764,0.99998,0.439668,0.0075,0.898129
45.02,-0.000112,0.012883,0.000015,-0.004865,0.003124,0.999983,0.446105,-0.009145,0.894934
45.03,-0.000061,0.021566,-0.000119,-0.009514,-0.002318,0.999952,0.438546,0.010939,0.898642
45.04,0.000023,0.030168,0.000054,-0.001782,0.000998,0.999998,0.447811,0.001756,0.894127
45.05,-0.000033,0.038696,0.000112,-0.008088,-0.004051,0.999959,0.439896,0.007368,0.898018
45.06,-0.000034,0.047245,0.000067,-0.001771,-0.002756,0.999995,0.445129,0.000393,0.895467
45.07,0.000041,0.055943,0.000056,-0.006612,-0.004167,0.999969,0.443684,-0.004467,0.896172
45.08,-0.000022,0.06446,0.000015,0.010068,-0.001112,0.999949,0.434561,-0.009686,0.90059
45.09,-0.000197,0.073068,0.000136,-0.012378,-0.002334,0.999921,0.446946,0.000553,0.894561
45.1,-0.000072,0.081582,0.000129,-0.002365,-0.001332,0.999996,0.437308,0.001569,0.899311
45.11,-0.000025,0.090236,0.000093,0.010023,-0.001212,0.999949,0.451312,-0.00524,0.892351
45.12,0.000019,0.098776,-0.000016,-0.003237,0.004343,0.999985,0.441476,0.00461,0.897261
45.13,0.000107,0.107329,-0.000011,-0.007769,0.005461,0.999955,0.439555,0.004963,0.898202
45.14,-0.000024,0.115957,-0.000065,-0.013152,0.004472,0.999904,0.433442,-0.000628,0.901181
45.15,0.00007,0.124367,0.000221,-0.001868,-0.00021,0.999998,0.435004,0.005558,0.900411
45.16,0.000017,0.132876,0.000159,-0.01555,0.003916,0.999871,0.438589,-0.001735,0.898686
45.17,0.000067,0.141348,0.000073,-0.010561,-0.00167,0.999943,0.432124,-0.000834,0.901814
45.18,-0.000082,0.14993,-0.000063,-0.021116,0.005259,0.999763,0.428922,0.00221,0.903339
45.19,-0.000054,0.158136,0.000103,-0.024686,-0.005805,0.999678,0.426426,-0.006525,0.904499
45.2,-0.000225,0.166669,0.000076,-0.015991,-0.001203,0.999871,0.421066,0.007887,0.906996
45.21,-0.000068,0.175144,-0.000027,-0.022798,0.007738,0.99971,0.435348,-0.001701,0.900261
45.22,-0.000078,0.183441,0.000081,-0.018139,-0.006991,0.999811,0.421478,-0.006508,0.906815
45.23,0.000028,0.192035,0.000051,-0.029429,0.003402,0.999561,0.421328,0.004356,0.906898
45.24,0.000063,0.200375,0.000134,-0.020959,0.005262,0.999766,0.422237,-0.014166,0.906375
45.25,-0.000006,0.208681,-0.000009,-0.020357,0.007854,0.999762,0.419612,0.00014,0.907703
45.26,-0.000258,0.217051,0.000044,-0.03163,-0.002629,0.999496,0.416923,0.000227,0.908942
45.27,0.000126,0.225128,0.000124,-0.032179,-0.001371,0.999481,0.419164,-0.001604,0.907909
45.28,-0.000118,0.233564,-0.00002,-0.033082,-0.002435,0.99945,0.417597,0.005183,0.908617
45.29,-0.00001,0.241807,0.000127,-0.04187,-0.000566,0.999123,0.410349,0.006479,0.911905
45.3,-0.000027,0.250067,0.00016,-0.035486,-0.006822,0.999347,0.403412,-0.000278,0.915018
45.31,0.000004,0.258208,0.000157,-0.047261,-0.004521,0.998872,0.407658,-0.005639,0.913117
45.32,-0.000048,0.266416,0.000027,-0.044581,0.001537,0.999005,0.406819,0.00286,0.913504
45.33,-0.000094,0.274266,0.000112,-0.049328,0.00308,0.998778,0.402675,-0.001217,0.915342
45.34,-0.000135,0.28268,0.000204,-0.051149,0.004798,0.998679,0.402062,0.002061,0.91561
45.35,-0.000148,0.290765,0.000046,-0.05545,-0.002531,0.998458,0.393351,-0.003287,0.919383
45.36,-0.000001,0.298633,0.000057,-0.05111,-0.007894,0.998662,0.399674,0.000909,0.916657
45.37,-0.000026,0.306859,0.000232,-0.068057,-0.009278,0.997638,0.390839,0.000936,0.920459
45.38,-0.000013,0.314685,0.000239,-0.060787,-0.001053,0.99815,0.379077,0.005725,0.925347
45.39,-0.000047,0.32265,0.000063,-0.059062,0.005381,0.99824,0.385087,0.002912,0.922876
45.4,0,0.330618,0.000007,-0.061399,-0.003416,0.998107,0.375202,0.003974,0.926935
45.41,-0.000048,0.338584,0.000188,-0.076139,-0.005598,0.997081,0.387657,0.002029,0.921802
45.42,-0.000001,0.346281,0.000036,-0.076617,0.003145,0.997056,0.363332,-0.002012,0.931657
45.43,0.000047,0.354009,0.000065,-0.074764,0.004104,0.997193,0.369228,0.002404,0.929336
45.44,-0.000076,0.361754,0.000058,-0.076737,-0.000029,0.997051,0.371981,0.007208,0.928212
45.45,-0.000038,0.369473,0.00005,-0.086961,-0.004601,0.996201,0.364993,-0.000685,0.93101
45.46,-0.000033,0.377156,0.000001,-0.080551,-0.004793,0.996739,0.37272,0.005383,0.927928
45.47,-0.00005,0.384886,0.000147,-0.086025,0.000901,0.996293,0.351858,-0.005543,0.936037
45.48,-0.000023,0.392396,0.000052,-0.095675,0.007869,0.995381,0.354842,0.003981,0.934918
45.49,0.00012,0.400041,-0.000024,-0.105291,-0.002757,0.994438,0.353544,-0.000374,0.935418
45.5,-0.000042,0.407425,0.000025,-0.101071,-0.00308,0.994874,0.348203,0.006757,0.937395
45.51,-0.000178,0.41493,-0.000058,-0.104843,-0.006258,0.994469,0.346813,0.011562,0.937863
45.52,-0.000087,0.422467,0.000138,-0.110968,0.003384,0.993818,0.341171,-0.003046,0.939996
45.53,-0.00011,0.429623,-0.000021,-0.125313,-0.000526,0.992117,0.343159,-0.005361,0.939262
45.54,-0.000194,0.436947,0.000033,-0.121021,0.00207,0.992648,0.329138,0.001598,0.944281
45.55,-0.000125,0.444363,0.000051,-0.124168,0.010944,0.992201,0.324156,-0.002146,0.946001
45.56,-0.000082,0.451669,0.000114,-0.124898,0.000152,0.99217,0.318559,-0.000125,0.947903
45.57,-0.000032,0.458851,0.000164,-0.13888,-0.009237,0.990266,0.317734,-0.004789,0.948168
45.58,-0.000096,0.465848,0.000019,-0.145674,-0.012142,0.989258,0.309557,-0.005681,0.950864
45.59,-0.000157,0.473051,0.00018,-0.146666,-0.002509,0.989183,0.300112,-0.00533,0.953889
45.6,-0.000143,0.479955,-0.000081,-0.147429,0.002943,0.989068,0.29473,0.003098,0.955576
45.61,0.000051,0.486877,0.000031,-0.150999,0.008056,0.988501,0.305914,0.003402,0.952053
45.62,0.000067,0.493797,0.000034,-0.160006,0.002204,0.987114,0.30472,0.000065,0.952442
45.63,0.000038,0.500631,0.000128,-0.164975,0.001901,0.986296,0.281982,0.001669,0.959418
45.64,-0.000038,0.507531,0.000108,-0.178558,-0.003311,0.983924,0.276863,0.001655,0.960908
45.65,0.000028,0.514128,0.000212,-0.175672,-0.003071,0.984444,0.282668,-0.005945,0.959199
45.66,-0.000051,0.521052,0.000005,-0.178835,0.002222,0.983877,0.283314,0.003736,0.95902
45.67,-0.000061,0.527519,0.000152,-0.18724,0.000037,0.982314,0.27096,-0.008858,0.96255
45.68,-0.000073,0.534154,-0.000076,-0.189515,-0.003093,0.981873,0.271841,0.011756,0.96227
45.69,-0.000078,0.540658,0.000046,-0.185522,0.001722,0.982639,0.260984,-0.000367,0.965343
45.7,-0.000195,0.547142,-0.000026,-0.201517,-0.001001,0.979485,0.251196,0.002832,0.967932
45.71,0.000125,0.553484,0.000245,-0.206284,-0.000916,0.978492,0.249601,-0.002449,0.968346
45.72,0.000018,0.559879,0.000015,-0.206536,0.000091,0.978439,0.237936,-0.002026,0.971279
45.73,-0.000048,0.566157,-0.000108,-0.220977,-0.002094,0.975277,0.246753,0.010207,0.969025
45.74,0.000046,0.572237,0.000034,-0.234212,-0.004627,0.972174,0.226307,0.004368,0.974046
45.75,-0.000267,0.578527,0.000118,-0.231253,0.000535,0.972894,0.223915,0.00353,0.974602
45.76,-0.000014,0.584606,0.000024,-0.227716,0.000967,0.973727,0.214117,0.002588,0.976805
45.77,-0.000025,0.590706,0.000019,-0.236883,-0.011482,0.97147,0.217777,0.001734,0.975997
45.78,0.000004,0.596627,0.000035,-0.251194,0.003129,0.967932,0.212765,0.00048,0.977103
45.79,-0.000018,0.60248,0.000014,-0.244677,0.001589,0.969603,0.206115,0.001787,0.978526
45.8,0.000167,0.608255,0.000199,-0.263346,0.003649,0.964695,0.193121,0.00197,0.981173
45.81,0.000052,0.613883,0.000076,-0.266138,-0.006902,0.96391,0.196028,-0.000488,0.980598
45.82,0.000049,0.619819,-0.000021,-0.271388,0.004037,0.962462,0.18863,0.004617,0.982037
45.83,-0.000016,0.625277,-0.000033,-0.277742,0.003823,0.960648,0.175448,0.001278,0.984488
45.84,-0.000058,0.630953,0.000191,-0.279622,-0.001378,0.960109,0.173719,-0.006225,0.984776
45.85,-0.000008,0.636516,-0.000046,-0.289413,0.0027,0.9572,0.164309,-0.002095,0.986407
45.86,-0.000136,0.641806,0.000203,-0.284381,0.000086,0.958711,0.158049,-0.008182,0.987397
45.87,-0.000151,0.647063,0.000049,-0.311527,-0.004614,0.950226,0.149069,0.002197,0.988824
45.88,0.000063,0.652338,0.000034,-0.306496,0.00187,0.95187,0.148809,0.005399,0.988851
45.89,-0.000153,0.657805,0.000114,-0.312409,0.000855,0.949947,0.145889,-0.000346,0.989301
45.9,-0.000015,0.662814,0.000035,-0.319212,-0.006137,0.947663,0.131774,-0.000898,0.991279
45.91,-0.000026,0.667825,-0.00002,-0.32908,-0.003838,0.944294,0.126553,0.002159,0.991957
45.92,-0.000132,0.67287,-0.000013,-0.326747,-0.000417,0.945112,0.120802,-0.000001,0.992677
45.93,0.000036,0.677607,0.000103,-0.34689,-0.000808,0.937906,0.116852,0.001615,0.993148
45.94,0.000007,0.682729,0.000033,-0.33767,0.001015,0.941264,0.107736,0.000607,0.994179
45.95,-0.000166,0.687314,0.000151,-0.352769,-0.008571,0.935671,0.101115,0.003755,0.994868
45.96,-0.000064,0.692048,0.000005,-0.361097,0.000519,0.932528,0.09443,0.008183,0.995498
45.97,-0.000044,0.696678,-0.000078,-0.351387,-0.00528,0.936215,0.083841,0.00055,0.996479
45.98,-0.000089,0.701322,0.000178,-0.367677,0.000734,0.929953,0.083102,-0.000635,0.996541
45.99,-0.000049,0.705654,0.00017,-0.380634,-0.000026,0.924726,0.07458,-0.003015,0.99721
46,-0.000054,0.709982,0.000044,-0.385493,-0.006594,0.922687,0.064805,-0.009598,0.997852
46.01,0.00002,0.714521,0.000013,-0.393223,-0.001136,0.919443,0.054949,-0.001818,0.998488
46.02,0.000007,0.718588,0.000151,-0.395803,0.005598,0.918318,0.053962,-0.000557,0.998543
46.03,-0.000017,0.722788,-0.000029,-0.39742,0.001208,0.917636,0.045384,0.001321,0.998969
46.04,-0.000066,0.726808,-0.000251,-0.415083,-0.006448,0.909761,0.034793,-0.000502,0.999394
46.05,0.000034,0.730825,0.000037,-0.417399,-0.005715,0.908705,0.032317,-0.008247,0.999444
46.06,-0.000069,0.734738,0.000075,-0.414859,-0.010192,0.909829,0.020775,-0.008221,0.99975
46.07,-0.00015,0.738576,0.000064,-0.42817,0.001675,0.903696,0.019622,-0.004869,0.999796
46.08,-0.000036,0.742187,0.000043,-0.436617,-0.001983,0.899645,0.013294,-0.00288,0.999907
46.09,-0.000148,0.74601,0.000166,-0.446301,-0.003796,0.894875,0.000863,-0.000831,0.999999
46.1,0.000035,0.749537,0.000008,-0.450682,0.000678,0.892684,-0.005321,-0.006386,0.999965
46.11,-0.000087,0.753099,-0.000002,-0.459984,0.010529,0.887865,-0.013567,0.006821,0.999885
46.12,-0.000084,0.756277,-0.000018,-0.457787,0.001071,0.889061,-0.024794,0.005447,0.999678
46.13,-0.000105,0.759781,0.000157,-0.465667,0.0069,0.884933,-0.031988,-0.000254,0.999488
46.14,-0.000154,0.762968,0.000105,-0.477477,0.00429,0.878634,-0.039588,0.000137,0.999216
46.15,-0.000122,0.766238,0.000069,-0.484906,0.001809,0.874564,-0.048897,0.008768,0.998765
46.16,-0.000038,0.769272,0.000132,-0.491054,0.005679,0.87111,-0.047387,0.000987,0.998876
46.17,0.000088,0.772255,0.000031,-0.496234,-0.002779,0.868185,-0.06418,-0.009467,0.997893
46.18,0.000041,0.77524,-0.000031,-0.492371,0.000626,0.870385,-0.062276,-0.013361,0.99797
46.19,-0.000075,0.778161,-0.00003,-0.51484,0.005394,0.857269,-0.07618,-0.006344,0.997074
46.2,-0.000017,0.78087,-0.000001,-0.517075,0.007023,0.855911,-0.077606,-0.003325,0.996979
46.21,0.000009,0.783555,0.000139,-0.525044,-0.003711,0.851067,-0.096104,-0.002232,0.995369
46.22,0.00004,0.785948,0.00013,-0.527479,0.002501,0.849564,-0.095736,-0.006812,0.995383
46.23,0.00001,0.788647,-0.000018,-0.54169,0.001422,0.840577,-0.101935,-0.002823,0.994787
46.24,0.000038,0.790998,-0.000044,-0.547398,0.005508,0.836854,-0.118785,0.002789,0.992916
46.25,0.000069,0.793217,-0.000032,-0.557916,0.001696,0.829895,-0.122892,0.004121,0.992412
46.26,-0.000005,0.795461,0.000085,-0.556095,0.002905,0.831114,-0.129136,-0.000831,0.991627
46.27,-0.00006,0.797678,0.000123,-0.558131,-0.000515,0.829753,-0.140503,0.011739,0.990011
46.28,-0.000042,0.799782,0.000126,-0.572982,-0.002533,0.819564,-0.141539,0.006651,0.98991
46.29,-0.00011,0.801748,0.000107,-0.582246,-0.000767,0.813013,-0.163053,0.003111,0.986612
46.3,-0.000027,0.803649,0.000195,-0.584578,-0.005126,0.811322,-0.159251,0.006686,0.987216
46.31,0.000026,0.805221,0.000092,-0.583206,0.000876,0.812324,-0.171812,0.003375,0.985124
46.32,-0.00005,0.807024,0.000084,-0.589091,-0.002306,0.808064,-0.180508,0.000878,0.983573
46.33,-0.000066,0.808799,0.000078,-0.606848,-0.008569,0.794772,-0.181557,0.006226,0.983361
46.34,-0.000037,0.810253,0.000122,-0.607396,0.003902,0.794389,-0.19529,0.010123,0.980693
46.35,0.000062,0.811676,0.000052,-0.616035,0.007104,0.787687,-0.198691,-0.007316,0.980035
46.36,-0.000027,0.812788,-0.000069,-0.616701,-0.002473,0.787194,-0.208203,-0.007176,0.978059
46.37,0.00005,0.814201,0.000208,-0.620879,-0.004332,0.783894,-0.216083,0.003639,0.976368
46.38,0.000114,0.815291,0.000081,-0.630412,-0.001268,0.77626,-0.228965,-0.005712,0.973418
46.39,0.000206,0.81641,0.000088,-0.639161,0.000587,0.769073,-0.228281,0.004251,0.973586
46.4,-0.000058,0.817446,0.000031,-0.647674,-0.006923,0.761886,-0.239753,-0.001969,0.970832
46.41,-0.00004,0.818432,-0.000013,-0.652095,-0.003536,0.758129,-0.248875,0.009181,0.968492
46.42,0.000005,0.819118,0.000099,-0.660184,-0.002792,0.751099,-0.26077,0.006949,0.965376
46.43,-0.000011,0.819833,0.000067,-0.664495,0.008616,0.747243,-0.261259,0.005793,0.965251
46.44,-0.0001,0.820458,0.000154,-0.669132,0.002964,0.743138,-0.275743,0.004239,0.961222
46.45,-0.000192,0.821117,0.000115,-0.679232,0.00255,0.73392,-0.292018,0.00166,0.956411
46.46,-0.000088,0.821613,0.000132,-0.687394,0.002372,0.726281,-0.289195,0.004985,0.957257
46.47,-0.000148,0.821926,0.000095,-0.689305,-0.004172,0.724459,-0.288232,0.002576,0.957557
46.48,-0.0001,0.822201,0.000119,-0.688574,0.001021,0.725165,-0.313001,-0.003807,0.949745
46.49,-0.000099,0.822164,0.000089,-0.704139,0.004756,0.710046,-0.306919,-0.002849,0.951731
46.5,-0.000101,0.822277,0.000023,-0.711432,0.004341,0.702742,-0.327204,-0.002757,0.94495
46.51,-0.00024,0.822394,0.000182,-0.715085,-0.001785,0.699035,-0.333477,0.001125,0.942757
46.52,-0.000279,0.822371,-0.000023,-0.723317,0.0041,0.690504,-0.339366,-0.010224,0.940599
46.53,-0.000073,0.822075,0.000109,-0.720769,-0.000594,0.693175,-0.342958,-0.003246,0.939345
46.54,-0.000039,0.821815,-0.000056,-0.73526,-0.003347,0.677777,-0.356271,0.006298,0.934361
46.55,-0.000074,0.821618,-0.000048,-0.73611,0.000963,0.676862,-0.360959,0.003578,0.932575
46.56,-0.000003,0.821099,-0.000114,-0.744859,0.002004,0.667219,-0.365893,0.000978,0.930657
46.57,0.000056,0.820526,0.000244,-0.739494,0.003281,0.673155,-0.379798,0.000536,0.925069
46.58,0.00011,0.819877,0.000042,-0.751732,0.002536,0.659463,-0.380921,0.001629,0.924606
46.59,-0.000123,0.819061,0.000123,-0.755439,0.008422,0.655165,-0.398002,-0.010597,0.917323
46.6,-0.000059,0.818333,0.000041,-0.760305,-0.005265,0.649545,-0.399085,-0.009183,0.916868
46.61,0.00002,0.817547,0.000055,-0.770884,0.000592,0.636975,-0.406973,-0.002086,0.913438
46.62,-0.000054,0.816486,0.000231,-0.775963,-0.006799,0.630742,-0.416696,0.007361,0.909016
46.63,-0.000215,0.815299,0.000096,-0.774232,-0.016077,0.632697,-0.416218,-0.006545,0.909241
46.64,-0.000025,0.814334,0.000167,-0.78588,-0.002483,0.618374,-0.424553,0.002129,0.9054
46.65,0.000131,0.812903,0.000108,-0.791119,-0.00132,0.611661,-0.432607,0.002263,0.90158
46.66,-0.000058,0.811706,0.000071,-0.793386,-0.005577,0.608694,-0.439472,0.003998,0.898248
46.67,0.000038,0.810124,0.00007,-0.795366,-0.001345,0.606129,-0.445599,0.000367,0.895233
46.68,-0.000081,0.80864,0.000017,-0.79821,-0.00284,0.602373,-0.455245,-0.009373,0.890317
46.69,-0.000126,0.807144,0.000081,-0.806008,0.003009,0.591897,-0.465444,-0.006289,0.885055
46.7,0.000056,0.805261,-0.000111,-0.810289,0.001766,0.586028,-0.476766,-0.001579,0.879029
46.71,-0.000093,0.803542,0.000123,-0.816772,0.004809,0.576941,-0.48076,0.001232,0.876852
46.72,0.000053,0.801781,0.000187,-0.821001,-0.010871,0.570823,-0.489018,0.000612,0.872274
46.73,0.000025,0.799719,-0.00001,-0.825703,0.004332,0.564088,-0.497729,-0.007322,0.867302
46.74,0.000021,0.797613,-0.000013,-0.829351,0.002703,0.558721,-0.499481,0.005787,0.866305
46.75,0.000013,0.795532,0.000129,-0.839093,-0.009669,0.543902,-0.512423,-0.001039,0.858733
46.76,-0.000099,0.793385,0.000087,-0.838064,-0.004472,0.545553,-0.514271,-0.003363,0.857621
46.77,-0.000052,0.790904,-0.000036,-0.845504,0.001454,0.533968,-0.519964,0.001132,0.854188
46.78,-0.000154,0.788685,-0.000066,-0.852652,-0.008697,0.522407,-0.522288,-0.00027,0.852769
46.79,0.000017,0.786055,0.000007,-0.85234,0.002184,0.522984,-0.530726,-0.00352,0.847536
46.8,-0.000078,0.783492,0.000133,-0.856034,-0.007364,0.516867,-0.53773,-0.000064,0.843117
46.81,0.000011,0.780839,-0.000062,-0.860336,0.014149,0.50953,-0.542399,0.003354,0.840114
46.82,-0.00019,0.778252,-0.00003,-0.865089,0.001053,0.501618,-0.552658,-0.002078,0.833406
46.83,-0.000172,0.775356,-0.000073,-0.863519,0.002914,0.504309,-0.553228,0.001229,0.833029
46.84,0.000026,0.772422,0.000077,-0.871683,0.003625,0.490057,-0.573412,0.004922,0.819252
46.85,0.000045,0.769221,-0.000049,-0.87639,0.001031,0.481602,-0.576123,-0.003474,0.817356
46.86,-0.000054,0.766253,0.000048,-0.877235,0.003652,0.480047,-0.578313,0.014738,0.815682
46.87,0.000003,0.76302,-0.000127,-0.884411,0.005073,0.466681,-0.574843,-0.003937,0.818254
46.88,-0.000003,0.759809,0.000125,-0.889847,-0.002104,0.456255,-0.591419,0.004162,0.806354
46.89,0.000141,0.756498,0.000105,-0.890545,-0.012448,0.454724,-0.597044,-0.000164,0.802209
46.9,-0.000114,0.753148,0.000085,-0.892024,0.003875,0.451972,-0.602899,-0.000003,0.797817
46.91,-0.000016,0.749646,-0.000041,-0.895648,-0.008031,0.444692,-0.60775,-0.001715,0.794127
46.92,0.000011,0.746021,0.000192,-0.898696,-0.005577,0.438537,-0.616528,0.000567,0.787333
46.93,-0.000192,0.742307,0.000243,-0.903096,-0.007665,0.42937,-0.618238,-0.008949,0.78594
46.94,-0.000072,0.738529,0.000208,-0.90632,0.010887,0.422453,-0.621393,-0.008697,0.783451
46.95,0.000177,0.734747,-0.000006,-0.909843,0.000837,0.414952,-0.633892,-0.004096,0.773411
46.96,-0.000088,0.730793,-0.000017,-0.914046,-0.004578,0.405584,-0.639283,0.009001,0.768919
46.97,-0.000107,0.726851,0.000059,-0.910898,-0.004017,0.412612,-0.644531,-0.003283,0.764571
46.98,0.000003,0.722769,-0.000048,-0.918882,0.004248,0.394508,-0.64751,0.003751,0.762048
46.99,0.000026,0.718638,0.000005,-0.919888,0.000707,0.392181,-0.655103,0.007371,0.755503
47,-0.000061,0.714417,0.000062,-0.923103,0.001337,0.384551,-0.654758,0.003281,0.755832
47.01,-0.000049,0.710148,0.000147,-0.925923,-0.00085,0.377712,-0.65957,0.005488,0.751623
47.02,-0.000065,0.705697,-0.00004,-0.92882,-0.010457,0.370384,-0.664959,-0.003659,0.746871
47.03,-0.000052,0.701278,0.000129,-0.933521,0.000235,0.358523,-0.679938,-0.00321,0.733263
47.04,-0.000023,0.696691,-0.000006,-0.936689,-0.000294,0.350163,-0.681294,-0.000482,0.73201
47.05,-0.000019,0.69199,0.000066,-0.933962,0.008101,0.357281,-0.680582,0.003126,0.732665
47.06,-0.000036,0.687315,0.000083,-0.937181,0.00617,0.348789,-0.683749,0.002916,0.729712
47.07,-0.000056,0.682678,0.000014,-0.938678,0.000075,0.344796,-0.694824,-0.002598,0.719175
47.08,0.000003,0.677919,0.000071,-0.94462,0.001224,0.328165,-0.696416,0.003627,0.717629
47.09,0.00003,0.672815,0.000025,-0.945024,0.009865,0.326851,-0.704683,0.002518,0.709518
47.1,-0.000199,0.667868,-0.000041,-0.948647,0.001399,0.316335,-0.701092,0.005368,0.713051
47.11,-0.000028,0.662642,-0.000019,-0.948908,-0.003862,0.31553,-0.716136,-0.005106,0.697942
47.12,-0.000031,0.657716,-0.000087,-0.952319,-0.000535,0.305105,-0.715566,-0.007015,0.69851
47.13,-0.000073,0.652695,0.000122,-0.952234,0.007617,0.305273,-0.717742,0.002743,0.696304
47.14,-0.000024,0.646961,-0.000024,-0.956049,0.013356,0.292903,-0.729056,-0.005051,0.684436
47.15,0.000006,0.641867,0.000094,-0.957385,0.001792,0.288811,-0.730676,0.002402,0.682721
47.16,0.000044,0.636435,0.000128,-0.961603,0.002381,0.274433,-0.735705,0.009086,0.677241
47.17,-0.000191,0.631151,0.000029,-0.963097,-0.003016,0.269137,-0.741114,-0.002594,0.671375
47.18,-0.000093,0.625506,0.000107,-0.961869,-0.006273,0.27344,-0.747285,0.00243,0.6645
47.19,0.000045,0.619697,0.000079,-0.964871,-0.005713,0.262662,-0.745856,-0.006405,0.666077
47.2,0.000023,0.613957,0.000036,-0.967887,-0.005934,0.251315,-0.751289,-0.00688,0.659938
47.21,-0.000059,0.608266,-0.000005,-0.966968,-0.007272,0.254793,-0.759559,0.003437,0.650429
47.22,-0.000146,0.602498,0.000076,-0.968696,-0.00506,0.248197,-0.759417,-0.004133,0.650591
47.23,0.00006,0.596559,-0.000003,-0.973258,-0.012967,0.229349,-0.765964,0.003199,0.642876
47.24,-0.000162,0.590611,0.000028,-0.969854,-0.000219,0.243687,-0.769096,0.002507,0.639128
47.25,0.000133,0.584774,0.000189,-0.972315,0.004586,0.23363,-0.773699,-0.003404,0.633544
47.26,-0.000116,0.578369,0.000034,-0.973533,0.007283,0.228432,-0.774889,0.005957,0.632069
47.27,-0.000115,0.572456,0.000064,-0.97747,0.000553,0.211074,-0.773335,0.003856,0.633986
47.28,-0.000073,0.566117,0.000162,-0.976928,-0.004647,0.213518,-0.787136,-0.001716,0.616778
47.29,-0.000119,0.559881,-0.000059,-0.977689,-0.001975,0.21005,-0.784873,0.002286,0.619652
47.3,-0.000056,0.553443,0.000081,-0.979608,0.006129,0.200827,-0.79436,-0.003759,0.607436
47.31,-0.000025,0.547201,0.000113,-0.981238,-0.005258,0.192728,-0.792323,0.003849,0.610089
47.32,-0.00009,0.540525,-0.000015,-0.981436,0.006295,0.191688,-0.797738,-0.007409,0.602959
47.33,-0.000075,0.534099,-0.00001,-0.983117,-0.00475,0.182915,-0.799377,-0.003587,0.600819
47.34,0.000054,0.52762,0.000031,-0.982304,0.006829,0.187171,-0.799879,0.003975,0.600148
47.35,-0.000081,0.520884,0.00005,-0.984852,0.001747,0.173391,-0.805282,0.001777,0.592889
47.36,-0.000041,0.514072,0.000017,-0.98636,-0.00771,0.16442,-0.810089,0.001606,0.586305
47.37,-0.000199,0.507464,0.000112,-0.987001,0.006204,0.160594,-0.814225,-0.001582,0.580548
47.38,-0.00013,0.500669,0.000002,-0.985561,0.01013,0.169017,-0.812631,-0.002921,0.582771
47.39,-0.000098,0.493963,0.00013,-0.989695,0.005089,0.143098,-0.817457,0.000341,0.575989
47.4,0.000002,0.486843,0.000089,-0.98879,0.001555,0.149305,-0.814903,0.010066,0.57951
47.41,-0.000055,0.479951,-0.000023,-0.988942,0.005425,0.148201,-0.820546,0.004856,0.57156
47.42,-0.000045,0.472858,-0.000067,-0.990878,-0.002255,0.134741,-0.823746,0.002875,0.566952
47.43,0.000105,0.465889,-0.000013,-0.989747,0.002176,0.142818,-0.830079,-0.003613,0.557634
47.44,-0.000164,0.458634,-0.000018,-0.991439,-0.005274,0.130464,-0.827502,-0.002444,0.561457
47.45,-0.000091,0.451393,-0.000017,-0.993028,-0.00729,0.117651,-0.836463,0.004945,0.548
47.46,-0.000034,0.444334,-0.000115,-0.993115,-0.00152,0.117133,-0.833153,-0.002152,0.553038
47.47,-0.000039,0.436943,-0.000035,-0.993201,-0.000136,0.116415,-0.832865,-0.006906,0.553433
47.48,-0.000066,0.429648,0.000114,-0.993113,-0.002923,0.117122,-0.836395,-0.008564,0.54806
47.49,0.000021,0.422314,-0.000001,-0.994486,0.009255,0.104464,-0.840658,-0.004017,0.541552
47.5,0.000114,0.415087,0.000087,-0.994324,-0.004472,0.106304,-0.84124,-0.007272,0.540613
47.51,-0.000052,0.407554,0.000178,-0.994454,0.003484,0.105119,-0.848724,-0.006115,0.5288
47.52,-0.000084,0.400119,0.00004,-0.994598,-0.002685,0.103767,-0.851296,-0.002402,0.52468
47.53,0.000054,0.392373,0.00006,-0.994839,-0.000917,0.101457,-0.852111,0.006485,0.523321
47.54,-0.000078,0.384829,0.000141,-0.995443,-0.007897,0.095028,-0.851073,-0.002659,0.52504
47.55,-0.000116,0.377168,0.000101,-0.996587,-0.006206,0.082315,-0.851301,-0.004597,0.524658
47.56,-0.000079,0.369695,-0.000072,-0.996198,-0.000793,0.087119,-0.856233,0.001287,0.516588
47.57,0.000179,0.361749,0.000138,-0.997864,-0.006682,0.064989,-0.855499,0.004313,0.517786
47.58,0.0001,0.354097,-0.000068,-0.997086,0.00208,0.076256,-0.860961,0.00169,0.508668
47.59,-0.000068,0.346264,0.000103,-0.996925,0.006955,0.078052,-0.866762,0.0028,0.498714
47.6,0.000046,0.338524,0.000181,-0.997978,0.007338,0.063137,-0.865224,0.000696,0.501386
47.61,-0.000121,0.330644,-0.000097,-0.997641,0.005447,0.068433,-0.867358,-0.007025,0.497636
47.62,-0.000026,0.322562,-0.0001,-0.998119,0.003453,0.061207,-0.870535,0.007848,0.492045
47.63,0.00004,0.314712,0.000139,-0.998117,0.004926,0.061141,-0.872415,0.002516,0.48876
47.64,-0.000176,0.306635,0.000045,-0.998156,-0.001038,0.060688,-0.869256,0.000654,0.494362
47.65,-0.000097,0.298738,0,-0.998298,-0.006367,0.057965,-0.872281,0.001078,0.489003
47.66,-0.000069,0.290593,0.000165,-0.998878,-0.002917,0.047257,-0.873607,-0.002682,0.486626
47.67,-0.000067,0.282517,0.000113,-0.998993,0.002164,0.044804,-0.874136,-0.004947,0.485656
47.68,0.000003,0.274534,0.000073,-0.999062,-0.004059,0.043101,-0.874354,-0.006973,0.485239
47.69,-0.000073,0.26637,-0.000138,-0.999225,-0.001489,0.039342,-0.876739,-0.00798,0.4809
47.7,-0.000174,0.258112,0.000079,-0.999427,-0.001833,0.033789,-0.880246,0.00567,0.474484
47.71,0.000066,0.250013,0.000031,-0.998933,0.008184,0.045441,-0.878624,-0.006693,0.477468
47.72,0.000058,0.241777,0.000111,-0.999337,-0.000494,0.036409,-0.875396,0.007595,0.483347
47.73,-0.000002,0.233449,0.000081,-0.99959,-0.007509,0.027624,-0.879237,-0.001181,0.476383
47.74,-0.000022,0.225193,-0.000036,-0.999542,-0.005602,0.029741,-0.882861,-0.001883,0.469631
47.75,-0.00015,0.217116,0.000237,-0.999382,-0.004356,0.034885,-0.882679,0.005444,0.469944
47.76,0.000022,0.208814,-0.000063,-0.999698,0.008732,0.022968,-0.885296,0.011431,0.464888
47.77,0.000083,0.200507,0.000194,-0.999768,-0.001893,0.021463,-0.882591,-0.002652,0.470135
47.78,-0.000121,0.192066,0.000044,-0.999855,-0.006589,0.015691,-0.890257,-0.001096,0.455456
47.79,0.000054,0.183531,0.000055,-0.99972,0.004168,0.023281,-0.889504,0.002291,0.456921
47.8,-0.000089,0.175222,0.000045,-0.999789,0.007381,0.019191,-0.886554,-0.003659,0.462611
47.81,0.000057,0.166828,0.00009,-0.99989,-0.001425,0.014761,-0.890461,0.01662,0.454757
47.82,-0.000042,0.158288,0.000054,-0.999927,-0.010403,0.00607,-0.890122,-0.007575,0.455659
47.83,0.000026,0.149865,0.000079,-0.999969,0.002622,0.007489,-0.89493,-0.001725,0.446202
47.84,-0.000042,0.14137,-0.000004,-0.999928,0.00455,0.011137,-0.889605,0.002839,0.456722
47.85,-0.000202,0.132935,0.000103,-0.999953,-0.008883,0.003855,-0.889101,-0.002506,0.457705
47.86,-0.000124,0.124544,-0.000048,-0.999946,0.000074,0.010394,-0.889418,-0.002361,0.457089
47.87,0.000048,0.11588,0.000081,-0.999915,-0.012423,0.00387,-0.892376,0.006578,0.451245
47.88,0.00006,0.107405,0.000056,-0.999912,-0.001711,0.013135,-0.889508,-0.000169,0.45692
47.89,-0.000131,0.098674,0.00007,-0.999984,0.001555,0.005463,-0.891237,0.009781,0.453432
47.9,0.000098,0.090301,0.000051,-0.999952,-0.00104,0.009775,-0.89685,0.004194,0.442315
47.91,-0.00001,0.081718,0.000204,-0.999979,0.00394,0.005083,-0.89279,-0.000936,0.450472
47.92,-0.000105,0.073147,0.000078,-0.999958,-0.008101,0.004203,-0.892384,0.002022,0.451273
47.93,-0.000105,0.064413,0.000164,-0.99998,-0.006246,0.001213,-0.895577,-0.006558,0.444858
47.94,-0.00001,0.055893,0.000063,-0.999997,-0.000344,-0.002495,-0.895629,0.002923,0.444792
47.95,0.000046,0.047324,0.000194,-0.999964,0.008481,0.000798,-0.896299,0.003982,0.443431
47.96,-0.000062,0.038647,0.000044,-0.999987,-0.004408,-0.002741,-0.895941,0.003107,0.444162
47.97,-0.000121,0.030079,0.000161,-0.999968,0.002384,0.007613,-0.894939,-0.005286,0.446158
47.98,0.00011,0.021556,0.000071,-0.999923,0.008365,-0.009218,-0.898667,0.004888,0.438604
47.99,-0.000118,0.012803,0.000086,-0.999997,0.000843,0.002405,-0.897791,0.000034,0.440422
48,-0.000024,0.004228,0.000015,-0.999994,-0.002179,-0.002637,-0.899362,0.002848,0.437196
48.01,0.000097,-0.004248,0.000059,-0.999973,-0.004576,-0.005722,-0.892924,0.005022,0.45018
48.02,-0.000019,-0.012836,0.000085,-0.99999,-0.004535,0.000498,-0.898608,0.002526,0.438745
48.03,-0.000018,-0.021695,-0.000093,-0.999988,0.00395,-0.002819,-0.894107,0.00311,0.447843
48.04,-0.000205,-0.030363,0.000053,-0.999927,-0.004653,0.011158,-0.89925,0.004224,0.437415
48.05,-0.00001,-0.038847,0.000093,-0.999989,0.002899,0.003614,-0.892537,0.003152,0.450963
48.06,0,-0.047379,-0.000074,-0.999987,0.003759,0.003533,-0.899493,0.007547,0.436871
48.07,0.000087,-0.055848,0.000004,-0.999968,-0.008008,-0.000128,-0.893876,0.004522,0.448291
48.08,0.00013,-0.064554,-0.000014,-0.999983,-0.005428,-0.002039,-0.897455,0.003511,0.441092
48.09,-0.000075,-0.073302,0.000024,-0.999988,-0.004262,-0.002286,-0.893354,0.004673,0.449329
48.1,-0.000179,-0.081616,0.000082,-0.999977,0.006618,-0.001332,-0.892747,-0.002181,0.450553
48.11,-0.00016,-0.090231,-0.000096,-0.999962,0.006574,-0.005659,-0.892938,-0.003743,0.450164
48.12,-0.000025,-0.098795,0.00006,-0.999966,0.006318,0.00528,-0.893815,-0.00619,0.448394
48.13,-0.000137,-0.107391,0.000038,-0.999946,-0.000139,0.010374,-0.892742,-0.001529,0.450565
48.14,-0.000034,-0.115785,0.000202,-0.999984,-0.000448,0.00557,-0.894673,0.00706,0.446666
48.15,0.000099,-0.12449,-0.000011,-0.999982,0.001183,0.005964,-0.891986,-0.007261,0.452004
48.16,-0.000037,-0.132904,-0.000126,-0.999854,0.000709,0.017086,-0.890955,0.004731,0.454067
48.17,-0.000093,-0.141277,-0.000054,-0.99991,-0.004329,0.012685,-0.890215,-0.003758,0.455524
48.18,-0.000104,-0.149972,0.000096,-0.999757,0.006515,0.02106,-0.887688,-0.004195,0.460426
48.19,-0.000045,-0.158399,-0.000079,-0.999792,0.009866,0.01783,-0.888263,0.007266,0.459277
48.2,0.000014,-0.166813,-0.000004,-0.999803,0.000318,0.019848,-0.888548,0.001051,0.458783
48.21,-0.000037,-0.175169,-0.000075,-0.99992,0.004948,0.011675,-0.889363,0.008031,0.457132
48.22,-0.000175,-0.183733,-0.000023,-0.999847,0.001479,0.017438,-0.883546,0.004608,0.468322
48.23,-0.000305,-0.192081,0.000151,-0.999542,-0.001383,0.030226,-0.883156,-0.002962,0.469071
48.24,-0.000068,-0.200304,-0.000197,-0.999792,0.000461,0.020412,-0.884371,-0.005076,0.466758
48.25,-0.000049,-0.208614,0.000191,-0.999724,-0.001553,0.023429,-0.886867,-0.005256,0.461995
48.26,-0.000083,-0.217127,0.000087,-0.999613,-0.003278,0.027636,-0.878667,-0.007358,0.477379
48.27,-0.000146,-0.225382,-0.000092,-0.999405,-0.00835,0.033461,-0.886147,0.001143,0.463404
48.28,-0.000032,-0.23362,0.000196,-0.99937,0.002472,0.035413,-0.88237,-0.000072,0.470555
48.29,-0.000008,-0.241924,0.000046,-0.999137,0.00319,0.041414,-0.88179,-0.00235,0.471636
48.3,-0.000152,-0.250082,0.000035,-0.999046,-0.001944,0.043637,-0.880195,0.00739,0.474554
48.31,-0.000003,-0.258194,-0.000121,-0.999405,-0.004908,0.034151,-0.87596,-0.001845,0.48238
48.32,-0.000011,-0.266374,-0.000051,-0.998721,0.006116,0.050191,-0.877994,-0.002569,0.478665
48.33,0.000127,-0.274635,0.000269,-0.999079,-0.007584,0.042235,-0.875214,-0.000098,0.483736
48.34,0.000029,-0.282591,0.000077,-0.998816,0.00784,0.048012,-0.875968,0.01073,0.482249
48.35,0.000049,-0.290839,-0.000017,-0.998987,0.003923,0.044839,-0.871173,0.003672,0.490963
48.36,-0.000211,-0.298742,-0.000008,-0.998281,0.006565,0.058249,-0.873961,-0.003526,0.485983
48.37,0.000026,-0.306745,-0.000064,-0.99812,0.006101,0.06098,-0.86843,0.006434,0.49577
48.38,0.000022,-0.314749,0.000071,-0.997628,0.002254,0.068792,-0.866326,0.001405,0.499477
48.39,0.000001,-0.322714,0.000055,-0.99809,-0.001075,0.061772,-0.864892,-0.008346,0.501888
48.4,0.000053,-0.330703,-0.000052,-0.99782,0.000774,0.065993,-0.866389,-0.00875,0.499292
48.41,-0.000106,-0.338393,0.000025,-0.99697,-0.000649,0.077781,-0.861341,-0.000586,0.508027
48.42,0.000128,-0.346585,-0.000009,-0.997141,-0.000238,0.075567,-0.86042,-0.006228,0.509548
48.43,-0.000078,-0.354084,0.000171,-0.996764,-0.004331,0.080272,-0.859185,-0.003221,0.511656
48.44,-0.000056,-0.361951,0.000127,-0.996974,-0.009723,0.077122,-0.860343,-0.002716,0.509708
48.45,0.000096,-0.3698,0.000104,-0.99667,0.007152,0.081226,-0.853618,0.00132,0.520898
48.46,-0.000014,-0.377324,0.000012,-0.995549,-0.007328,0.093956,-0.852695,-0.003515,0.522397
48.47,-0.000014,-0.384881,0.000032,-0.996042,-0.000688,0.08888,-0.848334,-0.001317,0.529459
48.48,-0.000142,-0.392449,-0.000005,-0.994552,-0.002414,0.104215,-0.848495,-0.007779,0.529146
48.49,-0.000032,-0.400073,0.000071,-0.994628,0.004136,0.103436,-0.850017,0.006888,0.52671
48.5,0.000026,-0.407504,0.000111,-0.993515,-0.001638,0.113693,-0.841,0.000138,0.541035
48.51,-0.000161,-0.414943,0.000079,-0.992965,-0.005093,0.118298,-0.847634,-0.006534,0.53054
48.52,-0.000094,-0.422412,-0.000191,-0.993239,0.002823,0.116054,-0.844754,-0.007489,0.535103
48.53,-0.000033,-0.4298,-0.000145,-0.993588,-0.005138,0.112946,-0.841008,-0.001008,0.541022
48.54,0.000005,-0.43714,0.000078,-0.992458,-0.003945,0.122523,-0.836867,0.002217,0.547402
48.55,-0.000061,-0.444314,0.000061,-0.992637,-0.003347,0.121084,-0.837165,0.006741,0.546908
48.56,-0.000065,-0.451537,0.000126,-0.99083,-0.002099,0.135099,-0.832024,-0.006034,0.554706
48.57,-0.000238,-0.458751,0.000001,-0.989599,-0.00146,0.143846,-0.825214,0.000355,0.56482
48.58,-0.000137,-0.465763,0.000137,-0.989693,0.004358,0.14314,-0.821512,-0.002719,0.570185
48.59,-0.00013,-0.473047,0.000125,-0.989191,0.005076,0.146546,-0.823146,-0.004562,0.567812
48.6,-0.000095,-0.479998,-0.000119,-0.987885,0.001224,0.155183,-0.82054,-0.003044,0.571582
48.61,-0.000052,-0.486839,0.000013,-0.987018,-0.005389,0.160517,-0.820517,0.00371,0.57161
48.62,-0.00005,-0.4937,0.00013,-0.987927,-0.004262,0.154859,-0.819436,0.002331,0.573167
48.63,0.000084,-0.500658,0.000158,-0.986236,-0.001224,0.165339,-0.809631,0.000582,0.586939
48.64,-0.000185,-0.50759,-0.000091,-0.985321,0.002912,0.170689,-0.806286,-0.0016,0.591524
48.65,0.000154,-0.514252,0.000042,-0.985026,-0.008551,0.172194,-0.804145,0.002165,0.594429
48.66,-0.000106,-0.52105,-0.000192,-0.981784,0.003884,0.18996,-0.802425,-0.001365,0.596752
48.67,0.000156,-0.527605,0.000058,-0.984082,0.010113,0.177425,-0.797031,0.003362,0.603929
48.68,-0.000163,-0.534181,0.000086,-0.982589,0.001723,0.185787,-0.799738,-0.010322,0.60026
48.69,-0.000047,-0.540642,-0.00002,-0.979785,-0.01564,0.199441,-0.788589,-0.00482,0.614902
48.7,-0.000012,-0.547078,0.000102,-0.981162,-0.003349,0.193157,-0.791741,-0.003078,0.610849
48.71,-0.000007,-0.553566,-0.000033,-0.979934,-0.005888,0.199233,-0.780684,-0.00071,0.624926
48.72,0.000008,-0.559931,-0.00003,-0.978195,-0.007778,0.207543,-0.783547,-0.005738,0.621306
48.73,0.000027,-0.566315,0.000004,-0.976119,0.010152,0.216999,-0.776173,-0.000261,0.630521
48.74,0.000028,-0.572309,0.00002,-0.972689,0.003148,0.232091,-0.777001,-0.002974,0.629492
48.75,-0.000035,-0.578497,0.000047,-0.973008,0.00237,0.230759,-0.774026,0.005941,0.633125
48.76,-0.000107,-0.584597,0.000067,-0.971391,0.011168,0.237223,-0.763612,0.00262,0.645669
48.77,-0.000031,-0.590564,0.00008,-0.973439,-0.000567,0.228946,-0.765311,-0.004178,0.643647
48.78,-0.00008,-0.596608,0.000222,-0.970157,0.005034,0.242426,-0.762716,-0.004659,0.646717
48.79,-0.000103,-0.602541,-0.000017,-0.96709,0.002524,0.254421,-0.753807,-0.001955,0.657093
48.8,-0.000009,-0.608458,0.000092,-0.967785,0.007622,0.251662,-0.756525,0.003015,0.653958
48.81,0.000026,-0.614178,-0.000021,-0.964807,-0.001503,0.262953,-0.748026,0.01184,0.663563
48.82,-0.00017,-0.619803,-0.000045,-0.962144,0.005201,0.272491,-0.74617,-0.002632,0.66575
48.83,-0.000095,-0.625471,-0.000007,-0.963296,0.006023,0.268372,-0.743306,0.0104,0.66887
48.84,0.000033,-0.630854,-0.000133,-0.963314,-0.007022,0.268284,-0.738581,-0.002349,0.674161
48.85,-0.000111,-0.636462,-0.000039,-0.958791,0.004132,0.284082,-0.733775,-0.001905,0.67939
48.86,-0.000087,-0.641885,0.000174,-0.957078,-0.004611,0.289795,-0.726334,0.012635,0.687225
48.87,0.000062,-0.647279,0.000064,-0.954461,-0.000777,0.298335,-0.72318,0.007414,0.69062
48.88,-0.000072,-0.652547,-0.000049,-0.952536,-0.000448,0.304426,-0.711361,0.001772,0.702825
48.89,-0.000195,-0.657771,0.000138,-0.951398,0.003378,0.307946,-0.719343,-0.000598,0.694655
48.9,0.000027,-0.663037,0.000036,-0.949904,0.005576,0.312491,-0.703402,-0.004829,0.710776
48.91,-0.000095,-0.667912,-0.000043,-0.947992,-0.001944,0.318289,-0.708633,0.006917,0.705543
48.92,0.00004,-0.672944,0.000103,-0.941402,-0.003236,0.337271,-0.70357,-0.005179,0.710607
48.93,0.000036,-0.678011,0.000034,-0.941527,0.007825,0.336845,-0.698309,0.000329,0.715796
48.94,0.000092,-0.682681,0.000144,-0.939502,-0.0008,0.342542,-0.687445,0.002201,0.726233
48.95,-0.000003,-0.687492,0.000078,-0.934741,0.006431,0.355272,-0.681431,0.006001,0.731858
48.96,0.000052,-0.692027,0.00018,-0.934022,-0.002299,0.357209,-0.68439,-0.000164,0.729117
48.97,-0.000136,-0.696682,-0.000067,-0.930128,-0.001494,0.367233,-0.680861,0.000248,0.732412
48.98,-0.000051,-0.701311,0.000108,-0.92866,-0.00387,0.370912,-0.676131,0.002136,0.736778
48.99,-0.000012,-0.705646,0,-0.926329,0.003894,0.376696,-0.659074,-0.005519,0.752058
49,0.000034,-0.710105,0.000053,-0.923233,-0.000379,0.38424,-0.653938,-0.006796,0.756517
49.01,-0.000144,-0.714395,0.000081,-0.921528,0.005856,0.388268,-0.644177,-0.011429,0.764791
49.02,0.000029,-0.718676,0.000031,-0.9176,-0.000947,0.397504,-0.656449,0.001581,0.754368
49.03,-0.000006,-0.722782,0.000113,-0.916808,0.006557,0.399276,-0.643769,-0.00092,0.765219
49.04,0.000125,-0.726946,0.000228,-0.913844,0.007543,0.405994,-0.638957,0.000775,0.769242
49.05,-0.000298,-0.730799,-0.000018,-0.90928,0.002959,0.416173,-0.634276,0.006701,0.773078
49.06,0.000135,-0.73487,0.000146,-0.903891,-0.004379,0.42774,-0.626103,0.005982,0.779717
49.07,-0.000126,-0.738721,0.000123,-0.907902,-0.001103,0.419181,-0.619255,-0.003598,0.785182
49.08,0.000036,-0.742431,0.000263,-0.896301,-0.007312,0.443386,-0.605347,0.003168,0.795956
49.09,-0.000068,-0.745902,-0.000035,-0.898685,-0.006836,0.438542,-0.612677,0.001615,0.790332
49.1,-0.000124,-0.749615,-0.000035,-0.892434,0.006625,0.45113,-0.596579,-0.000978,0.802554
49.11,0,-0.753313,0.000069,-0.886131,0.000852,0.463433,-0.592165,0.001327,0.805815
49.12,-0.000089,-0.75663,0.000072,-0.882953,-0.006265,0.46942,-0.592908,0.00349,0.805262
49.13,-0.000059,-0.759923,0.000124,-0.882116,-0.000029,0.471032,-0.592463,0.004331,0.805586
49.14,-0.000014,-0.763105,0.000169,-0.878059,0.003282,0.478542,-0.580945,-0.003123,0.813937
49.15,-0.000046,-0.766236,0.000017,-0.87457,-0.001663,0.484896,-0.571279,-0.001011,0.820755
49.16,0.000013,-0.76935,0.000006,-0.868156,-0.001781,0.496288,-0.558168,0.002948,0.829723
49.17,-0.000171,-0.772509,-0.000029,-0.867952,-0.006669,0.496604,-0.565336,-0.007879,0.824823
49.18,0.000009,-0.775327,0.000028,-0.86144,0.004784,0.507836,-0.554455,-0.00051,0.832214
49.19,0.000002,-0.778084,0.000175,-0.858271,-0.002864,0.513188,-0.538433,0.003516,0.842661
49.2,-0.000091,-0.780847,0.000115,-0.855857,0.007911,0.517152,-0.538504,-0.00409,0.842613
49.21,-0.000122,-0.783545,-0.000026,-0.854088,-0.003178,0.520119,-0.536276,-0.000214,0.844042
49.22,-0.000059,-0.786095,-0.000094,-0.845811,-0.004887,0.53346,-0.531156,0.00331,0.847268
49.23,-0.000115,-0.788691,0.000061,-0.842755,0.000662,0.538297,-0.514585,0.000053,0.85744
49.24,-0.000104,-0.790991,-0.000021,-0.839826,0.006495,0.542817,-0.508664,0.007285,0.860935
49.25,-0.000084,-0.793287,0.000081,-0.842167,-0.000669,0.539216,-0.50751,-0.005206,0.86163
49.26,-0.000026,-0.795572,0.00014,-0.835892,-0.004267,0.548878,-0.499752,-0.001403,0.866168
49.27,0.00008,-0.797743,-0.00001,-0.828052,-0.000112,0.560651,-0.491781,-0.007836,0.870684
49.28,-0.00013,-0.799615,-0.000024,-0.823414,-0.004662,0.567422,-0.483211,0.005169,0.875489
49.29,-0.000154,-0.801709,0.000145,-0.814772,0.004855,0.579762,-0.483703,0.000851,0.875232
49.3,-0.000147,-0.803622,-0.000071,-0.810951,-0.004997,0.585092,-0.473683,0.006282,0.880673
49.31,-0.0001,-0.80526,0.000068,-0.810052,-0.002923,0.586351,-0.463909,-0.000966,0.885882
49.32,-0.000062,-0.807098,0.000078,-0.800963,0.005834,0.598685,-0.451096,0.00246,0.892472
49.33,-0.000049,-0.808821,-0.000049,-0.795063,0.000943,0.606526,-0.446897,-0.005074,0.894571
49.34,0.000135,-0.810309,0.000157,-0.796621,-0.002633,0.604473,-0.439419,-0.00234,0.898279
49.35,-0.000102,-0.811566,0.000114,-0.786721,-0.008632,0.617249,-0.434996,-0.000038,0.900433
49.36,-0.000058,-0.812852,-0.000028,-0.786623,0.004475,0.617418,-0.424103,0.000493,0.905614
49.37,-0.00006,-0.814359,-0.000014,-0.779328,0.004288,0.626602,-0.425741,0.001377,0.904844
49.38,-0.000071,-0.815537,0.000025,-0.775903,0.004541,0.630836,-0.418005,0.00269,0.908441
49.39,0.000097,-0.816684,-0.000055,-0.771076,0.006668,0.636709,-0.404782,-0.004764,0.914401
49.4,-0.000122,-0.817563,0.000141,-0.755681,0.004407,0.654925,-0.398825,0.000679,0.917027
49.41,0.000023,-0.818382,0.000071,-0.755949,0.003972,0.654619,-0.387843,-0.003986,0.921717
49.42,0.000168,-0.819331,-0.000046,-0.752157,0.000132,0.658984,-0.380439,0.004319,0.924796
49.43,-0.000042,-0.819937,0.000033,-0.753711,0.006712,0.657172,-0.364091,0.003471,0.931357
49.44,-0.000112,-0.820699,0.00003,-0.742835,0.003877,0.669463,-0.375737,0.005838,0.926708
49.45,-0.000101,-0.821168,-0.00004,-0.736102,0.004211,0.676857,-0.354378,-0.00895,0.935059
49.46,0.000077,-0.821538,0.000214,-0.732528,-0.00199,0.680734,-0.343772,-0.002108,0.939051
49.47,-0.000084,-0.821932,0.000032,-0.724023,-0.005599,0.689753,-0.343953,0.00561,0.93897
49.48,-0.000038,-0.82223,0.000039,-0.715593,-0.000694,0.698517,-0.336501,0.005407,0.941668
49.49,-0.00021,-0.822412,0.000113,-0.710193,-0.006585,0.703976,-0.326394,0.012993,0.945145
49.5,-0.000208,-0.822509,0.000103,-0.706218,0.002912,0.707989,-0.316198,-0.002651,0.948689
49.51,0.00007,-0.822486,0.000093,-0.697155,-0.002366,0.716917,-0.311667,0.00512,0.950177
49.52,0.000112,-0.822276,0.000014,-0.694224,-0.005852,0.719735,-0.301279,-0.001864,0.953534
49.53,-0.000092,-0.82212,0.000073,-0.693513,-0.001177,0.720443,-0.296192,0.009359,0.955083
49.54,-0.000087,-0.821957,0.000081,-0.683791,0.007301,0.729642,-0.28861,0.000125,0.957447
49.55,-0.000057,-0.821599,0.000033,-0.675639,-0.009883,0.737166,-0.282673,0.009727,0.959167
49.56,-0.000169,-0.820976,0.000159,-0.671536,0.005759,0.74095,-0.272579,0.003167,0.962128
49.57,0.000092,-0.820597,0.000064,-0.66775,-0.003336,0.744378,-0.263448,0.003715,0.964667
49.58,0.00001,-0.819883,-0.000105,-0.665873,0.003422,0.746057,-0.253179,-0.001356,0.967419
49.59,-0.000009,-0.81932,0.000047,-0.649293,-0.008633,0.760489,-0.252244,0.000372,0.967664
49.6,-0.000097,-0.818275,0.0001,-0.652248,-0.009643,0.757944,-0.242167,0.006983,0.970209
49.61,-0.000042,-0.817402,0.000047,-0.641611,0.004582,0.767016,-0.227504,-0.003997,0.973769
49.62,-0.000102,-0.816549,0.000022,-0.630977,-0.003964,0.775791,-0.227717,-0.007212,0.973701
49.63,-0.000035,-0.815381,0.000043,-0.630412,0.00503,0.776244,-0.228903,0.000258,0.973449
49.64,-0.000045,-0.814197,0.000079,-0.625563,-0.004902,0.780159,-0.218304,-0.001952,0.975879
49.65,0.000043,-0.813015,-0.000059,-0.619391,0.002222,0.78508,-0.193925,0.005999,0.980998
49.66,-0.000137,-0.811823,0.000152,-0.615916,-0.002799,0.787807,-0.192952,-0.001744,0.981207
49.67,-0.000004,-0.810284,-0.000032,-0.607933,0.000354,0.793988,-0.179527,-0.000166,0.983753
49.68,-0.000008,-0.808729,0.000081,-0.600174,0.007156,0.799837,-0.178374,-0.002564,0.983959
49.69,-0.000112,-0.8072,0.000189,-0.590073,0.00091,0.80735,-0.166451,0.003186,0.986045
49.7,-0.000122,-0.805403,0.000169,-0.578412,-0.006591,0.815718,-0.164257,0.001186,0.986417
49.71,-0.000198,-0.80355,0.00006,-0.576326,-0.00224,0.817217,-0.155336,-0.004814,0.98785
49.72,-0.000052,-0.801708,-0.000049,-0.568186,0.005569,0.822882,-0.151753,-0.00828,0.988384
49.73,-0.000232,-0.799602,0.000029,-0.561724,0.001296,0.827324,-0.144083,-0.003095,0.989561
49.74,0.000038,-0.797615,0.000079,-0.555078,-0.000935,0.831798,-0.116502,-0.000411,0.99319
49.75,0,-0.795507,0.00019,-0.55062,0.001563,0.834754,-0.121065,-0.000417,0.992644
49.76,0.000003,-0.793231,0.000028,-0.543753,0.002992,0.83924,-0.110043,0.002237,0.993924
49.77,-0.000076,-0.791016,0.000088,-0.529948,-0.000478,0.84803,-0.107287,-0.00499,0.994216
49.78,0.000007,-0.788452,0.000126,-0.532388,0.009931,0.846442,-0.097605,0.002645,0.995222
49.79,-0.000034,-0.785959,0.000082,-0.519929,0.006457,0.854185,-0.101108,0.002367,0.994873
49.8,-0.000008,-0.783513,0.000025,-0.516884,-0.001775,0.856053,-0.087205,-0.001349,0.996189
49.81,-0.000134,-0.780883,0.000027,-0.509158,-0.002699,0.860669,-0.077773,-0.000817,0.996971
49.82,-0.000114,-0.778137,0.000037,-0.499394,-0.006326,0.866352,-0.067733,0.013457,0.997613
49.83,-0.00009,-0.775468,0.000039,-0.494393,0.005258,0.869222,-0.053711,-0.008581,0.99852
49.84,0.000113,-0.77232,0.000147,-0.489635,0.001718,0.871926,-0.054055,0.001715,0.998536
49.85,-0.000041,-0.769304,-0.000004,-0.484539,-0.00308,0.874764,-0.041955,-0.005341,0.999105
49.86,-0.000079,-0.766264,-0.000069,-0.472162,-0.00001,0.881512,-0.034166,-0.002534,0.999413
49.87,-0.000034,-0.763112,0.000199,-0.466773,0.003703,0.88437,-0.034067,0.00008,0.99942
49.88,-0.0001,-0.759847,-0.000002,-0.465263,0.004296,0.885162,-0.024427,-0.004429,0.999692
49.89,-0.000086,-0.756779,-0.000027,-0.452841,0.003311,0.891585,-0.016058,-0.000378,0.999871
49.9,0.00006,-0.753081,0.000067,-0.444286,-0.002299,0.895882,0.000699,-0.00245,0.999997
49.91,0.000174,-0.749576,-0.000053,-0.444114,0.001017,0.89597,0.001279,0.00417,0.99999
49.92,-0.000057,-0.746042,0.000193,-0.439841,-0.010126,0.898018,0.017713,-0.00896,0.999803
49.93,-0.000117,-0.742333,0.000138,-0.430389,-0.000599,0.902643,0.011952,0.005143,0.999915
49.94,-0.000109,-0.738614,-0.000119,-0.42889,-0.002633,0.903353,0.017819,0.003371,0.999836
49.95,-0.00003,-0.734982,0.000021,-0.418859,-0.001025,0.908051,0.027486,-0.001397,0.999621
49.96,0.000109,-0.730846,0.000058,-0.414199,0.006438,0.910163,0.037338,0.003017,0.999298
49.97,-0.000026,-0.726705,0.000102,-0.404919,0.005516,0.914336,0.041877,0.000286,0.999123
49.98,0.000051,-0.722859,0.000017,-0.406847,0.001962,0.913494,0.052515,-0.00777,0.99859
49.99,-0.000129,-0.718687,-0.000006,-0.394267,0.00257,0.918992,0.055393,-0.002204,0.998462
50,0.000046,-0.714389,0.000044,-0.380081,0.000079,0.924953,0.062098,0.011918,0.997999
50.01,-0.000086,-0.710387,0.000003,-0.364703,0.003783,0.931116,0.073915,-0.000185,0.997265
50.02,-0.000013,-0.705697,-0.000212,-0.377979,-0.008183,0.925778,0.085335,0.001638,0.996351
50.03,-0.000246,-0.701278,-0.000035,-0.364794,0.002938,0.931084,0.085304,-0.005944,0.996337
50.04,-0.000058,-0.696794,0.000105,-0.361527,0.002327,0.932359,0.094437,-0.003875,0.995523
50.05,-0.000199,-0.692188,0.000135,-0.351445,0.004606,0.936197,0.091458,0.001996,0.995807
50.06,-0.000021,-0.687519,0.000093,-0.342276,0.000309,0.939599,0.107509,0.002084,0.994202
50.07,-0.000014,-0.682758,0.000114,-0.336132,-0.001046,0.941814,0.119469,-0.003531,0.992832
50.08,0.000019,-0.677852,0.000135,-0.333912,0.002744,0.9426,0.119196,-0.002634,0.992867
50.09,-0.00014,-0.672859,0.000037,-0.317682,-0.013235,0.948105,0.125403,0.003593,0.992099
50.1,-0.00012,-0.667987,0.000155,-0.309554,0.000433,0.950882,0.138264,-0.004491,0.990385
50.11,-0.000087,-0.662903,-0.000002,-0.3088,0.013964,0.951024,0.144515,0.005116,0.989489
50.12,-0.000107,-0.657655,0.000245,-0.298565,-0.002908,0.954385,0.153674,-0.006474,0.9881
50.13,0.000077,-0.652487,0.000119,-0.302498,-0.001813,0.953148,0.155673,-0.006484,0.987787
50.14,-0.000069,-0.647295,-0.000047,-0.291485,-0.004653,0.956564,0.153714,-0.002209,0.988113
50.15,0.000085,-0.641932,-0.000008,-0.287469,0.003405,0.957784,0.168668,-0.005247,0.985659
50.16,-0.000094,-0.636466,0.000007,-0.277654,0.01263,0.960598,0.171034,0.011176,0.985202
50.17,-0.000037,-0.630978,0.00017,-0.270148,0.004537,0.962808,0.177673,0.014187,0.983987
50.18,-0.000146,-0.625408,-0.000006,-0.262704,-0.002531,0.964873,0.184576,-0.000427,0.982818
50.19,-0.000076,-0.619666,0.000108,-0.26012,0.007847,0.965544,0.197902,-0.000158,0.980222
50.2,-0.000072,-0.614067,0.000053,-0.258131,0.003236,0.966105,0.192705,-0.003795,0.981249
50.21,0.000057,-0.608388,0.000096,-0.255031,-0.002976,0.966928,0.203812,-0.010498,0.978954
50.22,-0.000057,-0.602516,0.000041,-0.24994,-0.004801,0.968249,0.215867,-0.010961,0.976361
50.23,-0.000092,-0.596612,0.000139,-0.23811,0.005475,0.971223,0.215021,0.003202,0.976604
50.24,-0.000091,-0.590693,0.000086,-0.234492,0.008183,0.972084,0.222495,0.000659,0.974934
50.25,-0.000104,-0.584559,0.000115,-0.224607,0.001574,0.974448,0.229823,-0.004204,0.973223
50.26,-0.000236,-0.5786,-0.000039,-0.225028,0.003237,0.974347,0.227641,0.000918,0.973745
50.27,0.000033,-0.572309,-0.000049,-0.209817,-0.001677,0.977739,0.239612,-0.005208,0.970855
50.28,-0.000098,-0.56618,0.000023,-0.210356,-0.000399,0.977625,0.249537,-0.006331,0.968345
50.29,0.000023,-0.559811,0.000105,-0.207815,-0.003222,0.978163,0.254313,-0.002902,0.967117
50.3,0.000055,-0.553475,0.000048,-0.198073,0.001042,0.980187,0.258415,0.004515,0.966023
50.31,-0.000076,-0.547218,0.000125,-0.19234,0.004351,0.981319,0.258839,0.009384,0.965875
50.32,0.000038,-0.540607,0.000026,-0.190844,0.005638,0.981604,0.267817,0.001562,0.963469
50.33,-0.000072,-0.534151,0.000162,-0.193535,-0.015156,0.980976,0.262569,-0.000413,0.964913
50.34,-0.000008,-0.527576,-0.000016,-0.177821,-0.002231,0.98406,0.270905,0.001982,0.962604
50.35,0,-0.520913,-0.000027,-0.167947,0.006982,0.985771,0.276715,-0.003561,0.960946
50.36,0.000113,-0.514345,0.000135,-0.167622,0.007038,0.985826,0.282004,0.005047,0.9594
50.37,-0.000056,-0.507503,-0.000013,-0.166837,0.001515,0.985983,0.287401,0.000262,0.95781
50.38,-0.000087,-0.500651,0.000038,-0.159107,0.0021,0.987259,0.293637,0.004239,0.955908
50.39,-0.000068,-0.493774,0.000116,-0.152689,0.002166,0.988272,0.304516,-0.004322,0.952497
50.4,-0.000024,-0.486916,0.000203,-0.159536,-0.002469,0.987189,0.307767,-0.005701,0.951445
50.41,-0.000053,-0.479935,0.000091,-0.1556,0.006957,0.987796,0.306637,-0.00356,0.95182
50.42,-0.000159,-0.473114,0.000066,-0.135272,-0.004068,0.9908,0.30834,-0.001141,0.951275
50.43,0.000036,-0.465858,0.000009,-0.134012,0.00167,0.990978,0.329,0.001016,0.944329
50.44,-0.000094,-0.458682,0.000029,-0.130416,-0.000347,0.991459,0.324902,-0.007659,0.945717
50.45,-0.000176,-0.45152,0.000075,-0.119693,-0.003922,0.992803,0.325164,-0.003511,0.945651
50.46,-0.000005,-0.444265,0.000169,-0.127458,0.008443,0.991808,0.334845,0.00108,0.942273
50.47,0.00001,-0.437098,-0.000127,-0.119234,-0.005817,0.992849,0.327745,-0.003484,0.94476
50.48,-0.000013,-0.429776,0.000168,-0.115687,-0.002413,0.993283,0.342184,0.00735,0.939604
50.49,0.000071,-0.422355,0.000173,-0.11018,-0.006172,0.993893,0.350152,0.006096,0.936673
50.5,-0.000045,-0.414986,-0.000018,-0.106162,0.003214,0.994344,0.3462,-0.008373,0.938123
50.51,-0.000065,-0.407506,0.000146,-0.097111,0.005275,0.99526,0.351842,-0.006449,0.936037
50.52,-0.000101,-0.399951,0.000256,-0.101303,-0.004329,0.994846,0.353293,-0.009854,0.935461
50.53,-0.000154,-0.392495,0.000057,-0.091569,0.002395,0.995796,0.361175,-0.002843,0.932494
50.54,0.000048,-0.384712,0.000161,-0.09777,-0.001639,0.995208,0.364292,-0.002394,0.931282
50.55,-0.000041,-0.377323,0.00005,-0.087866,0.001882,0.996131,0.35771,0.001501,0.933831
50.56,-0.000042,-0.369555,-0.000022,-0.088295,0.002427,0.996091,0.376059,0.002551,0.926592
50.57,0.000093,-0.361923,0.000113,-0.082277,-0.001579,0.996608,0.366633,-0.010306,0.930308
50.58,-0.00002,-0.354201,0.00006,-0.071452,-0.001247,0.997443,0.3729,0.002452,0.927868
50.59,-0.000037,-0.34633,0.000124,-0.07131,0.002192,0.997452,0.37765,0.005831,0.92593
50.6,-0.000079,-0.338264,0.000152,-0.072822,-0.00771,0.997315,0.382361,0.001059,0.924012
50.61,-0.000117,-0.330829,0.000163,-0.072393,0.007006,0.997352,0.383632,0.008024,0.923451
50.62,-0.000017,-0.322703,-0.000029,-0.062023,0.000837,0.998074,0.390535,0.006665,0.920564
50.63,-0.000162,-0.314931,0.000276,-0.06814,-0.002976,0.997671,0.385274,0.003121,0.922797
50.64,0.0001,-0.306844,0.000216,-0.048139,-0.006941,0.998817,0.397467,0.000107,0.917616
50.65,-0.000198,-0.298728,0.000115,-0.053459,0.005582,0.998554,0.393903,-0.000405,0.919152
50.66,-0.000113,-0.290787,-0.000036,-0.053793,0.011322,0.998488,0.398829,-0.004606,0.917014
50.67,-0.000035,-0.282562,0.00014,-0.050521,0.00594,0.998705,0.411716,0.002823,0.911308
50.68,-0.000003,-0.274475,-0.0001,-0.037435,-0.006061,0.999281,0.399474,-0.001797,0.916743
50.69,0.000136,-0.266443,-0.00006,-0.04465,-0.000975,0.999002,0.409292,0.003421,0.912397
50.7,-0.000072,-0.258332,0.000062,-0.036249,-0.005233,0.999329,0.407299,0.005505,0.913278
50.71,-0.000012,-0.250286,0.000163,-0.038275,0.001975,0.999265,0.39956,0.005597,0.91669
50.72,0.000111,-0.241955,0.000182,-0.032156,0.003785,0.999476,0.406785,0.007176,0.913496
50.73,0.00007,-0.233533,0.000195,-0.02671,-0.002277,0.999641,0.414556,-0.000117,0.910024
50.74,-0.000159,-0.225287,-0.000034,-0.029941,-0.003669,0.999545,0.418496,-0.002116,0.908216
50.75,0.000166,-0.217138,-0.000052,-0.031177,-0.003569,0.999508,0.419515,0.007358,0.907719
50.76,0.000058,-0.208681,0.000056,-0.018237,-0.005196,0.99982,0.419363,-0.001186,0.907818
50.77,-0.000027,-0.200339,0.000204,-0.00928,-0.004805,0.999945,0.42095,0.001824,0.907082
50.78,-0.000101,-0.192077,0.000004,-0.017058,0.000109,0.999854,0.424042,0.002317,0.905639
50.79,-0.000046,-0.183642,-0.000058,-0.015571,0.012461,0.999801,0.433674,-0.001665,0.901068
50.8,-0.000013,-0.175348,0.000027,-0.014433,0.000926,0.999895,0.434148,-0.00521,0.900826
50.81,-0.000061,-0.166835,0.000183,-0.007598,0.009978,0.999921,0.432137,-0.00491,0.901795
50.82,0.000103,-0.158277,0.000192,-0.01188,0.000269,0.999929,0.430885,0.001039,0.902406
50.83,-0.000064,-0.149788,0.000049,-0.016299,0.00187,0.999865,0.431389,-0.006537,0.902142
50.84,-0.000019,-0.14141,-0.000063,-0.009308,-0.007885,0.999926,0.437648,-0.008738,0.899104
50.85,-0.000092,-0.132956,0.000086,0.004473,-0.000344,0.99999,0.433707,0.00888,0.90101
50.86,-0.00005,-0.124509,-0.000047,-0.001738,-0.005083,0.999986,0.435497,0.004743,0.900178
50.87,-0.000039,-0.116018,-0.000049,-0.005775,-0.00272,0.99998,0.43475,0.001515,0.90055
50.88,-0.000048,-0.107366,-0.000019,-0.004685,-0.005819,0.999972,0.439938,-0.001783,0.898026
50.89,-0.000195,-0.098812,0.000125,-0.00269,-0.005696,0.99998,0.443986,-0.005524,0.896017
50.9,-0.000075,-0.090314,-0.000149,-0.010772,0.001214,0.999941,0.444234,-0.01352,0.895809
50.91,0.000039,-0.081811,0.000116,-0.009646,-0.002576,0.99995,0.434177,0.002531,0.900824
50.92,-0.000091,-0.073153,0.000037,0.000905,0.00314,0.999995,0.437387,-0.001287,0.899272
50.93,-0.000196,-0.064318,-0.000083,-0.002647,-0.013378,0.999907,0.439566,0.001589,0.898209
50.94,-0.00003,-0.05604,0.000033,-0.001598,-0.000811,0.999998,0.442217,-0.000242,0.896908
50.95,0.000081,-0.047536,0.000041,-0.010808,0.001542,0.99994,0.443803,-0.003473,0.896118
50.96,0.000004,-0.038761,0.000088,-0.001144,0.005218,0.999986,0.445039,0.000169,0.895511
50.97,-0.000105,-0.03031,-0.000061,-0.003111,0.005763,0.999979,0.444938,-0.012043,0.895481
50.98,-0.000075,-0.021493,0.000061,-0.004586,-0.011236,0.999926,0.436559,0.003906,0.899667
50.99,0.000101,-0.012939,0.000071,-0.002228,-0.005619,0.999982,0.44889,0.00659,0.893563
51,-0.000022,-0.004486,0.000104,-0.008464,-0.000573,0.999964,0.447066,-0.000456,0.894501
51.01,0.003927,-0.001745,0.001941,0.005045,-0.000093,0.999987,0.447213,0.008478,0.894387
51.02,0.012043,-0.005068,0.005128,0.005187,0.007172,0.999961,0.440068,0.003709,0.897957
51.03,0.020287,-0.008443,0.00842,-0.004303,0.002841,0.999987,0.442274,-0.007443,0.896849
51.04,0.028572,-0.011983,0.011744,0.006818,0.001917,0.999975,0.444764,0.003426,0.895641
51.05,0.036648,-0.015124,0.01513,0.009792,-0.006213,0.999933,0.452309,-0.008359,0.891822
51.06,0.044556,-0.018555,0.018788,-0.001194,-0.001166,0.999999,0.449234,0.007911,0.893379
51.07,0.052788,-0.021983,0.021938,-0.009087,0.003131,0.999954,0.454176,0.000552,0.890912
51.08,0.060796,-0.025119,0.025301,0.006319,0.002328,0.999977,0.435455,0.006216,0.900189
51.09,0.069059,-0.02859,0.028807,0.011037,-0.005297,0.999925,0.444251,0.0111,0.895833
51.1,0.077075,-0.031931,0.031892,-0.000575,0.007454,0.999972,0.447824,0.00747,0.894091
51.11,0.085085,-0.03527,0.035285,-0.000742,0.000729,0.999999,0.443813,0.002406,0.896116
51.12,0.093412,-0.038649,0.038606,-0.005055,0.009135,0.999946,0.44284,0.013072,0.896505
51.13,0.101344,-0.042034,0.042048,0.005393,0.009316,0.999942,0.444809,0.000389,0.895625
51.14,0.109302,-0.045385,0.045469,0.001548,0.012556,0.99992,0.438973,0.005647,0.898482
51.15,0.117357,-0.048558,0.048648,0.007766,0.006876,0.999946,0.448279,0.007922,0.893859
51.16,0.125252,-0.052086,0.051957,0.003692,0.007705,0.999963,0.457109,0.006162,0.889389
51.17,0.133373,-0.055292,0.055366,-0.002095,0.010312,0.999945,0.454513,0.00712,0.890712
51.18,0.141279,-0.05859,0.058528,-0.004046,0.019246,0.999807,0.449898,0.008712,0.893037
51.19,0.149311,-0.061693,0.062053,0.007478,0.008497,0.999936,0.443071,0.007121,0.896458
51.2,0.157306,-0.06506,0.065365,0.010249,0.006061,0.999929,0.444632,0.011747,0.895636
51.21,0.165364,-0.068381,0.068512,0.009432,0.02705,0.99959,0.452012,0.017205,0.891846
51.22,0.173207,-0.071869,0.07187,0.017444,0.019843,0.999651,0.449849,0.010683,0.893041
51.23,0.181021,-0.075116,0.075137,0.013169,0.03282,0.999375,0.45102,0.021051,0.892266
51.24,0.188979,-0.07831,0.078525,0.019102,0.023452,0.999542,0.45992,0.014074,0.887849
51.25,0.196808,-0.081479,0.081567,0.015063,0.018385,0.999718,0.454342,0.012655,0.890738
51.26,0.204663,-0.084833,0.084968,0.012435,0.029943,0.999474,0.446408,0.024107,0.894505
51.27,0.21251,-0.088159,0.088082,0.015817,0.030829,0.9994,0.445821,0.025259,0.894766
51.28,0.220313,-0.091311,0.091291,0.013717,0.024629,0.999603,0.453014,0.026293,0.891115
51.29,0.228134,-0.094519,0.094539,0.009737,0.026765,0.999594,0.462268,0.024979,0.886388
51.3,0.236012,-0.097822,0.09772,0.010625,0.031163,0.999458,0.459659,0.016479,0.887943
51.31,0.243818,-0.100833,0.100995,0.022121,0.045635,0.998713,0.453779,0.019033,0.890911
51.32,0.251415,-0.104125,0.104135,0.015738,0.043549,0.998927,0.457262,0.02346,0.889022
51.33,0.259077,-0.107307,0.10747,0.019142,0.045342,0.998788,0.459354,0.03287,0.887645
51.34,0.266503,-0.110431,0.11054,0.020421,0.044111,0.998818,0.464485,0.035321,0.884876
51.35,0.274221,-0.113694,0.113646,0.020272,0.041846,0.998918,0.465986,0.026978,0.884381
51.36,0.281753,-0.116849,0.116892,0.025467,0.041035,0.998833,0.461991,0.033593,0.886248
51.37,0.289292,-0.119961,0.119747,0.030537,0.046805,0.998437,0.464882,0.037369,0.884584
51.38,0.296899,-0.123011,0.123066,0.029065,0.067035,0.997327,0.466966,0.043184,0.88322
51.39,0.304445,-0.126246,0.126223,0.022154,0.0571,0.998123,0.467509,0.035865,0.88326
51.4,0.311821,-0.129159,0.129282,0.018895,0.058059,0.998134,0.469362,0.058368,0.881075
51.41,0.319291,-0.132184,0.132304,0.026194,0.070174,0.997191,0.468039,0.044177,0.882603
51.42,0.326803,-0.135365,0.135399,0.030255,0.060584,0.997705,0.470549,0.052889,0.880787
51.43,0.334154,-0.138382,0.138444,0.030175,0.063836,0.997504,0.465064,0.048861,0.883928
51.44,0.341373,-0.141432,0.141483,0.028961,0.076354,0.99666,0.464898,0.050462,0.883925
51.45,0.348635,-0.144556,0.144265,0.042789,0.07641,0.996158,0.470543,0.060945,0.88027
51.46,0.355894,-0.147486,0.147596,0.031021,0.081077,0.996225,0.474515,0.066392,0.87774
51.47,0.363145,-0.150349,0.150625,0.037459,0.089843,0.995251,0.473324,0.062441,0.878673
51.48,0.370259,-0.153489,0.153512,0.046312,0.089834,0.994879,0.484481,0.066313,0.872285
51.49,0.377338,-0.156387,0.156516,0.039306,0.093328,0.994859,0.482916,0.07145,0.872747
51.5,0.384519,-0.159202,0.159205,0.038462,0.102326,0.994007,0.480368,0.066945,0.874508
51.51,0.391512,-0.162115,0.162126,0.042963,0.105273,0.993515,0.483608,0.078614,0.871747
51.52,0.398521,-0.165075,0.164935,0.050862,0.106962,0.992961,0.490068,0.072378,0.868674
51.53,0.405595,-0.168052,0.168003,0.046643,0.110081,0.992828,0.486606,0.078947,0.870047
51.54,0.412509,-0.171007,0.170917,0.056972,0.109975,0.9923,0.480488,0.076362,0.873671
51.55,0.419185,-0.173689,0.173647,0.057798,0.121331,0.990928,0.493279,0.067869,0.867219
51.56,0.426159,-0.176614,0.176573,0.053237,0.124893,0.990741,0.489052,0.083874,0.868213
51.57,0.432856,-0.179328,0.179322,0.052432,0.126437,0.990588,0.49358,0.084732,0.865563
51.58,0.439508,-0.182015,0.182169,0.053355,0.127924,0.990348,0.490278,0.0978,0.866061
51.59,0.446197,-0.184964,0.184908,0.051118,0.132813,0.989822,0.494483,0.089514,0.864566
51.6,0.452875,-0.187615,0.187763,0.05726,0.140546,0.988417,0.498852,0.099019,0.861012
51.61,0.459237,-0.190118,0.190345,0.067232,0.1372,0.988259,0.502755,0.097224,0.858944
51.62,0.465828,-0.193191,0.19314,0.07057,0.152887,0.985721,0.510762,0.105247,0.853256
51.63,0.472451,-0.195739,0.195741,0.065201,0.152191,0.986198,0.506389,0.100576,0.85642
51.64,0.478838,-0.198416,0.198506,0.080393,0.163383,0.983282,0.500284,0.108409,0.859048
51.65,0.485246,-0.201028,0.2009,0.074389,0.163605,0.983717,0.505172,0.122797,0.854238
51.66,0.491627,-0.203675,0.203569,0.080092,0.159845,0.983888,0.507364,0.117696,0.853657
51.67,0.497882,-0.206184,0.206077,0.072939,0.170271,0.982694,0.506783,0.128061,0.852509
51.68,0.503832,-0.208833,0.208715,0.078757,0.17957,0.980588,0.511609,0.11816,0.851055
51.69,0.510116,-0.211118,0.211633,0.088536,0.185854,0.97858,0.514058,0.123489,0.84882
51.7,0.516221,-0.213802,0.213976,0.082548,0.19147,0.978021,0.514076,0.128717,0.848032
51.71,0.522254,-0.216502,0.216493,0.09336,0.196857,0.975977,0.516038,0.13697,0.845544
51.72,0.528231,-0.218811,0.218939,0.087529,0.197134,0.976461,0.527675,0.128249,0.839709
51.73,0.534101,-0.221158,0.221338,0.090148,0.196428,0.976365,0.518891,0.14461,0.84252
51.74,0.540057,-0.223772,0.223823,0.094045,0.207171,0.973774,0.531799,0.145792,0.834227
51.75,0.545932,-0.226188,0.226217,0.104729,0.211877,0.971669,0.533622,0.150095,0.832298
51.76,0.551552,-0.228628,0.228518,0.103584,0.216224,0.970833,0.526428,0.145445,0.837687
51.77,0.557329,-0.230827,0.230996,0.1019,0.223168,0.969439,0.535041,0.155892,0.830318
51.78,0.562842,-0.233232,0.233238,0.111988,0.226532,0.967544,0.529769,0.158725,0.833157
51.79,0.568519,-0.23552,0.235453,0.103186,0.227722,0.968243,0.540235,0.163889,0.825401
51.8,0.57383,-0.237685,0.237908,0.101954,0.241129,0.965123,0.537583,0.169746,0.825949
51.81,0.579345,-0.239911,0.240062,0.116385,0.249328,0.9614,0.545437,0.177234,0.819199
51.82,0.584818,-0.242156,0.242252,0.112569,0.251711,0.961234,0.547363,0.17056,0.819331
51.83,0.59002,-0.244618,0.24452,0.120549,0.254707,0.959475,0.544886,0.177859,0.81943
51.84,0.595373,-0.246563,0.246719,0.122638,0.256956,0.95861,0.551627,0.167595,0.81708
51.85,0.600523,-0.248684,0.248722,0.126552,0.261483,0.956876,0.553595,0.178745,0.813378
51.86,0.605663,-0.250858,0.25092,0.122501,0.269693,0.955122,0.552277,0.19106,0.811471
51.87,0.610828,-0.252955,0.253139,0.128899,0.271159,0.953865,0.551784,0.180526,0.814214
51.88,0.615736,-0.255073,0.255254,0.145075,0.268354,0.952334,0.559788,0.191327,0.806245
51.89,0.620668,-0.25709,0.257109,0.132434,0.281901,0.95026,0.559444,0.197694,0.804947
51.9,0.625326,-0.259112,0.259106,0.134969,0.294305,0.946133,0.556209,0.20478,0.805417
51.91,0.630212,-0.261115,0.261156,0.136882,0.299262,0.944302,0.562075,0.202464,0.801923
51.92,0.634894,-0.263166,0.263011,0.147283,0.300832,0.942235,0.5645,0.202409,0.800231
51.93,0.639461,-0.265061,0.264955,0.15126,0.303706,0.940682,0.571191,0.209153,0.793723
51.94,0.644188,-0.266939,0.266693,0.157328,0.315742,0.935711,0.571941,0.21091,0.792717
51.95,0.648591,-0.268442,0.26868,0.163661,0.313786,0.935283,0.576611,0.210934,0.78932
51.96,0.653055,-0.270573,0.270641,0.157147,0.316237,0.935574,0.579235,0.212645,0.786936
51.97,0.657512,-0.272355,0.272473,0.161899,0.336767,0.927565,0.584561,0.221057,0.780655
51.98,0.661573,-0.274096,0.274032,0.17457,0.332873,0.926672,0.586998,0.22454,0.777827
51.99,0.665895,-0.275912,0.275908,0.176329,0.340897,0.923416,0.589392,0.232979,0.773523
52,0.669917,-0.277552,0.27761,0.175998,0.351913,0.919338,0.588818,0.233482,0.773809
52.01,0.674029,-0.279325,0.27918,0.181198,0.362343,0.914262,0.588291,0.234249,0.773978
52.02,0.678034,-0.280872,0.280925,0.182246,0.361873,0.91424,0.596137,0.242107,0.76551
52.03,0.681997,-0.282418,0.28253,0.184828,0.370352,0.910317,0.592803,0.243198,0.76775
52.04,0.68585,-0.284047,0.284194,0.186855,0.370191,0.909969,0.604857,0.245495,0.757549
52.05,0.689623,-0.285672,0.285877,0.206997,0.375324,0.903484,0.600872,0.250094,0.759214
52.06,0.693272,-0.287241,0.287288,0.206769,0.3833,0.900182,0.609278,0.254254,0.751089
52.07,0.697036,-0.28858,0.288736,0.19822,0.383258,0.902121,0.61514,0.257246,0.74527
52.08,0.700502,-0.290126,0.290205,0.20554,0.396622,0.894676,0.615429,0.256299,0.745358
52.09,0.703947,-0.291548,0.291644,0.205447,0.398507,0.893859,0.611154,0.262962,0.746553
52.1,0.707424,-0.293037,0.293155,0.223693,0.410878,0.883821,0.61581,0.26264,0.742832
52.11,0.710762,-0.294188,0.294426,0.216086,0.41486,0.883854,0.623749,0.273381,0.732257
52.12,0.71379,-0.29585,0.295734,0.215487,0.409738,0.886386,0.624147,0.274347,0.731556
52.13,0.717169,-0.297152,0.296909,0.222831,0.422534,0.878528,0.632101,0.278907,0.722952
52.14,0.720099,-0.298232,0.298156,0.232093,0.42599,0.874452,0.62901,0.284179,0.723594
52.15,0.723013,-0.299496,0.299422,0.227302,0.426935,0.875249,0.633297,0.287131,0.718673
52.16,0.726014,-0.300848,0.30086,0.241226,0.43657,0.866728,0.645308,0.282694,0.709691
52.17,0.728781,-0.301966,0.301794,0.248248,0.443349,0.861286,0.644716,0.286509,0.708699
52.18,0.731486,-0.303054,0.303064,0.246695,0.44928,0.858655,0.641912,0.292713,0.708709
52.19,0.734136,-0.304171,0.304258,0.25414,0.462151,0.849605,0.655133,0.303509,0.691869
52.2,0.736701,-0.305245,0.305296,0.251718,0.462974,0.849878,0.647595,0.307734,0.697081
52.21,0.73929,-0.306191,0.306432,0.257165,0.465162,0.847048,0.650971,0.302661,0.696156
52.22,0.741691,-0.307254,0.307045,0.268678,0.469761,0.840914,0.659665,0.310369,0.68448
52.23,0.74404,-0.308188,0.308177,0.263234,0.471513,0.841655,0.65973,0.3113,0.683995
52.24,0.746454,-0.30935,0.309333,0.266671,0.481388,0.834956,0.661875,0.314031,0.680666
52.25,0.748478,-0.31018,0.310077,0.272678,0.489862,0.828059,0.663816,0.318283,0.67679
52.26,0.750603,-0.311051,0.31087,0.279622,0.492116,0.824399,0.667885,0.325992,0.669073
52.27,0.752602,-0.311716,0.311863,0.287607,0.489148,0.823417,0.673121,0.321679,0.665906
52.28,0.754704,-0.312656,0.3126,0.282407,0.504962,0.815635,0.677575,0.329687,0.657419
52.29,0.756413,-0.313359,0.31344,0.296204,0.504786,0.810835,0.676495,0.327584,0.659578
52.3,0.758369,-0.314044,0.314148,0.290666,0.523742,0.800755,0.672757,0.324339,0.664983
52.31,0.760023,-0.314874,0.314718,0.298697,0.515886,0.802896,0.686175,0.333327,0.646573
52.32,0.761569,-0.315456,0.315509,0.307573,0.523898,0.794311,0.689084,0.332295,0.644006
52.33,0.763115,-0.316131,0.31612,0.311506,0.529874,0.788795,0.692142,0.337665,0.637904
52.34,0.764506,-0.316641,0.316812,0.303917,0.531355,0.790757,0.686591,0.354486,0.634769
52.35,0.765838,-0.317236,0.317075,0.314651,0.537862,0.782112,0.693595,0.343768,0.633048
52.36,0.767206,-0.317923,0.31781,0.31348,0.546787,0.776372,0.693002,0.348219,0.631262
52.37,0.768508,-0.318307,0.318167,0.319115,0.55905,0.765264,0.695418,0.357276,0.623496
52.38,0.76953,-0.318783,0.318748,0.328155,0.551249,0.767098,0.708778,0.353423,0.610513
52.39,0.770393,-0.319092,0.319252,0.334609,0.558221,0.759227,0.705978,0.364711,0.607109
52.4,0.771331,-0.319446,0.319492,0.330387,0.560256,0.759577,0.703336,0.359823,0.613063
52.41,0.77225,-0.31995,0.319984,0.340619,0.56541,0.751192,0.72219,0.351932,0.595471
52.42,0.772897,-0.320251,0.320368,0.349934,0.565688,0.746688,0.718946,0.36536,0.591294
52.43,0.773537,-0.320597,0.320571,0.356629,0.575995,0.735558,0.721592,0.368239,0.586263
52.44,0.774207,-0.320778,0.320755,0.355073,0.589804,0.725296,0.723924,0.372381,0.580746
52.45,0.774927,-0.321043,0.320955,0.358047,0.584147,0.728405,0.730321,0.365008,0.577407
52.46,0.775181,-0.321211,0.321152,0.357625,0.591357,0.722773,0.729692,0.368993,0.575668
52.47,0.775549,-0.321349,0.321393,0.368925,0.593709,0.715125,0.73356,0.372151,0.568677
52.48,0.775662,-0.321388,0.321431,0.36422,0.60057,0.7118,0.741242,0.370168,0.559943
52.49,0.77621,-0.321599,0.321496,0.382443,0.599504,0.703088,0.740153,0.380459,0.554458
52.5,0.776237,-0.321533,0.321602,0.375641,0.613233,0.694866,0.744805,0.376118,0.551181
52.51,0.776036,-0.321606,0.321541,0.384307,0.605179,0.697185,0.747457,0.380234,0.544729
52.52,0.775854,-0.321438,0.321341,0.386375,0.616222,0.686283,0.75079,0.382934,0.538216
52.53,0.775825,-0.321586,0.321386,0.389385,0.619876,0.681273,0.745135,0.394006,0.538083
52.54,0.775619,-0.321225,0.321265,0.397166,0.626286,0.670838,0.757022,0.388658,0.525227
52.55,0.775145,-0.321166,0.321392,0.39624,0.624833,0.672739,0.758465,0.390945,0.521434
52.56,0.774736,-0.320954,0.320914,0.398063,0.632506,0.664441,0.759179,0.399265,0.514038
52.57,0.774189,-0.320688,0.320713,0.415232,0.630452,0.655829,0.761348,0.39194,0.516461
52.58,0.773565,-0.320543,0.320489,0.416043,0.632989,0.652866,0.764931,0.394378,0.50926
52.59,0.77297,-0.320256,0.320222,0.40723,0.648971,0.642651,0.766171,0.395107,0.506825
52.6,0.772125,-0.319789,0.319929,0.414739,0.646328,0.640508,0.776579,0.391658,0.493487
52.61,0.771313,-0.319519,0.319566,0.415296,0.653763,0.632553,0.774148,0.397551,0.492594
52.62,0.77027,-0.319173,0.319327,0.42032,0.655902,0.626996,0.771946,0.403511,0.4912
52.63,0.769432,-0.318633,0.318702,0.437056,0.659015,0.612112,0.778479,0.403014,0.481197
52.64,0.768155,-0.31834,0.318422,0.433428,0.665973,0.607141,0.783828,0.401825,0.473446
52.65,0.767011,-0.317857,0.317909,0.4416,0.666309,0.600851,0.785729,0.398336,0.473242
52.66,0.765805,-0.317278,0.317319,0.449665,0.660777,0.600979,0.785642,0.412478,0.461116
52.67,0.764479,-0.316726,0.316746,0.451117,0.673749,0.585283,0.795583,0.398797,0.45608
52.68,0.76297,-0.316107,0.316185,0.449288,0.675613,0.584541,0.795598,0.408562,0.447327
52.69,0.761417,-0.315491,0.315398,0.443988,0.680541,0.582871,0.789684,0.410865,0.45562
52.7,0.759968,-0.314753,0.314914,0.461864,0.680264,0.569142,0.799652,0.410824,0.437928
52.71,0.758303,-0.314018,0.314195,0.458526,0.685931,0.565025,0.802981,0.40348,0.438663
52.72,0.756372,-0.313291,0.313318,0.465131,0.683323,0.562781,0.808053,0.408095,0.424862
52.73,0.754788,-0.312579,0.312681,0.470911,0.689739,0.550003,0.800416,0.420723,0.426996
52.74,0.752538,-0.311708,0.311929,0.475809,0.684863,0.551878,0.810579,0.408138,0.419983
52.75,0.750488,-0.311013,0.310948,0.483032,0.689455,0.539751,0.81642,0.405712,0.410921
52.76,0.748465,-0.309972,0.310307,0.486885,0.697131,0.526261,0.815242,0.411809,0.407178
52.77,0.746243,-0.309096,0.30919,0.489055,0.699653,0.520875,0.817323,0.412661,0.402112
52.78,0.744188,-0.308462,0.308235,0.493992,0.698242,0.518103,0.819788,0.412514,0.397215
52.79,0.741826,-0.307342,0.307404,0.486062,0.706171,0.514846,0.824087,0.414669,0.385914
52.8,0.739245,-0.30617,0.306345,0.493713,0.704256,0.510168,0.823552,0.413047,0.388787
52.81,0.736741,-0.305295,0.305239,0.49472,0.709509,0.501845,0.827788,0.408409,0.384668
52.82,0.734287,-0.304156,0.304122,0.510482,0.711187,0.483343,0.832602,0.411888,0.370299
52.83,0.731803,-0.303186,0.303053,0.50477,0.716902,0.480894,0.830267,0.411741,0.375668
52.84,0.728808,-0.301999,0.301931,0.512116,0.711563,0.481057,0.834116,0.416251,0.36192
52.85,0.725891,-0.300864,0.300799,0.512353,0.71751,0.471884,0.840297,0.408705,0.356176
52.86,0.722916,-0.299594,0.29966,0.513571,0.718796,0.468591,0.842874,0.414346,0.343338
52.87,0.719926,-0.298236,0.298416,0.52629,0.718065,0.455414,0.842123,0.420514,0.337635
52.88,0.717039,-0.296976,0.297021,0.526093,0.724402,0.445497,0.848459,0.406214,0.339274
52.89,0.713681,-0.2957,0.295775,0.531006,0.722224,0.443199,0.840159,0.419547,0.343676
52.9,0.710531,-0.294462,0.294476,0.541167,0.718355,0.437154,0.844409,0.424345,0.326963
52.91,0.707178,-0.292968,0.292988,0.533289,0.728601,0.429818,0.850536,0.417623,0.319655
52.92,0.70374,-0.291465,0.291682,0.543491,0.725442,0.422316,0.85363,0.406253,0.325997
52.93,0.700474,-0.290296,0.290184,0.541723,0.732631,0.412053,0.856544,0.412432,0.310213
52.94,0.696914,-0.288773,0.288874,0.546025,0.730644,0.409898,0.854365,0.41163,0.31721
52.95,0.693099,-0.28715,0.287068,0.553588,0.728721,0.403121,0.857957,0.413954,0.304223
52.96,0.689449,-0.285795,0.285754,0.551512,0.733371,0.397495,0.862877,0.403882,0.303846
52.97,0.685758,-0.284183,0.284065,0.555821,0.736206,0.386087,0.861144,0.410694,0.299604
52.98,0.68185,-0.282612,0.282467,0.563296,0.728172,0.390465,0.867672,0.405234,0.287978
52.99,0.678035,-0.280946,0.280721,0.561224,0.736673,0.377281,0.866288,0.408726,0.287207
53,0.674017,-0.279155,0.279236,0.571986,0.731616,0.370904,0.86839,0.408577,0.281006
53.01,0.670003,-0.277642,0.277534,0.571416,0.738456,0.358004,0.872403,0.409943,0.266196
53.02,0.665865,-0.275984,0.275865,0.572862,0.741052,0.350244,0.87432,0.408492,0.262105
53.03,0.661515,-0.274093,0.273997,0.576611,0.737974,0.350592,0.868341,0.416055,0.269968
53.04,0.657435,-0.272261,0.272219,0.573756,0.746701,0.336514,0.875667,0.410768,0.253924
53.05,0.653082,-0.270582,0.270658,0.587295,0.73677,0.335044,0.87874,0.403416,0.255091
53.06,0.648549,-0.268738,0.268697,0.580954,0.743968,0.330159,0.875969,0.410337,0.253576
53.07,0.644208,-0.26702,0.266926,0.586051,0.74161,0.326433,0.884237,0.401272,0.238967
53.08,0.639538,-0.265001,0.264946,0.591515,0.741801,0.315976,0.882761,0.403176,0.241212
53.09,0.634973,-0.262966,0.263194,0.59378,0.741404,0.312643,0.887561,0.396585,0.234428
53.1,0.630127,-0.261253,0.261047,0.589182,0.748085,0.305342,0.886011,0.401833,0.23133
53.11,0.62539,-0.259148,0.259223,0.595991,0.745667,0.297952,0.884801,0.406283,0.22817
53.12,0.62076,-0.257069,0.256954,0.5957,0.744293,0.301942,0.892631,0.399773,0.208305
53.13,0.615738,-0.255124,0.255078,0.60413,0.742473,0.289414,0.893355,0.394463,0.215211
53.14,0.61074,-0.252972,0.253005,0.594708,0.75071,0.287677,0.891214,0.397388,0.21868
53.15,0.605643,-0.250847,0.250975,0.607313,0.746075,0.273027,0.894326,0.395781,0.208658
53.16,0.600685,-0.249056,0.248733,0.610031,0.745489,0.26853,0.894531,0.399708,0.20012
53.17,0.595272,-0.246577,0.246675,0.616869,0.740144,0.267693,0.895753,0.398487,0.197062
53.18,0.590152,-0.244601,0.244464,0.611054,0.745876,0.265109,0.901794,0.392509,0.180843
53.19,0.584824,-0.242281,0.242248,0.62619,0.736538,0.255731,0.899488,0.397218,0.182042
53.2,0.579417,-0.239907,0.239873,0.623614,0.739904,0.252284,0.897796,0.399017,0.186407
53.21,0.574094,-0.237774,0.23773,0.618302,0.744255,0.25256,0.903892,0.390115,0.175471
53.22,0.568512,-0.235516,0.235631,0.625141,0.74481,0.23336,0.907678,0.382899,0.171781
53.23,0.562821,-0.233131,0.233142,0.624384,0.746609,0.229608,0.906429,0.389608,0.163068
53.24,0.557294,-0.230825,0.230884,0.636935,0.739021,0.219455,0.906123,0.390639,0.162304
53.25,0.551636,-0.228582,0.228629,0.636045,0.738852,0.222584,0.91107,0.380439,0.158798
53.26,0.545789,-0.226211,0.226146,0.634589,0.745156,0.205035,0.906377,0.392663,0.155873
53.27,0.540022,-0.223818,0.22382,0.633116,0.746329,0.20532,0.911096,0.382636,0.153278
53.28,0.53415,-0.221262,0.221191,0.64345,0.738109,0.202898,0.912035,0.382921,0.146846
53.29,0.528122,-0.218884,0.218781,0.643194,0.739258,0.199497,0.911786,0.387772,0.135202
53.3,0.522243,-0.216334,0.216487,0.643732,0.741966,0.187338,0.912615,0.384619,0.138571
53.31,0.516344,-0.213813,0.213826,0.642884,0.743196,0.185363,0.915279,0.381767,0.128524
53.32,0.510167,-0.211402,0.21141,0.647519,0.741638,0.175188,0.917879,0.376517,0.125435
53.33,0.503875,-0.208691,0.208851,0.645253,0.742785,0.178659,0.917626,0.374702,0.132515
53.34,0.497735,-0.206356,0.206268,0.65222,0.738013,0.173048,0.917722,0.372506,0.137935
53.35,0.491452,-0.203621,0.203588,0.649617,0.74209,0.165226,0.917372,0.376869,0.128058
53.36,0.485135,-0.200973,0.201163,0.652037,0.739335,0.168023,0.919962,0.375277,0.113298
53.37,0.478703,-0.198406,0.19843,0.653693,0.741194,0.152696,0.919785,0.373431,0.120598
53.38,0.472379,-0.195767,0.195925,0.658688,0.735483,0.158731,0.924542,0.366193,0.105477
53.39,0.465845,-0.193016,0.193012,0.655299,0.740234,0.150457,0.92593,0.361384,0.1098
53.4,0.459386,-0.190544,0.190429,0.65805,0.739463,0.142,0.926698,0.361626,0.102261
53.41,0.452801,-0.187706,0.187774,0.663136,0.736827,0.131669,0.922017,0.375098,0.095839
53.42,0.446171,-0.184931,0.184811,0.664602,0.735081,0.134015,0.925912,0.363411,0.103049
53.43,0.439615,-0.182111,0.182094,0.664474,0.736663,0.125708,0.925556,0.366656,0.094394
53.44,0.432685,-0.179408,0.179367,0.663139,0.737711,0.126608,0.92891,0.357924,0.094957
53.45,0.426029,-0.176701,0.176456,0.66931,0.734183,0.114012,0.928061,0.361955,0.087698
53.46,0.419235,-0.173468,0.173644,0.667657,0.733721,0.126047,0.92565,0.368051,0.087808
53.47,0.412159,-0.170793,0.170825,0.675289,0.728196,0.117113,0.930378,0.358435,0.076955
53.48,0.405331,-0.16795,0.167986,0.675647,0.728793,0.11119,0.933044,0.352016,0.074255
53.49,0.398411,-0.165234,0.165116,0.674452,0.730782,0.105225,0.932949,0.350515,0.082132
53.5,0.391507,-0.162377,0.162315,0.677551,0.729858,0.090731,0.933079,0.353422,0.066751
53.51,0.384351,-0.159184,0.159343,0.670994,0.733758,0.106615,0.932472,0.352175,0.080432
53.52,0.377365,-0.156345,0.15633,0.672665,0.735064,0.084863,0.93318,0.353675,0.063954
53.53,0.370254,-0.15328,0.153382,0.682892,0.724457,0.09392,0.933147,0.353781,0.063834
53.54,0.363169,-0.150536,0.150463,0.684396,0.7247,0.080075,0.93612,0.345867,0.063673
53.55,0.355979,-0.147579,0.147511,0.683771,0.726726,0.065781,0.937108,0.344427,0.05656
53.56,0.348467,-0.144575,0.144446,0.679919,0.729322,0.076151,0.93519,0.348975,0.060306
53.57,0.341452,-0.141397,0.141387,0.686378,0.723107,0.077469,0.933058,0.355691,0.053727
53.58,0.334047,-0.138413,0.1383,0.687633,0.723157,0.064846,0.937253,0.344877,0.051144
53.59,0.326741,-0.135265,0.135499,0.679404,0.730637,0.067676,0.936538,0.34614,0.055536
53.6,0.319264,-0.132358,0.132248,0.684406,0.726369,0.063061,0.940153,0.337052,0.050074
53.61,0.311848,-0.129269,0.129314,0.68984,0.721501,0.059633,0.936173,0.348712,0.044496
53.62,0.30444,-0.126238,0.126236,0.694932,0.716891,0.056006,0.936266,0.348721,0.042428
53.63,0.297017,-0.123107,0.12304,0.692304,0.718962,0.061717,0.940515,0.337029,0.042925
53.64,0.289407,-0.120081,0.119957,0.68715,0.72518,0.044025,0.941316,0.335567,0.036308
53.65,0.281918,-0.116638,0.116832,0.69265,0.719942,0.043814,0.941014,0.335351,0.04508
53.66,0.274248,-0.113678,0.113726,0.692962,0.719243,0.04993,0.938588,0.343063,0.036885
53.67,0.266725,-0.110584,0.110534,0.695093,0.717862,0.038987,0.94228,0.332911,0.035751
53.68,0.259066,-0.107517,0.10747,0.696574,0.716293,0.041332,0.943697,0.329759,0.026354
53.69,0.251316,-0.104087,0.104167,0.689925,0.723252,0.030159,0.941408,0.336449,0.023503
53.7,0.24361,-0.100979,0.101006,0.693141,0.719809,0.037828,0.94543,0.325167,0.020707
53.71,0.235979,-0.097794,0.097681,0.694055,0.719535,0.023582,0.943679,0.329646,0.028355
53.72,0.228087,-0.094644,0.094633,0.693594,0.719779,0.029079,0.942919,0.331705,0.029584
53.73,0.220284,-0.091203,0.091356,0.695887,0.717423,0.032344,0.942933,0.332169,0.023259
53.74,0.212556,-0.087989,0.08808,0.69977,0.713647,0.032076,0.939742,0.341,0.024564
53.75,0.20471,-0.084793,0.084934,0.699143,0.714334,0.030437,0.94226,0.333961,0.024836
53.76,0.196799,-0.081395,0.081668,0.688394,0.724895,0.025304,0.944071,0.329473,0.013353
53.77,0.188905,-0.078364,0.078439,0.70587,0.707789,0.02795,0.945273,0.325373,0.024318
53.78,0.181142,-0.075004,0.075296,0.701551,0.71233,0.020307,0.944305,0.328763,0.014218
53.79,0.173292,-0.071626,0.071871,0.697494,0.716242,0.022341,0.946041,0.323533,0.018251
53.8,0.165222,-0.068384,0.068466,0.710323,0.703841,0.006996,0.944312,0.329026,0.004205
53.81,0.157414,-0.065166,0.065161,0.699954,0.714131,0.009008,0.946265,0.323036,0.015189
53.82,0.149303,-0.061938,0.06197,0.702793,0.71128,0.012716,0.945905,0.324347,0.007946
53.83,0.141498,-0.058609,0.058795,0.706561,0.707526,0.013344,0.944728,0.327855,0.000505
53.84,0.13346,-0.055358,0.055262,0.704741,0.709361,0.012142,0.947237,0.320522,0.002627
53.85,0.125379,-0.052028,0.05199,0.706994,0.707142,0.010466,0.946847,0.321611,-0.006905
53.86,0.117413,-0.048634,0.048758,0.703514,0.710663,0.005132,0.945219,0.325867,0.019299
53.87,0.109245,-0.045402,0.045221,0.700658,0.713492,0.002748,0.946019,0.323532,0.01936
53.88,0.101099,-0.04203,0.042015,0.705743,0.708399,0.009875,0.947293,0.320239,0.009109
53.89,0.093174,-0.038651,0.038848,0.706761,0.707451,0.00116,0.947008,0.321202,-0.002128
53.9,0.085023,-0.03533,0.035283,0.701461,0.712576,0.013672,0.946731,0.322019,0.002003
53.91,0.076957,-0.031841,0.031975,0.706393,0.707797,0.005674,0.946968,0.321025,-0.01393
53.92,0.069055,-0.028706,0.02879,0.709478,0.704723,-0.002604,0.949372,0.31414,0.002995
53.93,0.061045,-0.025329,0.025271,0.712394,0.701697,0.010806,0.945961,0.324278,0.001178
53.94,0.052731,-0.021846,0.021802,0.70485,0.70935,-0.00294,0.944753,0.327633,0.009902
53.95,0.044673,-0.018472,0.018503,0.70491,0.709297,-0.000024,0.945779,0.324788,0.003841
53.96,0.036319,-0.015233,0.01516,0.705178,0.709029,0.001388,0.946036,0.324047,0.002985
53.97,0.028463,-0.011864,0.011731,0.711339,0.702836,-0.004196,0.946741,0.321995,-0.000392
53.98,0.020327,-0.008413,0.00853,0.705603,0.708581,0.0061,0.946151,0.323699,0.00407
53.99,0.012153,-0.004988,0.005146,0.708507,0.705703,0.001018,0.951149,0.308698,-0.004567
54,0.003866,-0.001696,0.001802,0.705095,0.709105,-0.003416,0.946622,0.322301,0.005308
54.01,-0.004101,0.00178,-0.001671,0.702927,0.71125,-0.00424,0.945964,0.324116,-0.010102
54.02,-0.01217,0.004912,-0.004997,0.708304,0.705906,0.001699,0.947664,0.319262,-0.002167
54.03,-0.020404,0.008297,-0.008477,0.69895,0.715155,-0.004784,0.947613,0.31942,0.000237
54.04,-0.02846,0.011787,-0.011783,0.707727,0.706468,0.005114,0.948468,0.31687,-0.001189
54.05,-0.036707,0.015036,-0.015024,0.70974,0.704359,0.012134,0.946016,0.324116,-0.001645
54.06,-0.04482,0.018574,-0.018598,0.709957,0.704198,0.008094,0.947589,0.31935,0.00951
54.07,-0.052801,0.021892,-0.021705,0.708147,0.706045,0.005383,0.949151,0.314819,0.001124
54.08,-0.060968,0.025125,-0.025293,0.704982,0.709221,0.002543,0.947449,0.319903,0.001513
54.09,-0.06895,0.028535,-0.028564,0.707656,0.706556,0.001546,0.945577,0.325305,0.007819
54.1,-0.077156,0.031919,-0.031872,0.703259,0.710922,0.004102,0.948209,0.317597,0.005627
54.11,-0.085099,0.035057,-0.035149,0.703497,0.710654,0.00791,0.947943,0.31841,-0.004318
54.12,-0.093322,0.038582,-0.038594,0.70997,0.704231,0.000319,0.948262,0.317373,0.008537
54.13,-0.101345,0.041995,-0.041887,0.702281,0.711855,0.008009,0.946989,0.321213,0.005865
54.14,-0.109515,0.045258,-0.04525,0.704681,0.709423,0.011974,0.946194,0.323588,-0.002714
54.15,-0.117397,0.048598,-0.048578,0.705286,0.708906,0.004909,0.948307,0.317346,0.002214
54.16,-0.125367,0.051824,-0.051706,0.707328,0.706726,0.014987,0.945078,0.326537,0.014151
54.17,-0.133518,0.055148,-0.055147,0.696332,0.717638,0.010875,0.946044,0.323893,0.009706
54.18,-0.141374,0.058661,-0.058401,0.701003,0.713022,0.01395,0.947529,0.319582,0.007526
54.19,-0.149409,0.061864,-0.061802,0.706231,0.707982,0.000566,0.944188,0.329301,0.008331
54.2,-0.157417,0.065111,-0.064994,0.704616,0.70931,0.019879,0.944536,0.328015,0.016063
54.21,-0.165208,0.068452,-0.068447,0.696585,0.717354,0.01316,0.946599,0.322271,0.009616
54.22,-0.17334,0.07159,-0.071771,0.699177,0.714817,0.013742,0.943645,0.330681,0.013552
54.23,-0.181254,0.075012,-0.075077,0.700783,0.713291,0.010947,0.943442,0.331428,0.008564
54.24,-0.189268,0.07834,-0.078108,0.699918,0.713887,0.021896,0.94493,0.326739,0.018674
54.25,-0.197159,0.081532,-0.081444,0.697632,0.715874,0.028895,0.944184,0.328759,0.020839
54.26,-0.204925,0.08467,-0.084768,0.699694,0.713944,0.026682,0.944739,0.327112,0.021594
54.27,-0.212671,0.087982,-0.087869,0.699875,0.713984,0.02003,0.944538,0.327451,0.024973
54.28,-0.220324,0.091328,-0.091251,0.69525,0.718097,0.031044,0.945309,0.325732,0.017033
54.29,-0.228263,0.094571,-0.094488,0.694476,0.718481,0.038566,0.942862,0.331705,0.031347
54.3,-0.235859,0.097815,-0.097732,0.695984,0.717474,0.028917,0.939521,0.341829,0.021291
54.31,-0.243652,0.101045,-0.100823,0.698968,0.7147,0.025465,0.941922,0.335028,0.023234
54.32,-0.251503,0.104076,-0.1041,0.694985,0.71761,0.045072,0.941072,0.33739,0.023486
54.33,-0.259084,0.107281,-0.10728,0.692657,0.720095,0.041098,0.939257,0.342074,0.027968
54.34,-0.266666,0.110564,-0.110465,0.697988,0.714633,0.04596,0.942111,0.334099,0.028369
54.35,-0.274486,0.113634,-0.11357,0.693234,0.718698,0.053853,0.942655,0.331506,0.038793
54.36,-0.281907,0.116685,-0.116687,0.69151,0.720411,0.05312,0.938398,0.34365,0.036244
54.37,-0.289579,0.119971,-0.119695,0.690172,0.721898,0.050251,0.937051,0.34691,0.039873
54.38,-0.297105,0.122766,-0.123001,0.689928,0.721662,0.056594,0.937659,0.34553,0.037481
54.39,-0.304561,0.126113,-0.126059,0.688711,0.722969,0.054719,0.93865,0.341498,0.048114
54.4,-0.31193,0.129423,-0.129199,0.683953,0.726403,0.067432,0.939262,0.339375,0.051112
54.41,-0.31943,0.132299,-0.132387,0.682584,0.727443,0.070047,0.933908,0.353824,0.051231
54.42,-0.326718,0.135268,-0.135411,0.68079,0.728223,0.078842,0.935991,0.348421,0.050231
54.43,-0.334213,0.138413,-0.138258,0.687444,0.722235,0.076138,0.936473,0.34555,0.060106
54.44,-0.341347,0.141438,-0.141425,0.678882,0.731083,0.068098,0.937423,0.344072,0.053405
54.45,-0.348687,0.144408,-0.144173,0.685272,0.724072,0.07824,0.934629,0.35172,0.052555
54.46,-0.356156,0.147556,-0.147309,0.676743,0.731124,0.08647,0.933922,0.349965,0.072904
54.47,-0.363142,0.15039,-0.150408,0.680971,0.72702,0.087869,0.933654,0.352106,0.065664
54.48,-0.370424,0.153229,-0.153147,0.682277,0.725229,0.092416,0.932424,0.355376,0.065525
54.49,-0.377379,0.156374,-0.156243,0.67759,0.728402,0.1015,0.934483,0.348469,0.07288
54.5,-0.384709,0.159224,-0.159197,0.6729,0.733157,0.098416,0.932457,0.353421,0.074951
54.51,-0.391478,0.162077,-0.162099,0.676073,0.730606,0.095609,0.930499,0.358669,0.074354
54.52,-0.398595,0.165065,-0.165088,0.666824,0.73701,0.110282,0.932393,0.352687,0.079084
54.53,-0.405494,0.167949,-0.168062,0.672331,0.730593,0.119181,0.928621,0.363265,0.075514
54.54,-0.412326,0.170995,-0.170836,0.670089,0.733389,0.114544,0.927011,0.365524,0.083918
54.55,-0.419193,0.17356,-0.173648,0.666483,0.734593,0.127172,0.928116,0.360649,0.092373
54.56,-0.425956,0.176486,-0.176292,0.666192,0.734058,0.131709,0.930569,0.354092,0.093059
54.57,-0.432853,0.179361,-0.179243,0.668363,0.733124,0.125781,0.923523,0.370802,0.098035
54.58,-0.439474,0.182213,-0.181953,0.662446,0.736129,0.138852,0.926525,0.363838,0.095771
54.59,-0.446322,0.18479,-0.184858,0.665489,0.733636,0.137487,0.92577,0.363655,0.103467
54.6,-0.452844,0.187611,-0.187581,0.657162,0.738299,0.151832,0.923569,0.368456,0.106118
54.61,-0.459391,0.190239,-0.190084,0.655792,0.73941,0.152348,0.921637,0.371201,0.113117
54.62,-0.465923,0.193131,-0.193007,0.658766,0.737571,0.148381,0.920141,0.371733,0.123109
54.63,-0.472556,0.195515,-0.19557,0.651276,0.742584,0.156233,0.921475,0.371679,0.112867
54.64,-0.478988,0.198451,-0.198273,0.653647,0.74098,0.15393,0.921141,0.372254,0.113696
54.65,-0.485192,0.20086,-0.200975,0.645131,0.74449,0.171872,0.919008,0.376063,0.11833
54.66,-0.491558,0.203653,-0.203652,0.648809,0.743176,0.163511,0.91773,0.37706,0.124886
54.67,-0.497806,0.20611,-0.206063,0.648636,0.740845,0.174411,0.916538,0.381093,0.121349
54.68,-0.504063,0.208728,-0.208666,0.654236,0.734417,0.180574,0.915598,0.376225,0.1419
54.69,-0.510094,0.211281,-0.211146,0.648666,0.739272,0.180855,0.91419,0.381436,0.136977
54.7,-0.516378,0.213852,-0.213875,0.645732,0.737779,0.196753,0.914098,0.383549,0.131585
54.71,-0.522312,0.216249,-0.216276,0.634426,0.747131,0.198238,0.916943,0.373212,0.141167
54.72,-0.528259,0.218723,-0.21891,0.63483,0.745587,0.202709,0.913804,0.37728,0.150407
54.73,-0.534253,0.221306,-0.221191,0.640427,0.737978,0.212702,0.91191,0.378826,0.157834
54.74,-0.540182,0.223763,-0.223666,0.635467,0.741789,0.214314,0.908039,0.389466,0.154211
54.75,-0.545843,0.226018,-0.226008,0.628069,0.744428,0.226621,0.907662,0.38847,0.158877
54.76,-0.551554,0.228418,-0.228452,0.623653,0.746286,0.232622,0.905111,0.388662,0.172383
54.77,-0.557289,0.230876,-0.230751,0.631719,0.738836,0.234631,0.906448,0.387492,0.167934
54.78,-0.562978,0.233024,-0.233113,0.625974,0.744078,0.233462,0.908278,0.382947,0.16847
54.79,-0.568643,0.235472,-0.23562,0.624095,0.743318,0.2408,0.900959,0.397252,0.174541
54.8,-0.573907,0.237908,-0.237657,0.615646,0.747555,0.249282,0.902368,0.391837,0.179433
54.81,-0.579544,0.239969,-0.239871,0.615159,0.743996,0.260862,0.898748,0.394816,0.190715
54.82,-0.584788,0.242161,-0.24207,0.613126,0.747124,0.256676,0.902447,0.386484,0.190316
54.83,-0.590092,0.244467,-0.244405,0.612336,0.748204,0.255414,0.894454,0.40133,0.197196
54.84,-0.595401,0.246532,-0.246531,0.613602,0.737738,0.281487,0.896356,0.399014,0.193217
54.85,-0.600638,0.24884,-0.248689,0.605773,0.747643,0.272156,0.89393,0.399154,0.203876
54.86,-0.605677,0.250886,-0.250783,0.601332,0.748134,0.280527,0.89583,0.396641,0.200409
54.87,-0.610867,0.253059,-0.252894,0.612917,0.740476,0.27573,0.889894,0.395101,0.227998
54.88,-0.615772,0.254927,-0.255025,0.60265,0.742126,0.293363,0.891557,0.398549,0.215141
54.89,-0.620691,0.257048,-0.257075,0.598566,0.744821,0.294891,0.891727,0.399123,0.213361
54.9,-0.625474,0.259066,-0.259068,0.595543,0.742557,0.306492,0.885825,0.403959,0.228324
54.91,-0.63007,0.261022,-0.260958,0.58794,0.747785,0.308454,0.887199,0.398616,0.232344
54.92,-0.634959,0.262968,-0.262879,0.583643,0.746532,0.319454,0.882663,0.403167,0.241584
54.93,-0.639488,0.264896,-0.264933,0.586851,0.741531,0.325172,0.881256,0.405965,0.242033
54.94,-0.644128,0.266608,-0.266737,0.581285,0.739577,0.339313,0.878181,0.410701,0.2452
54.95,-0.648689,0.268685,-0.268744,0.575057,0.742837,0.342787,0.880261,0.399071,0.256678
54.96,-0.653137,0.270401,-0.270494,0.581347,0.738659,0.341201,0.874855,0.409157,0.259267
54.97,-0.657404,0.272276,-0.272304,0.57469,0.73993,0.34962,0.875322,0.40951,0.257124
54.98,-0.661635,0.274068,-0.274201,0.567773,0.742522,0.35538,0.870543,0.408696,0.274084
54.99,-0.666038,0.275846,-0.275733,0.565445,0.740799,0.362613,0.869022,0.410884,0.275637
55,-0.670066,0.277546,-0.277562,0.564538,0.733794,0.377945,0.871517,0.406524,0.274221
55.01,-0.674158,0.279103,-0.279241,0.558592,0.737842,0.378898,0.870254,0.407143,0.277296
55.02,-0.678218,0.280785,-0.280851,0.558239,0.737543,0.38,0.867834,0.405207,0.287527
55.03,-0.682075,0.28241,-0.282351,0.564236,0.727166,0.390982,0.86436,0.410393,0.290619
55.04,-0.685936,0.284201,-0.283949,0.554348,0.729384,0.400872,0.862056,0.409278,0.298917
55.05,-0.689767,0.285704,-0.285716,0.557652,0.725975,0.402474,0.858776,0.40976,0.307573
55.06,-0.693228,0.287184,-0.28721,0.548365,0.72958,0.408666,0.858739,0.412133,0.30449
55.07,-0.697155,0.288617,-0.288738,0.547072,0.726663,0.41554,0.856914,0.402328,0.322228
55.08,-0.70041,0.290009,-0.290107,0.541933,0.723407,0.427774,0.849061,0.415924,0.325734
55.09,-0.703923,0.29155,-0.291499,0.53242,0.729458,0.429441,0.846773,0.413783,0.334303
55.1,-0.70737,0.293012,-0.293003,0.532648,0.729893,0.428418,0.853436,0.405025,0.328027
55.11,-0.710605,0.294215,-0.294277,0.528009,0.727955,0.437365,0.847966,0.409256,0.336843
55.12,-0.71398,0.295638,-0.295579,0.537743,0.715334,0.44624,0.841136,0.416576,0.344897
55.13,-0.716925,0.296804,-0.297,0.517207,0.72698,0.45166,0.842099,0.413526,0.346216
55.14,-0.720186,0.298335,-0.298281,0.520206,0.718671,0.461409,0.84488,0.408694,0.345176
55.15,-0.723034,0.299426,-0.29957,0.514347,0.715059,0.473432,0.834591,0.421674,0.354469
55.16,-0.725998,0.300578,-0.30059,0.512367,0.715285,0.475234,0.838043,0.40505,0.36554
55.17,-0.728769,0.301964,-0.301913,0.509239,0.712625,0.482535,0.833238,0.410063,0.370894
55.18,-0.731458,0.303073,-0.303121,0.49817,0.712027,0.494818,0.828331,0.412052,0.37958
55.19,-0.734075,0.304242,-0.304163,0.506028,0.707506,0.493326,0.825186,0.415235,0.382946
55.2,-0.73683,0.305055,-0.305159,0.506498,0.703366,0.498734,0.820867,0.413869,0.393561
55.21,-0.739353,0.306264,-0.306258,0.493893,0.706294,0.507167,0.821434,0.412338,0.393984
55.22,-0.741802,0.307137,-0.307161,0.492082,0.701174,0.515956,0.821554,0.402573,0.403713
55.23,-0.744091,0.308196,-0.308068,0.488436,0.705614,0.51336,0.815263,0.410534,0.408422
55.24,-0.746351,0.309161,-0.309006,0.485672,0.695366,0.529706,0.811221,0.415784,0.41115
55.25,-0.748709,0.310031,-0.310164,0.481175,0.692825,0.537089,0.815898,0.407118,0.410566
55.26,-0.750706,0.310865,-0.310812,0.480014,0.689344,0.542578,0.810992,0.405913,0.421339
55.27,-0.752764,0.311688,-0.311728,0.478992,0.684254,0.549876,0.809901,0.407907,0.421513
55.28,-0.754676,0.31259,-0.312598,0.469844,0.684467,0.55745,0.804774,0.413445,0.425912
55.29,-0.75665,0.313177,-0.313192,0.457005,0.682518,0.570364,0.797933,0.409325,0.442443
55.3,-0.758402,0.314009,-0.314121,0.457427,0.681497,0.571246,0.80201,0.406473,0.437676
55.31,-0.759907,0.3147,-0.31462,0.454107,0.679692,0.576025,0.793778,0.414415,0.445169
55.32,-0.76165,0.31544,-0.315326,0.454478,0.670393,0.586535,0.79752,0.399285,0.452253
55.33,-0.763028,0.315942,-0.316054,0.448216,0.67632,0.584546,0.78932,0.406648,0.460011
55.34,-0.764558,0.316483,-0.316556,0.444176,0.662204,0.603484,0.788562,0.40493,0.462819
55.35,-0.765872,0.317247,-0.317299,0.440963,0.665631,0.602069,0.788594,0.399289,0.467641
55.36,-0.767161,0.317767,-0.317617,0.433065,0.662557,0.611124,0.780614,0.403035,0.477709
55.37,-0.76841,0.31828,-0.318028,0.437461,0.655538,0.615546,0.784913,0.401496,0.471924
55.38,-0.769505,0.318642,-0.318682,0.417021,0.651822,0.63342,0.7805,0.39924,0.481069
55.39,-0.770615,0.319069,-0.318936,0.431257,0.639062,0.63688,0.772409,0.4034,0.490564
55.4,-0.7715,0.31947,-0.31936,0.419112,0.643061,0.64095,0.776511,0.384851,0.49892
55.41,-0.77222,0.319859,-0.319844,0.416584,0.644474,0.641179,0.767586,0.390166,0.508509
55.42,-0.773044,0.320157,-0.320072,0.416668,0.637044,0.648508,0.772523,0.385572,0.504522
55.43,-0.773707,0.320519,-0.320574,0.419417,0.637087,0.646691,0.763177,0.387162,0.517366
55.44,-0.774238,0.320638,-0.320658,0.41023,0.63406,0.655499,0.756508,0.392677,0.522973
55.45,-0.774856,0.320951,-0.320881,0.404492,0.630674,0.662296,0.753754,0.391755,0.527621
55.46,-0.775191,0.321002,-0.321031,0.397486,0.619053,0.677332,0.75249,0.386791,0.533059
55.47,-0.775479,0.321309,-0.321219,0.379948,0.6167,0.689435,0.746148,0.389833,0.539717
55.48,-0.775828,0.321287,-0.321304,0.389934,0.612684,0.687437,0.748098,0.389147,0.537507
55.49,-0.776009,0.321493,-0.321314,0.385376,0.611255,0.691269,0.745536,0.382902,0.545492
55.5,-0.77597,0.321557,-0.321508,0.376242,0.60247,0.703898,0.744758,0.379648,0.548819
55.51,-0.776069,0.321386,-0.321538,0.367729,0.608829,0.702925,0.734329,0.382902,0.560488
55.52,-0.776103,0.321346,-0.32122,0.368336,0.60108,0.709247,0.740152,0.364578,0.56503
55.53,-0.775832,0.321303,-0.321296,0.367482,0.602577,0.708419,0.732459,0.370225,0.571347
55.54,-0.775649,0.321228,-0.321195,0.357303,0.592262,0.722192,0.734925,0.366646,0.570488
55.55,-0.775384,0.321026,-0.320758,0.362871,0.583307,0.72669,0.725245,0.372572,0.578973
55.56,-0.774765,0.320888,-0.320813,0.355326,0.586704,0.727683,0.721913,0.369296,0.585202
55.57,-0.774392,0.320692,-0.320584,0.344443,0.57856,0.739343,0.72081,0.374672,0.583142
55.58,-0.773851,0.320375,-0.320447,0.344919,0.574201,0.742512,0.714176,0.366774,0.596179
55.59,-0.773057,0.320113,-0.320107,0.338916,0.565723,0.751727,0.70643,0.362005,0.608201
55.6,-0.772181,0.319869,-0.319726,0.34065,0.565561,0.751065,0.709854,0.361119,0.604732
55.61,-0.771329,0.319437,-0.319439,0.336287,0.55227,0.76283,0.710545,0.356432,0.606698
55.62,-0.770517,0.319157,-0.319105,0.322355,0.553996,0.767578,0.709085,0.346321,0.614215
55.63,-0.769482,0.318824,-0.318668,0.316978,0.55318,0.770401,0.699061,0.343163,0.627338
55.64,-0.768497,0.318233,-0.318171,0.318747,0.539263,0.779484,0.70058,0.346173,0.623981
55.65,-0.767219,0.317737,-0.317617,0.313854,0.540538,0.780586,0.697491,0.341038,0.630238
55.66,-0.765949,0.317188,-0.317238,0.303871,0.541416,0.78392,0.696963,0.340138,0.631308
55.67,-0.764521,0.316632,-0.316695,0.312462,0.529334,0.78878,0.691935,0.328498,0.642895
55.68,-0.763123,0.316203,-0.316166,0.306912,0.528673,0.791397,0.686008,0.338123,0.644257
55.69,-0.761705,0.315445,-0.315507,0.299507,0.524006,0.797316,0.683104,0.327516,0.652765
55.7,-0.759814,0.314624,-0.314835,0.291323,0.504957,0.812495,0.679655,0.333895,0.653133
55.71,-0.758335,0.314143,-0.313955,0.281796,0.512549,0.811101,0.678851,0.323296,0.659273
55.72,-0.756469,0.313342,-0.313179,0.285298,0.503991,0.815228,0.670417,0.335007,0.662051
55.73,-0.754817,0.312572,-0.312399,0.282374,0.495072,0.821686,0.6742,0.319238,0.665988
55.74,-0.752815,0.311772,-0.311613,0.279178,0.489357,0.82619,0.667587,0.325433,0.669643
55.75,-0.750596,0.310896,-0.310722,0.270894,0.48836,0.829531,0.666533,0.3134,0.676398
55.76,-0.748556,0.310128,-0.310101,0.267384,0.4838,0.833333,0.668191,0.307741,0.67736
55.77,-0.746478,0.309067,-0.308954,0.267301,0.47411,0.83891,0.659933,0.313377,0.682849
55.78,-0.744345,0.308036,-0.308097,0.263073,0.475446,0.83949,0.654023,0.306912,0.691418
55.79,-0.741785,0.306967,-0.307226,0.255549,0.469464,0.845162,0.653083,0.296348,0.696893
55.8,-0.739393,0.306316,-0.306348,0.260982,0.453619,0.852126,0.641891,0.308488,0.702005
55.81,-0.736901,0.305263,-0.30508,0.255216,0.45474,0.853274,0.649425,0.299037,0.69916
55.82,-0.734342,0.304074,-0.304197,0.240617,0.448527,0.860771,0.647716,0.294059,0.702847
55.83,-0.731475,0.302955,-0.302856,0.23931,0.444425,0.863259,0.641135,0.287962,0.711353
55.84,-0.72877,0.301776,-0.301836,0.237127,0.439715,0.866269,0.635718,0.280564,0.719129
55.85,-0.72595,0.300716,-0.300521,0.236837,0.430297,0.871064,0.633757,0.285529,0.718906
55.86,-0.722998,0.2995,-0.299385,0.2246,0.435676,0.871631,0.637295,0.274725,0.719987
55.87,-0.720161,0.298183,-0.298153,0.22181,0.42562,0.877296,0.631263,0.265956,0.728543
55.88,-0.717001,0.296867,-0.296939,0.219628,0.422361,0.879417,0.622864,0.277036,0.731636
55.89,-0.713948,0.29561,-0.295518,0.211089,0.404817,0.889699,0.617904,0.267772,0.739252
55.9,-0.710733,0.294265,-0.294243,0.213891,0.411557,0.88593,0.618158,0.263313,0.74064
55.91,-0.707341,0.292965,-0.293044,0.20111,0.401309,0.893591,0.611245,0.269786,0.74404
55.92,-0.703966,0.291518,-0.291589,0.194706,0.391305,0.899428,0.613983,0.267753,0.742518
55.93,-0.700551,0.290092,-0.290016,0.204426,0.382744,0.900954,0.610335,0.256506,0.749463
55.94,-0.696807,0.288661,-0.288496,0.196205,0.375324,0.905889,0.60473,0.252313,0.755407
55.95,-0.693343,0.28703,-0.28712,0.189899,0.375315,0.907236,0.602203,0.248884,0.758557
55.96,-0.689555,0.285745,-0.285671,0.191043,0.371667,0.908497,0.59788,0.251136,0.76123
55.97,-0.685709,0.284005,-0.284098,0.1876,0.360532,0.913687,0.597791,0.240964,0.76458
55.98,-0.682102,0.282599,-0.282412,0.183897,0.37422,0.908923,0.600291,0.238266,0.763466
55.99,-0.678065,0.280668,-0.280828,0.18088,0.354957,0.917217,0.586941,0.236204,0.774408
56,-0.674162,0.279262,-0.279211,0.167965,0.349609,0.921716,0.58912,0.229883,0.774655
56.01,-0.669988,0.277462,-0.277606,0.179483,0.337832,0.923935,0.585259,0.233045,0.776635
56.02,-0.666091,0.275913,-0.27571,0.163748,0.3431,0.924916,0.583184,0.232757,0.778281
56.03,-0.661808,0.274156,-0.274045,0.171042,0.326911,0.929448,0.581311,0.221894,0.782841
56.04,-0.65747,0.272165,-0.272303,0.157273,0.32242,0.93344,0.582154,0.221701,0.78227
56.05,-0.653096,0.270502,-0.2705,0.165333,0.319671,0.932993,0.584557,0.218533,0.781369
56.06,-0.648595,0.268773,-0.268687,0.155171,0.308663,0.938429,0.573358,0.216955,0.790058
56.07,-0.644147,0.26666,-0.266721,0.149625,0.308153,0.939497,0.577343,0.21209,0.788475
56.08,-0.639694,0.264884,-0.264849,0.157109,0.300539,0.940741,0.572897,0.208778,0.792591
56.09,-0.634995,0.263064,-0.263008,0.135008,0.296179,0.945543,0.566745,0.199172,0.799456
56.1,-0.630306,0.261053,-0.260996,0.145382,0.296857,0.94379,0.561567,0.199502,0.80302
56.11,-0.625469,0.25903,-0.259082,0.144614,0.292417,0.945293,0.556826,0.201543,0.805807
56.12,-0.620589,0.257047,-0.256931,0.134522,0.287615,0.948252,0.557445,0.187637,0.808732
56.13,-0.615619,0.254976,-0.255034,0.140051,0.271247,0.952266,0.555885,0.18458,0.810507
56.14,-0.610788,0.252887,-0.253076,0.126142,0.273322,0.953616,0.557804,0.184625,0.809177
56.15,-0.605563,0.250886,-0.250621,0.117369,0.25983,0.958495,0.549179,0.180725,0.81593
56.16,-0.600634,0.248783,-0.248676,0.127907,0.262128,0.956519,0.551616,0.175771,0.815368
56.17,-0.595413,0.24667,-0.246552,0.123592,0.258048,0.958194,0.542283,0.171387,0.82253
56.18,-0.590168,0.244428,-0.244568,0.120687,0.265058,0.95665,0.546896,0.172911,0.81915
56.19,-0.584911,0.242153,-0.242042,0.113346,0.244708,0.962949,0.536804,0.162729,0.827865
56.2,-0.579427,0.240055,-0.239901,0.10741,0.236654,0.965639,0.544001,0.163323,0.823036
56.21,-0.574055,0.237875,-0.237719,0.117247,0.223557,0.967613,0.536681,0.160708,0.828339
56.22,-0.568656,0.235511,-0.235324,0.103747,0.219819,0.970008,0.539996,0.157245,0.826848
56.23,-0.562965,0.233184,-0.233038,0.111366,0.219736,0.969182,0.526109,0.147524,0.837524
56.24,-0.557221,0.230873,-0.230647,0.10587,0.218036,0.970181,0.532092,0.14446,0.834272
56.25,-0.551639,0.228645,-0.228549,0.103172,0.211807,0.971851,0.528707,0.145183,0.836296
56.26,-0.545837,0.226112,-0.226043,0.095232,0.208674,0.973337,0.527747,0.139203,0.837918
56.27,-0.540217,0.223774,-0.223664,0.099096,0.210743,0.972506,0.524842,0.126565,0.841738
56.28,-0.534328,0.221201,-0.221238,0.094529,0.198555,0.97552,0.527816,0.13862,0.837971
56.29,-0.528311,0.218724,-0.218842,0.087848,0.18802,0.978229,0.520674,0.135154,0.84299
56.3,-0.522303,0.216316,-0.216121,0.081463,0.190532,0.978295,0.522372,0.128015,0.843054
56.31,-0.516334,0.213883,-0.213638,0.083039,0.177321,0.980644,0.516205,0.116054,0.848565
56.32,-0.510219,0.211378,-0.211234,0.083851,0.175991,0.980814,0.512054,0.128633,0.849267
56.33,-0.504046,0.208882,-0.208795,0.073788,0.168505,0.982935,0.510063,0.122137,0.851421
56.34,-0.497893,0.206027,-0.20615,0.078832,0.168053,0.982621,0.502885,0.107963,0.857584
56.35,-0.491498,0.203561,-0.203477,0.067441,0.161561,0.984556,0.505459,0.110254,0.855778
56.36,-0.485329,0.201062,-0.20094,0.080276,0.15013,0.985402,0.505197,0.10878,0.856121
56.37,-0.478936,0.198465,-0.198293,0.074998,0.149221,0.985956,0.504039,0.09468,0.858476
56.38,-0.472427,0.195678,-0.195573,0.074149,0.152321,0.985546,0.503576,0.099475,0.858205
56.39,-0.465991,0.192886,-0.192927,0.059859,0.143068,0.987901,0.501294,0.095657,0.859973
56.4,-0.459437,0.190316,-0.190268,0.05915,0.143433,0.987891,0.499267,0.100484,0.860602
56.41,-0.45275,0.1875,-0.187515,0.058849,0.130653,0.98968,0.490784,0.088613,0.866763
56.42,-0.44626,0.184726,-0.184881,0.05777,0.136878,0.988902,0.49171,0.100861,0.864898
56.43,-0.439549,0.182109,-0.182005,0.052869,0.124763,0.990777,0.494817,0.089283,0.864399
56.44,-0.433017,0.179244,-0.179213,0.051925,0.132673,0.989799,0.49148,0.08415,0.866814
56.45,-0.426061,0.176564,-0.176391,0.050422,0.111266,0.992511,0.490493,0.084451,0.867344
56.46,-0.419217,0.17378,-0.173801,0.061619,0.115633,0.991379,0.484318,0.073566,0.871794
56.47,-0.412353,0.170762,-0.170723,0.053222,0.107655,0.992763,0.480282,0.072086,0.874147
56.48,-0.405511,0.167852,-0.167978,0.040195,0.102008,0.993971,0.480178,0.072003,0.874211
56.49,-0.398541,0.165043,-0.164962,0.044913,0.102749,0.993693,0.479193,0.071748,0.874772
56.5,-0.391615,0.16234,-0.162147,0.047981,0.095542,0.994268,0.482745,0.062593,0.873521
56.51,-0.384371,0.159182,-0.159164,0.040485,0.099213,0.994242,0.480969,0.061335,0.87459
56.52,-0.37737,0.156203,-0.156359,0.045069,0.082615,0.995562,0.486932,0.068735,0.870731
56.53,-0.370309,0.153459,-0.153214,0.032154,0.076061,0.996585,0.480253,0.06913,0.874402
56.54,-0.363134,0.150484,-0.150459,0.035552,0.0937,0.994966,0.48461,0.066885,0.87217
56.55,-0.356014,0.147534,-0.147425,0.028932,0.086453,0.995836,0.476533,0.058866,0.877183
56.56,-0.348757,0.144268,-0.144395,0.043478,0.080642,0.995794,0.466078,0.056538,0.882935
56.57,-0.341591,0.141428,-0.141241,0.0342,0.072493,0.996782,0.47198,0.057482,0.879733
56.58,-0.334115,0.138381,-0.138367,0.028272,0.075679,0.996731,0.474868,0.053815,0.87841
56.59,-0.326742,0.135228,-0.135326,0.033736,0.073186,0.996748,0.46268,0.052407,0.884975
56.6,-0.319218,0.132151,-0.132274,0.025461,0.067829,0.997372,0.470684,0.053536,0.880676
56.61,-0.312091,0.129288,-0.129171,0.030003,0.06357,0.997526,0.472265,0.04411,0.880352
56.62,-0.304622,0.125991,-0.12597,0.022023,0.052673,0.998369,0.465252,0.044572,0.884056
56.63,-0.296968,0.123059,-0.122965,0.017437,0.053802,0.998399,0.463057,0.047768,0.885041
56.64,-0.289425,0.119985,-0.119787,0.02009,0.053801,0.99835,0.465891,0.04169,0.88386
56.65,-0.282078,0.11658,-0.116835,0.013998,0.048829,0.998709,0.463731,0.032005,0.885398
56.66,-0.274335,0.113477,-0.113661,0.015909,0.044567,0.99888,0.464768,0.038138,0.884611
56.67,-0.266737,0.110373,-0.110523,0.024393,0.04031,0.998889,0.468022,0.032219,0.883129
56.68,-0.259014,0.10732,-0.107183,0.01595,0.039325,0.999099,0.459604,0.033299,0.8875
56.69,-0.251342,0.10422,-0.104073,0.020853,0.028901,0.999365,0.457643,0.030142,0.888625
56.7,-0.243733,0.100762,-0.1009,0.018463,0.029805,0.999385,0.448995,0.031169,0.892991
56.71,-0.236039,0.097794,-0.097623,0.018622,0.042374,0.998928,0.452234,0.027018,0.89149
56.72,-0.22811,0.094586,-0.094368,0.011593,0.027576,0.999553,0.450044,0.025291,0.892648
56.73,-0.220409,0.091283,-0.091276,0.008655,0.022244,0.999715,0.448913,0.022898,0.893282
56.74,-0.212651,0.087959,-0.087979,0.003335,0.032046,0.999481,0.456822,0.021706,0.889293
56.75,-0.204829,0.084626,-0.084996,-0.001408,0.020712,0.999784,0.445878,0.023681,0.89478
56.76,-0.197034,0.081505,-0.081544,0.022572,0.021033,0.999524,0.448145,0.020434,0.893727
56.77,-0.188993,0.078231,-0.078365,0.019822,0.02188,0.999564,0.45152,0.019013,0.892058
56.78,-0.181177,0.075098,-0.074852,0.001635,0.010249,0.999946,0.459852,0.011217,0.887925
56.79,-0.173382,0.071716,-0.071748,0.008139,0.01373,0.999873,0.44467,0.01484,0.895572
56.8,-0.16524,0.06851,-0.068425,0.003469,0.016657,0.999855,0.437585,0.010515,0.899116
56.81,-0.157356,0.065129,-0.065151,0.010426,0.01743,0.999794,0.446881,0.01108,0.894525
56.82,-0.149453,0.061817,-0.061856,0.00695,0.019082,0.999794,0.447713,-0.001221,0.894176
56.83,-0.141438,0.058572,-0.058404,-0.000011,0.014122,0.9999,0.443166,0.008333,0.896401
56.84,-0.133397,0.055233,-0.055398,0.002777,0.01783,0.999837,0.447935,0.01109,0.893997
56.85,-0.12558,0.051877,-0.051928,0.005389,0.015048,0.999872,0.442179,0.017699,0.896752
56.86,-0.117539,0.048563,-0.048562,0.000417,0.006433,0.999979,0.446342,0.007701,0.894829
56.87,-0.109443,0.045252,-0.04525,0.004079,0.00192,0.99999,0.444391,-0.000766,0.895832
56.88,-0.101397,0.041856,-0.041918,0.002609,0.006012,0.999979,0.444615,0.006496,0.895698
56.89,-0.093253,0.038502,-0.038737,0.000327,0.008567,0.999963,0.44276,0.003354,0.896634
56.9,-0.085282,0.035286,-0.035358,0.001725,0.003636,0.999992,0.448053,0.002333,0.894004
56.91,-0.077043,0.031847,-0.031865,0.002424,-0.001218,0.999996,0.451093,0.002771,0.892473
56.92,-0.069094,0.028593,-0.02852,0.007342,0.003159,0.999968,0.445157,0.002875,0.895448
56.93,-0.060901,0.025028,-0.02511,-0.003539,0.006259,0.999974,0.449196,0.008952,0.893388
56.94,-0.052967,0.021805,-0.02177,0.004223,0.00213,0.999989,0.449509,0.001177,0.893275
56.95,-0.044732,0.018515,-0.01844,0.002724,0.000745,0.999996,0.443439,0.009205,0.896257
56.96,-0.036593,0.015044,-0.015008,-0.000221,0.005019,0.999987,0.437493,0.00625,0.8992
56.97,-0.028387,0.011703,-0.011803,-0.002146,-0.001938,0.999996,0.445967,0.005151,0.895035
56.98,-0.02034,0.008321,-0.008353,-0.00801,-0.003894,0.99996,0.445445,0.003653,0.895302
56.99,-0.012165,0.005073,-0.004876,-0.010036,0.009605,0.999904,0.435897,0.003314,0.89999
57,-0.004068,0.001565,-0.001703,0.007054,-0.001193,0.999974,0.439505,-0.001198,0.898239
57.01,0.000002,0.000126,0.000021,0.002565,-0.005695,0.99998,0.442456,-0.006503,0.896767
57.02,-0.000118,0.000084,0.00004,0.008415,0.003891,0.999957,0.441015,-0.002582,0.897496
57.03,0.000015,0.000057,-0.000031,0.010218,0.002052,0.999946,0.448344,-0.000412,0.893861
57.04,-0.000072,-0.000078,0.000094,0.006941,0.002967,0.999972,0.44294,0.00029,0.896551
57.05,0.000011,-0.000073,0.000097,0.014551,0.020117,0.999692,0.441309,-0.006391,0.897332
57.06,-0.00019,-0.000003,0.000079,0.020938,0.014537,0.999675,0.441396,-0.00191,0.89731
57.07,-0.000042,-0.000151,0.000042,0.028832,0.022009,0.999342,0.446228,0.005349,0.894903
57.08,-0.000131,0.000088,0.000027,0.018216,0.034833,0.999227,0.444956,-0.005413,0.895536
57.09,-0.00006,-0.000041,0.000095,0.02786,0.02732,0.999238,0.440796,-0.00706,0.89758
57.1,-0.000036,0.000012,-0.000026,0.033907,0.032747,0.998888,0.432909,0.001726,0.901436
57.11,0.000048,-0.000072,0.000113,0.023508,0.035887,0.999079,0.438311,0.003448,0.898817
57.12,-0.000023,0.000056,0.000044,0.040185,0.038581,0.998447,0.450188,-0.002212,0.892931
57.13,-0.000164,-0.000126,0.000032,0.037927,0.045635,0.998238,0.43767,0.007143,0.899107
57.14,0.000071,-0.000066,0.000055,0.036166,0.031602,0.998846,0.44111,-0.000762,0.897453
57.15,0.00006,-0.000078,0.000075,0.044553,0.046484,0.997925,0.445592,0.001115,0.895236
57.16,-0.00002,-0.000081,0.000069,0.052098,0.045529,0.997604,0.448596,0.003385,0.893728
57.17,0.000043,0.000054,0.000023,0.043223,0.050004,0.997813,0.44236,-0.004739,0.896825
57.18,0.000196,-0.000003,0.000028,0.047141,0.049297,0.997671,0.431761,0.001682,0.901987
57.19,-0.000102,-0.000113,0.000117,0.04833,0.056463,0.997234,0.447313,-0.001271,0.894376
57.2,-0.000279,-0.000045,-0.000062,0.057653,0.050571,0.997055,0.437461,-0.009724,0.899185
57.21,-0.000057,-0.000035,-0.000057,0.066426,0.060909,0.995931,0.441967,0.003038,0.897026
57.22,-0.000124,0.000072,0.000005,0.066562,0.064321,0.995707,0.439021,-0.003734,0.898469
57.23,-0.000043,-0.000058,0.000118,0.072992,0.069373,0.994917,0.441102,0.001269,0.897456
57.24,0.000057,0.000043,0.000096,0.057944,0.058013,0.996633,0.449273,0.000483,0.893395
57.25,0.000003,-0.000129,0.000158,0.067761,0.070941,0.995176,0.444043,0.00453,0.895994
57.26,-0.000089,-0.000105,0.000019,0.068054,0.078217,0.994611,0.450372,0.004335,0.892831
57.27,-0.000108,0.000002,0.000109,0.07619,0.084143,0.993537,0.443647,-0.002531,0.896198
57.28,0.000062,-0.00004,0.000001,0.08057,0.073474,0.994037,0.44429,-0.000914,0.895882
57.29,-0.000066,-0.000128,-0.00001,0.081291,0.079714,0.993498,0.432738,-0.000643,0.90152
57.3,0.000121,-0.000095,0.000013,0.081602,0.08802,0.992771,0.43742,-0.001782,0.899256
57.31,0.000009,-0.000011,0.000113,0.079234,0.093598,0.992452,0.437498,-0.001702,0.899218
57.32,-0.000114,-0.000119,0.000158,0.086403,0.081518,0.99292,0.43788,-0.006237,0.899012
57.33,-0.000098,-0.00004,0.000068,0.094979,0.093466,0.991082,0.450473,0.004216,0.89278
57.34,-0.000194,-0.000048,-0.000003,0.098993,0.089011,0.991099,0.44149,0.000403,0.897266
57.35,0,-0.000058,-0.000134,0.096093,0.099421,0.990395,0.4472,0.002209,0.894431
57.36,0.000022,-0.000241,0.000017,0.099613,0.097102,0.990277,0.441054,-0.001215,0.89748
57.37,-0.0001,-0.000082,0.000049,0.109394,0.101112,0.988842,0.446055,-0.004235,0.894996
57.38,0.000035,-0.000104,0,0.100303,0.097478,0.99017,0.450186,-0.00072,0.892934
57.39,0.000018,0.000009,0.000109,0.102432,0.106787,0.988991,0.441966,-0.000489,0.897032
57.4,-0.000016,-0.000052,0.00001,0.105738,0.108705,0.988435,0.451826,-0.00089,0.892106
57.41,-0.000082,0.000042,0.000173,0.11108,0.103959,0.988359,0.439646,-0.000753,0.898171
57.42,0.00012,-0.000117,0.000031,0.10568,0.113521,0.987899,0.442326,0.004349,0.896844
57.43,-0.000042,-0.000046,-0.000042,0.119373,0.107885,0.986971,0.442246,-0.001352,0.896893
57.44,0.000136,0.000092,0.000037,0.108218,0.106746,0.98838,0.442912,0.00694,0.896538
57.45,-0.00008,-0.000033,-0.000049,0.106121,0.118507,0.987266,0.438858,0.000043,0.898556
57.46,-0.000071,0.000032,0.000186,0.104485,0.115087,0.987845,0.444067,-0.005867,0.895975
57.47,0.00003,0.000075,-0.000036,0.117842,0.113966,0.986471,0.43182,0.00246,0.901957
57.48,-0.000309,0.000081,0.000066,0.106952,0.112974,0.987825,0.443614,0.001425,0.896217
57.49,-0.000049,0.000106,-0.000029,0.112106,0.122335,0.986137,0.442604,-0.006776,0.896692
57.5,-0.000121,-0.000093,0.000184,0.128171,0.117677,0.984746,0.445095,-0.001409,0.895482
57.51,0.000035,-0.000179,0.000187,0.120741,0.12427,0.984875,0.444695,0.00586,0.895663
57.52,-0.000041,0.000003,-0.000013,0.119968,0.129782,0.984258,0.444915,0.006304,0.895551
57.53,0.000112,0.000004,0.000159,0.122576,0.124237,0.984652,0.44699,0.000706,0.894538
57.54,-0.000125,0.000026,0.000058,0.11768,0.125649,0.98507,0.44419,-0.000259,0.895933
57.55,-0.000061,-0.000099,-0.000007,0.13016,0.124984,0.983584,0.446471,0.001145,0.894798
57.56,-0.000139,-0.000087,0.000048,0.127289,0.127505,0.983636,0.436724,0.005274,0.89958
57.57,0.000006,-0.000161,-0.000035,0.136913,0.134369,0.981427,0.44139,0.002956,0.897311
57.58,-0.000093,-0.000168,0.000026,0.124157,0.135552,0.98296,0.439513,0.000773,0.898236
57.59,-0.000065,-0.000048,0.000084,0.137936,0.131322,0.981697,0.447593,-0.003722,0.89423
57.6,0.000035,0.000034,0.000073,0.131986,0.130552,0.982617,0.438809,-0.005861,0.898561
57.61,0.000006,-0.000098,-0.000028,0.138695,0.125747,0.982319,0.437106,0.003393,0.899403
57.62,0.000011,0.000015,0.000232,0.12256,0.144048,0.981952,0.449626,0.005271,0.893201
57.63,-0.000061,-0.000114,0.000075,0.132278,0.13338,0.982198,0.445204,0.006188,0.895408
57.64,-0.00008,-0.000106,0.000164,0.138924,0.135156,0.981037,0.445145,-0.001394,0.895458
57.65,0.000117,-0.000001,-0.000004,0.134863,0.141597,0.980695,0.449298,-0.004306,0.893372
57.66,-0.000021,-0.000036,-0.000065,0.134292,0.13466,0.98175,0.441191,-0.006538,0.89739
57.67,0.000027,-0.000003,0.000155,0.139341,0.137303,0.980679,0.446219,0.00642,0.894901
57.68,-0.000089,-0.000033,0.000041,0.142376,0.13575,0.98046,0.44812,0.008086,0.893937
57.69,-0.000186,0.000177,-0.000123,0.136777,0.139653,0.980708,0.442572,0.000706,0.896733
57.7,-0.000138,-0.000061,-0.000079,0.130778,0.130377,0.982802,0.442489,-0.000308,0.896774
57.71,-0.000007,-0.00007,0.000057,0.130487,0.142238,0.981194,0.445435,-0.005769,0.895296
57.72,-0.000023,-0.000025,0.000059,0.143971,0.141993,0.979342,0.439975,0.010466,0.897949
57.73,-0.000054,0.000004,0.000119,0.135368,0.140018,0.980852,0.441429,0.000574,0.897296
57.74,-0.000063,-0.000068,0.000018,0.144256,0.140538,0.97951,0.439721,0.008887,0.89809
57.75,-0.000016,-0.000061,0.00002,0.136269,0.138079,0.981002,0.441035,-0.005512,0.897473
57.76,-0.000167,0.00013,-0.000051,0.14467,0.145019,0.978795,0.449192,0.006546,0.893411
57.77,0.000099,0.000036,0.000138,0.135401,0.142125,0.980544,0.445069,0.006393,0.895473
57.78,-0.000019,0.000011,0.000077,0.143407,0.134078,0.980539,0.449613,0.001768,0.893222
57.79,0.000009,0.00004,0.00018,0.146905,0.143483,0.978689,0.451391,-0.003666,0.892319
57.8,-0.000123,0.000011,0.000188,0.138385,0.138086,0.980705,0.438343,-0.004379,0.898797
57.81,0.000076,-0.000115,0.000079,0.133921,0.143175,0.980595,0.433463,0.000636,0.901171
57.82,-0.000017,-0.000008,-0.000136,0.132268,0.143572,0.980761,0.437067,0.000277,0.899429
57.83,0.000033,-0.000164,0.000237,0.142597,0.138208,0.980084,0.437043,-0.004369,0.89943
57.84,0.000016,-0.000037,0.000107,0.144253,0.137484,0.979943,0.449963,0.002346,0.893044
57.85,-0.000027,-0.000073,0.000046,0.13521,0.140231,0.980843,0.440129,-0.006036,0.897914
57.86,-0.00001,-0.000096,0.000114,0.136429,0.132823,0.981705,0.442578,0.0077,0.896697
57.87,0.000055,0.000062,0.000154,0.137976,0.134872,0.98121,0.436737,0.002936,0.899584
57.88,0.000071,0.000032,0.000165,0.126123,0.134452,0.982861,0.436804,-0.001369,0.899555
57.89,-0.000033,0.000007,0.000174,0.136413,0.126909,0.98249,0.445504,-0.002782,0.895276
57.9,0.000125,-0.000057,-0.000067,0.134208,0.130051,0.982382,0.443716,0.004451,0.896156
57.91,0.000143,0.00007,0.000209,0.13227,0.120847,0.983819,0.438266,-0.009551,0.898794
57.92,0.000038,-0.000007,0.000001,0.133941,0.132963,0.982029,0.450428,0.008491,0.892772
57.93,-0.000119,0.000096,0.000138,0.136037,0.122747,0.98307,0.440147,0.000923,0.897925
57.94,-0.000011,-0.000121,0.000011,0.131869,0.132565,0.982363,0.453609,0.006913,0.891174
57.95,-0.00009,-0.000053,-0.000189,0.126942,0.130816,0.983246,0.446015,-0.001168,0.895025
57.96,-0.000019,0.000105,0.000009,0.135454,0.117793,0.983757,0.441345,0.000731,0.897337
57.97,-0.000035,-0.000004,-0.000029,0.12402,0.126705,0.984157,0.441513,-0.013535,0.897153
57.98,-0.000001,-0.000096,0.000018,0.121649,0.126166,0.984522,0.434301,0.00655,0.900744
57.99,-0.000016,-0.000032,0.000064,0.117464,0.117539,0.986097,0.441633,-0.003457,0.897189
58,-0.000116,0.000035,-0.000037,0.125786,0.127986,0.983767,0.451436,-0.000514,0.892303
58.01,0.000034,-0.000068,-0.000045,0.118436,0.125382,0.985014,0.449864,-0.01024,0.893038
58.02,-0.000045,-0.000117,0.00001,0.125274,0.125805,0.984114,0.443319,-0.001644,0.896362
58.03,-0.00005,0.00004,0.000123,0.114935,0.117683,0.986378,0.443938,0.010112,0.896001
58.04,0.000003,-0.000051,-0.000074,0.114037,0.112819,0.98705,0.444787,0.005738,0.895618
58.05,-0.000057,-0.000054,0.000044,0.113614,0.110569,0.987353,0.448626,0.000356,0.89372
58.06,-0.000082,-0.000071,0.000124,0.113733,0.101864,0.988276,0.447102,0.002011,0.894481
58.07,-0.000151,-0.000026,0.000163,0.102801,0.108876,0.988725,0.446032,0.001578,0.895016
58.08,-0.000103,-0.000111,0.000036,0.103551,0.099936,0.989591,0.443575,-0.000189,0.896237
58.09,-0.000067,-0.000005,0.000171,0.103788,0.105704,0.988966,0.438025,-0.007088,0.898935
58.1,-0.000048,0.000021,0.000006,0.109622,0.102336,0.988691,0.445052,-0.00561,0.895487
58.11,-0.000079,-0.000002,-0.000002,0.096512,0.097795,0.990516,0.446159,0.004991,0.89494
58.12,0.000065,-0.000061,0.000042,0.114023,0.102903,0.988134,0.437558,-0.005586,0.899173
58.13,-0.000126,-0.000064,-0.00003,0.09827,0.097267,0.990395,0.437759,0.001152,0.899092
58.14,-0.000079,-0.000178,0.000054,0.0961,0.098005,0.990535,0.443327,0.005042,0.896346
58.15,0.000111,-0.000187,0.000204,0.090608,0.094433,0.991399,0.439884,-0.003499,0.898048
58.16,-0.000048,0.000049,-0.000031,0.090067,0.082745,0.992492,0.442934,0.003104,0.896549
58.17,0.000135,-0.000119,0.000049,0.088472,0.076772,0.993116,0.437843,0.01632,0.898904
58.18,0.000095,-0.000136,-0.000145,0.091057,0.102696,0.990536,0.449258,-0.002728,0.893398
58.19,-0.000044,-0.000093,-0.000028,0.092599,0.07998,0.992486,0.444879,0.007268,0.895561
58.2,-0.000116,-0.000153,0.000175,0.087033,0.082344,0.992796,0.448193,0.000962,0.893936
58.21,0.000066,-0.000144,0.000046,0.074808,0.085313,0.993542,0.445955,0.000265,0.895055
58.22,-0.000078,0.000067,-0.000017,0.077155,0.07735,0.994014,0.450765,0.008045,0.892606
58.23,0.000101,-0.000027,-0.000013,0.075753,0.072816,0.994464,0.448214,-0.003713,0.893919
58.24,-0.000046,-0.000078,0.000249,0.077948,0.075898,0.994064,0.434726,0.000318,0.900563
58.25,-0.000026,-0.000069,0.000063,0.063034,0.067573,0.995721,0.444563,-0.005648,0.89573
58.26,0.000089,-0.000111,-0.000091,0.071581,0.067088,0.995176,0.440203,0.001427,0.897897
58.27,0.000075,0.000025,0.000016,0.067973,0.060611,0.995844,0.44394,0.003285,0.896051
58.28,-0.000045,0.000068,-0.000181,0.06861,0.057084,0.996009,0.448924,-0.002778,0.893565
58.29,0.000071,-0.000043,0.000113,0.064014,0.068116,0.995622,0.44604,-0.00045,0.895013
58.3,-0.000043,0.00024,0.000001,0.052446,0.054719,0.997124,0.440594,0.002218,0.897704
58.31,0.000057,-0.000254,0.000058,0.051438,0.056439,0.99708,0.441032,-0.000789,0.897491
58.32,0.00003,-0.000162,-0.000122,0.055489,0.045624,0.997416,0.441692,0.003484,0.89716
58.33,-0.00003,0.00006,0.000157,0.044022,0.058834,0.997297,0.442755,0.003911,0.896634
58.34,-0.000098,0.000002,-0.000068,0.056037,0.043815,0.997467,0.439681,0.003155,0.898148
58.35,0.000113,-0.000078,0.000165,0.046103,0.042435,0.998035,0.444429,0.008663,0.895772
58.36,-0.000062,-0.000057,0.000195,0.043403,0.035477,0.998428,0.440609,0.004706,0.897687
58.37,-0.000115,0.000084,0.000023,0.039669,0.036568,0.998543,0.44276,-0.007688,0.896607
58.38,-0.000116,-0.000101,0.000152,0.034876,0.035067,0.998776,0.446538,-0.00343,0.894758
58.39,-0.000046,-0.000059,-0.000077,0.033039,0.032383,0.998929,0.44205,-0.005643,0.896973
58.4,0.000063,0.000063,0.000082,0.026276,0.029498,0.999219,0.440659,0.005217,0.897659
58.41,0.000029,-0.000312,0.000007,0.025251,0.019176,0.999497,0.438974,-0.000686,0.898499
58.42,-0.000025,-0.000019,0.000004,0.021095,0.026503,0.999426,0.447164,-0.003177,0.894447
58.43,-0.000019,-0.000092,-0.000003,0.014985,0.01995,0.999689,0.44023,-0.003294,0.897879
58.44,-0.000148,-0.000017,-0.000009,0.024667,0.017564,0.999541,0.445152,0.007983,0.89542
58.45,-0.000083,0.000092,0.00005,0.01458,0.017232,0.999745,0.439204,0.005777,0.898369
58.46,-0.000043,-0.000163,0.000008,0.009631,0.006314,0.999934,0.446833,-0.000701,0.894617
58.47,0.000046,0.000019,0.000058,0.006664,0.015589,0.999856,0.439538,-0.001981,0.898222
58.48,-0.000055,-0.000023,0.000088,0.007137,0.000329,0.999974,0.439668,-0.007275,0.898131
58.49,-0.000068,-0.000246,0.000225,0.005567,-0.005327,0.99997,0.439289,0.002124,0.898343
58.5,0.00006,-0.000042,0.000177,0.006258,0.005047,0.999968,0.447146,-0.006729,0.894436
58.51,-0.000153,0.000084,0.00007,0.00191,0.001478,0.999997,0.445198,-0.005718,0.895414
58.52,0.000038,-0.000059,0.000067,-0.020055,-0.004409,0.999789,0.433473,-0.001332,0.901165
58.53,0.000012,0.000063,0.000098,-0.007547,-0.012688,0.999891,0.445755,-0.00766,0.895122
58.54,-0.000001,-0.00008,0.000203,-0.005424,-0.001753,0.999984,0.445663,0.002593,0.895197
58.55,-0.000021,-0.000048,0.000025,-0.020602,-0.011831,0.999718,0.444566,0.003632,0.895739
58.56,-0.000144,-0.000093,-0.000079,-0.020854,-0.025239,0.999464,0.437261,-0.007707,0.899301
58.57,-0.000022,-0.000036,0.000073,-0.014188,-0.030576,0.999432,0.442261,-0.001663,0.896885
58.58,-0.000149,-0.000066,-0.000002,-0.021386,-0.024192,0.999479,0.452037,-0.003419,0.891993
58.59,0.000047,-0.000159,-0.000079,-0.02528,-0.024203,0.999387,0.439956,0.000604,0.898019
58.6,0.000073,0.000003,-0.000083,-0.037103,-0.018458,0.999141,0.44661,0.001611,0.894727
58.61,0.000078,0.000101,0.000153,-0.032604,-0.025956,0.999131,0.448792,-0.000033,0.893636
58.62,-0.00022,-0.000018,-0.000022,-0.036434,-0.046571,0.99825,0.433239,-0.003832,0.901271
58.63,-0.000063,-0.000167,0.000205,-0.03291,-0.039549,0.998676,0.444277,0.005292,0.895874
58.64,-0.0001,-0.000005,0.000124,-0.034826,-0.029884,0.998947,0.440934,-0.008077,0.897503
58.65,0.000014,0.000007,0.000019,-0.038612,-0.053013,0.997847,0.433434,-0.003608,0.901178
58.66,-0.00002,-0.000048,-0.000145,-0.058629,-0.041564,0.997414,0.451106,0.008608,0.892429
58.67,0.000048,-0.000084,0.000008,-0.062219,-0.046102,0.996997,0.445744,-0.001201,0.895159
58.68,-0.000076,-0.00015,-0.000052,-0.056238,-0.053275,0.996995,0.451368,-0.003966,0.892329
58.69,-0.000197,0.000012,0.000156,-0.062005,-0.052642,0.996687,0.451095,0.006989,0.892448
58.7,-0.000033,-0.000129,0.000167,-0.056415,-0.059586,0.996628,0.440941,0.002977,0.897531
58.71,-0.000068,-0.000168,-0.000111,-0.057558,-0.055985,0.996771,0.443204,-0.000971,0.89642
58.72,-0.000024,0.000097,0.00002,-0.07068,-0.063414,0.995481,0.444603,0.001214,0.895727
58.73,-0.000095,-0.000053,-0.000021,-0.057122,-0.071131,0.99583,0.443419,0.004093,0.896305
58.74,-0.000088,-0.000007,-0.00001,-0.073053,-0.0729,0.99466,0.446515,-0.009763,0.894723
58.75,0.000041,-0.000114,0.000115,-0.071802,-0.073254,0.994725,0.445804,0.000924,0.89513
58.76,-0.00001,-0.000063,0.000027,-0.074213,-0.069831,0.994794,0.441139,-0.003219,0.897433
58.77,-0.000068,0.000117,-0.000018,-0.088309,-0.069993,0.993631,0.443588,-0.000839,0.89623
58.78,0.000064,0.000059,0.000024,-0.078306,-0.080678,0.99366,0.441697,0.000351,0.897164
58.79,0.000101,-0.000237,0.000074,-0.083179,-0.0757,0.993655,0.441082,-0.007062,0.897439
58.8,-0.000029,-0.000027,0.000126,-0.075524,-0.077252,0.994147,0.444726,0.000868,0.895666
58.81,-0.000075,-0.000046,0.000153,-0.082059,-0.088869,0.992657,0.438918,-0.009089,0.898481
58.82,-0.00005,-0.000119,0.000103,-0.090745,-0.087539,0.992019,0.443653,-0.011307,0.896127
58.83,-0.000047,-0.000079,0.000101,-0.088327,-0.08474,0.992481,0.44435,-0.004188,0.895844
58.84,-0.000107,-0.000115,0.00003,-0.102207,-0.092625,0.990442,0.4505,0.003186,0.892771
58.85,-0.000057,-0.000025,-0.000052,-0.093926,-0.090638,0.991445,0.445218,0.002905,0.895418
58.86,0.00011,0.00003,0.000065,-0.10694,-0.097178,0.989505,0.435407,0.00622,0.900212
58.87,-0.00002,-0.000248,0.000134,-0.099499,-0.105684,0.989409,0.44022,0.009636,0.897838
58.88,-0.000129,0.000015,-0.000051,-0.102345,-0.104855,0.989207,0.441587,0.002035,0.897216
58.89,0.000046,-0.000076,0.000034,-0.094659,-0.098217,0.990653,0.439925,0.014167,0.897923
58.9,0.000093,0.000057,-0.000067,-0.107636,-0.108659,0.988235,0.437035,-0.000132,0.899444
58.91,-0.000101,-0.000012,0.000033,-0.108278,-0.101562,0.988919,0.449177,0.001031,0.893442
58.92,0.00003,-0.000089,-0.000111,-0.116627,-0.114947,0.986502,0.455102,0.009958,0.890384
58.93,-0.00012,-0.000045,0.000101,-0.118876,-0.112354,0.986532,0.444647,-0.002326,0.895703
58.94,0.000025,0.000079,0.000074,-0.107587,-0.118788,0.987074,0.445799,0.008296,0.895094
58.95,-0.000058,0.000034,0.000044,-0.111247,-0.12011,0.986508,0.437182,-0.00908,0.899327
58.96,-0.000081,-0.00007,0.000134,-0.111591,-0.112455,0.987371,0.445176,0.000084,0.895443
58.97,0.00009,0.000086,-0.000087,-0.124616,-0.108502,0.986255,0.432513,0.001302,0.901627
58.98,0.000055,-0.000127,0.000023,-0.121769,-0.118272,0.985487,0.4399,-0.001441,0.898045
58.99,0.000011,-0.000146,-0.000054,-0.117114,-0.111637,0.986824,0.45111,0.004918,0.892455
59,-0.000106,0.000118,0.000147,-0.125199,-0.124271,0.984318,0.437699,0.0041,0.899112
59.01,-0.000118,-0.000017,0.000065,-0.115944,-0.118672,0.986141,0.441105,-0.001501,0.897454
59.02,-0.000013,-0.000091,0.000179,-0.125633,-0.125993,0.984044,0.44224,-0.004481,0.896886
59.03,-0.000073,0.000042,-0.000094,-0.120149,-0.128865,0.984357,0.438372,-0.001968,0.898792
59.04,-0.000006,-0.000017,0.000172,-0.125978,-0.124137,0.984235,0.450139,-0.004041,0.89295
59.05,-0.000267,0.000019,0.000124,-0.133284,-0.128857,0.982665,0.444026,-0.005443,0.895997
59.06,-0.000063,0.000086,0.000237,-0.127998,-0.126844,0.98363,0.445197,-0.006518,0.895409
59.07,0.000037,0.000041,0.000171,-0.134307,-0.131592,0.982164,0.44529,-0.007313,0.895356
59.08,-0.000002,0.000078,0.000106,-0.132364,-0.128348,0.982856,0.447553,-0.004271,0.894247
59.09,-0.0001,-0.000121,0.000156,-0.133959,-0.132533,0.982084,0.441869,-0.002094,0.897077
59.1,0.000012,-0.000088,0.000056,-0.133268,-0.140141,0.981122,0.438719,-0.002798,0.89862
59.11,0.000088,-0.000179,-0.000026,-0.140776,-0.136558,0.980578,0.447395,0.000754,0.894336
59.12,0.000021,0.000043,-0.000049,-0.132866,-0.130215,0.982543,0.446086,-0.006716,0.894965
59.13,-0.000127,-0.000015,0.000176,-0.131016,-0.13438,0.982231,0.444478,-0.014681,0.89567
59.14,-0.000039,-0.000232,0.000143,-0.135235,-0.140064,0.980864,0.441369,0.000174,0.897326
59.15,-0.000042,-0.000069,-0.000048,-0.135309,-0.131413,0.98205,0.443837,-0.001262,0.896107
59.16,0.000065,-0.000006,0.000089,-0.129915,-0.141471,0.981381,0.441919,-0.002718,0.897051
59.17,-0.000009,0.000009,0.000126,-0.129493,-0.140937,0.981513,0.443903,0.008359,0.896036
59.18,0.00011,-0.000122,0.000047,-0.140892,-0.141506,0.97986,0.446476,-0.001717,0.894794
59.19,-0.000079,0.000118,0.000028,-0.130471,-0.141131,0.981356,0.437026,-0.001975,0.899447
59.2,-0.000181,-0.000031,-0.000011,-0.144797,-0.128986,0.981018,0.449063,-0.000341,0.8935
59.21,-0.000104,-0.000068,-0.000061,-0.146077,-0.134736,0.980055,0.444432,0.001166,0.895812
59.22,-0.000209,0.000141,0.000042,-0.1397,-0.132224,0.981326,0.444119,0.006011,0.895947
59.23,-0.000122,0.000025,0.00017,-0.132819,-0.144087,0.980611,0.445495,0.01053,0.895222
59.24,-0.000193,-0.000068,0.000078,-0.13985,-0.143054,0.979784,0.445143,-0.000081,0.89546
59.25,-0.000114,0.00001,-0.000055,-0.128676,-0.143416,0.981262,0.445187,0.003167,0.895432
59.26,-0.000098,-0.00004,0.000091,-0.139409,-0.133938,0.981135,0.437658,-0.011555,0.899067
59.27,-0.000036,-0.000089,0.000021,-0.140878,-0.141758,0.979826,0.438249,0.000849,0.898853
59.28,-0.000225,0.000157,0.000017,-0.145136,-0.136936,0.97989,0.440861,0.003802,0.897567
59.29,-0.000066,-0.000006,0.000103,-0.131153,-0.143017,0.980992,0.439097,0.004499,0.898429
59.3,-0.00001,-0.000088,-0.000092,-0.133319,-0.134607,0.981889,0.443028,0.004043,0.896498
59.31,-0.000055,-0.000099,0.000005,-0.134392,-0.139441,0.981068,0.448206,0.00064,0.89393
59.32,-0.00004,-0.000008,0.000166,-0.138327,-0.142099,0.980139,0.436821,-0.001338,0.899547
59.33,-0.000053,-0.00018,0.000104,-0.142619,-0.134149,0.980645,0.446841,-0.002719,0.894609
59.34,0.000041,-0.000173,0.000106,-0.141516,-0.124983,0.982015,0.440769,-0.003149,0.897615
59.35,-0.000024,-0.000077,0.000068,-0.129941,-0.139389,0.981675,0.437988,-0.006557,0.898957
59.36,-0.000006,0.000022,0.000153,-0.138455,-0.132349,0.981486,0.440002,0.003239,0.897991
59.37,-0.000041,-0.00003,0.000264,-0.123636,-0.146568,0.981444,0.439829,0.003008,0.898077
59.38,-0.000134,-0.000053,0.000022,-0.125878,-0.143272,0.981646,0.437037,0.003808,0.899436
59.39,0.000027,0.000067,-0.000063,-0.133941,-0.132216,0.98213,0.44404,-0.001307,0.896006
59.4,0.000067,-0.000133,0.000281,-0.135433,-0.142333,0.98051,0.447184,-0.000635,0.894442
59.41,-0.000099,0.000067,0.000029,-0.13238,-0.134873,0.98198,0.449266,0.001885,0.893396
59.42,0.000022,-0.000095,0.000065,-0.130446,-0.12489,0.983558,0.441788,-0.005651,0.897102
59.43,-0.000038,-0.000021,0.000122,-0.135382,-0.130953,0.982101,0.43938,0.005558,0.898284
59.44,-0.000079,-0.000058,-0.000062,-0.130939,-0.124053,0.983598,0.441519,0.004573,0.89724
59.45,-0.000052,-0.000072,0.00013,-0.130074,-0.125991,0.983467,0.443221,0.000768,0.896412
59.46,0.000019,-0.000093,0.000092,-0.128488,-0.119551,0.984479,0.446897,0.001306,0.894585
59.47,0.000075,-0.000048,-0.00005,-0.120976,-0.117546,0.985671,0.453278,0.005886,0.89135
59.48,0.000175,0.000019,0.000115,-0.124782,-0.122041,0.98465,0.447812,0.002585,0.894124
59.49,0.000179,-0.000099,0.00008,-0.115724,-0.122735,0.985669,0.444214,-0.007152,0.895892
59.5,-0.000206,0.000014,0.000088,-0.115436,-0.118464,0.986226,0.440958,0.006311,0.897506
59.51,-0.000108,-0.000104,0.000038,-0.123352,-0.120448,0.985026,0.438188,-0.002357,0.89888
59.52,-0.00006,0.000109,0.000032,-0.116609,-0.117591,0.986192,0.442619,-0.001453,0.896709
59.53,-0.000054,-0.000045,-0.000087,-0.11631,-0.118092,0.986167,0.434114,0.002627,0.900854
59.54,-0.000083,-0.000147,0.000064,-0.113118,-0.112271,0.987218,0.447186,0.00595,0.894421
59.55,-0.000232,-0.000128,0.000075,-0.110142,-0.115391,0.987195,0.437433,-0.001536,0.89925
59.56,-0.000224,-0.000166,0.00014,-0.116702,-0.121744,0.985677,0.446139,-0.00381,0.894956
59.57,-0.000156,-0.00003,0.00008,-0.106856,-0.11422,0.987692,0.439925,-0.007425,0.898004
59.58,-0.000133,-0.000177,0.000186,-0.104003,-0.103899,0.989135,0.449268,0.004556,0.893385
59.59,-0.000089,0.000016,-0.000014,-0.108973,-0.103021,0.988692,0.441348,-0.002273,0.897333
59.6,-0.000008,-0.000144,-0.000067,-0.09363,-0.103945,0.990166,0.436327,0.002916,0.899783
59.61,-0.000132,-0.000084,-0.000002,-0.108221,-0.104902,0.988577,0.447179,-0.002721,0.89444
59.62,-0.000069,0.000008,0.000006,-0.11011,-0.094476,0.989419,0.442264,-0.009349,0.896836
59.63,0.000041,-0.000087,0.000111,-0.102228,-0.093165,0.990389,0.446598,0.00461,0.894723
59.64,0.000074,0.000123,-0.000121,-0.099195,-0.100582,0.989972,0.441318,-0.001245,0.89735
59.65,0.000111,-0.000184,0.000177,-0.085683,-0.095841,0.991702,0.442042,-0.002432,0.896991
59.66,-0.000041,0.000001,-0.00003,-0.089006,-0.086402,0.992276,0.45043,0.001244,0.892811
59.67,0.000042,0.000031,0.000005,-0.096887,-0.085422,0.991623,0.437059,0.001706,0.899431
59.68,-0.000094,0.000046,0.000143,-0.082184,-0.083249,0.993134,0.447476,0.003839,0.894288
59.69,0.000027,-0.000063,0.000053,-0.089263,-0.088691,0.992051,0.446488,0.002087,0.894787
59.7,0.000042,0.000044,0.000152,-0.087878,-0.098287,0.99127,0.441665,-0.006235,0.897158
59.71,-0.000028,-0.000091,0.000078,-0.075932,-0.078973,0.993981,0.447394,-0.011223,0.894266
59.72,0,-0.000076,0.000092,-0.079369,-0.07906,0.993705,0.437578,0.002125,0.899178
59.73,-0.000113,-0.000007,0,-0.081901,-0.080646,0.993372,0.434024,-0.004155,0.900892
59.74,0.000145,0.000075,0.000076,-0.071055,-0.075564,0.994606,0.442703,0.002191,0.896666
59.75,-0.000155,-0.000137,0.000114,-0.070866,-0.07419,0.994723,0.442064,0.004547,0.896972
59.76,-0.000053,-0.000002,-0.000085,-0.069082,-0.06864,0.995247,0.439594,-0.001478,0.898195
59.77,-0.000171,-0.000019,0.000035,-0.059168,-0.066586,0.996025,0.441876,0.001724,0.897074
59.78,-0.000156,-0.000099,0.000122,-0.059536,-0.066496,0.996009,0.451686,0.002062,0.892174
59.79,-0.000078,0.000021,0.000197,-0.059621,-0.058649,0.996497,0.444548,-0.00702,0.895728
59.8,-0.000011,-0.000018,0.000001,-0.06837,-0.054578,0.996166,0.450374,-0.000585,0.89284
59.81,0.000066,-0.000155,-0.000043,-0.052948,-0.048902,0.997399,0.443919,-0.001592,0.896066
59.82,-0.000042,-0.000158,0.000139,-0.049389,-0.050868,0.997483,0.441418,-0.000832,0.897301
59.83,-0.000095,0.000017,0.000026,-0.047844,-0.051319,0.997536,0.444708,0.003816,0.895667
59.84,-0.000062,-0.000028,-0.000118,-0.0556,-0.04287,0.997532,0.453541,-0.00153,0.891234
59.85,-0.000135,-0.000071,0.000247,-0.044338,-0.045486,0.997981,0.447469,0.001873,0.894298
59.86,0.000031,0.000034,-0.000038,-0.03914,-0.037132,0.998544,0.448736,0.011617,0.893589
59.87,0.000038,0.000079,0.000119,-0.040391,-0.03634,0.998523,0.44938,-0.004728,0.893328
59.88,0.000189,-0.000147,-0.000041,-0.037549,-0.032782,0.998757,0.443926,0.004344,0.896053
59.89,-0.000063,-0.000114,0.000057,-0.025805,-0.032353,0.999143,0.441738,0.005333,0.897128
59.9,0.000005,-0.00003,0.000062,-0.032975,-0.032305,0.998934,0.442299,-0.005227,0.896852
59.91,-0.000005,0.000038,-0.000005,-0.020668,-0.035025,0.999173,0.448337,-0.001618,0.893863
59.92,-0.000099,0.000075,0.000023,-0.022192,-0.021082,0.999531,0.444131,-0.000769,0.895962
59.93,-0.000113,-0.000005,0.000022,-0.025424,-0.021658,0.999442,0.447032,0.002151,0.894516
59.94,-0.00003,-0.000035,0.000108,-0.015212,-0.020093,0.999682,0.437399,0.005031,0.899253
59.95,0.00004,-0.000102,-0.000053,-0.016328,-0.016253,0.999735,0.436386,0.005202,0.899744
59.96,0.000099,-0.000089,-0.000083,-0.01182,-0.008325,0.999895,0.440843,-0.005258,0.897569
59.97,-0.000206,-0.000033,-0.000004,-0.010886,-0.011836,0.999871,0.446811,-0.006349,0.894606
59.98,-0.0002,-0.000112,-0.00004,-0.006099,0.001759,0.99998,0.44325,0.005421,0.896382
59.99,0.000046,-0.000009,0.000051,-0.002209,-0.008214,0.999964,0.449834,0.002115,0.893109
