time_s,gyr_x_rad_s,gyr_y_rad_s,gyr_z_rad_s,acc_x_m_s2,acc_y_m_s2,acc_z_m_s2,mag_x_nT,mag_y_nT,mag_z_nT
0,-0.000034,0.000088,0.000011,-0.064206,-0.009728,9.83985,17203.78883,-259.637773,34307.75424
0.01,-0.000094,0.000014,0.000085,0.00724,0.052089,9.810585,17195.2244,92.93027,34453.14005
0.02,-0.00003,-0.00011,0.000051,0.033876,0.022103,9.778323,17077.81409,-87.931182,34537.06396
0.03,0.000021,-0.000146,0.000014,0.066096,0.017331,9.847878,17269.83746,155.243699,34986.96045
0.04,-0.000205,-0.000141,-0.000107,-0.05399,-0.055057,9.797657,17369.79592,85.255866,34524.94394
0.05,-0.00006,-0.000139,0.000077,-0.041037,0.030197,9.8271,17286.35153,72.749782,34618.91788
0.06,-0.000026,-0.000045,-0.000166,0.060515,0.028654,9.750171,17239.47511,17.312895,34449.49906
0.07,-0.000086,-0.000033,0.000064,0.046621,-0.033276,9.769965,17197.77303,-51.39971,34439.14935
0.08,-0.000173,-0.00007,-0.000032,0.002319,-0.001228,9.858484,17208.51499,-171.198256,34317.00061
0.09,-0.00011,0.000064,-0.000017,0.140528,0.020387,9.879346,17460.0343,159.119188,34512.45629
0.1,-0.000042,0.000048,0.000003,-0.011347,0.01605,9.780784,17146.74304,16.628664,34433.45956
0.11,-0.000049,-0.000019,0.000059,-0.02192,0.066342,9.829279,16962.22565,-216.467591,34650.58573
0.12,-0.000146,-0.000022,0.000172,0.021494,-0.040796,9.892027,17339.64032,286.573191,34599.63019
0.13,-0.000174,0.000046,0.000064,-0.009654,-0.033275,9.805686,17376.20806,48.65884,34779.3386
0.14,-0.000095,0.000146,0.00012,0.032879,0.03664,9.88008,17379.79355,-58.576231,34608.74047
0.15,-0.000144,-0.000022,0.000104,-0.053726,-0.022237,9.884577,17069.2335,-97.445072,34603.54563
0.16,-0.000056,0.000031,0.000048,0.112766,-0.0321,9.801899,17325.04209,290.702809,34477.13436
0.17,0.000019,0.000097,-0.000005,-0.077855,-0.041815,9.762611,17104.32318,382.057875,34471.48218
0.18,-0.000022,-0.000069,0.000065,-0.005844,-0.060141,9.853183,17085.56367,406.353779,34539.96857
0.19,-0.000143,-0.000079,0.000037,-0.003543,-0.013312,9.852741,17256.96527,11.619913,34287.24058
0.2,0.000039,0.000071,-0.000062,-0.013981,-0.062554,9.80814,17218.08716,-307.463549,34290.89892
0.21,-0.000109,0.000028,-0.00012,0.107659,0.004341,9.832902,17347.02363,153.737929,34551.56287
0.22,-0.00008,-0.000037,0.000163,-0.010458,-0.011584,9.831971,17285.46604,256.472494,34651.93931
0.23,0.000021,-0.000057,0.000021,-0.132582,-0.062501,9.77711,16863.51337,-179.077447,34778.63606
0.24,-0.000061,0.000104,0.000016,-0.014053,0.071869,9.929174,17091.76424,251.878338,34395.2858
0.25,-0.000066,0.000002,0.000043,0.030826,0.019234,9.840828,17221.99358,-325.064524,34699.81603
0.26,-0.000057,-0.000126,0.000053,0.074529,-0.049694,9.782254,17172.81764,235.122704,34204.46074
0.27,-0.000078,0.000073,0.000111,0.007114,0.014225,9.71209,16859.51753,-117.603012,34654.53034
0.28,-0.000042,0.00003,0.000024,0.0208,-0.079898,9.844965,17409.44566,240.772248,34308.95374
0.29,0.000052,-0.000029,0.000105,0.041551,-0.113427,9.831847,17003.49642,283.552285,34701.57335
0.3,-0.000152,0.000002,-0.000094,0.009128,-0.031483,9.854199,16846.19678,134.443975,34686.94362
0.31,-0.000217,-0.000055,-0.000025,0.099201,0.024086,9.752231,17262.6402,29.055945,34647.65681
0.32,-0.000025,0.000167,-0.000019,-0.072589,-0.059014,9.755981,17292.19341,85.693364,34776.86872
0.33,-0.000094,-0.000011,0.000097,0.055285,0.013621,9.805344,17265.90382,157.869508,34509.00532
0.34,-0.000055,-0.000047,0.000115,0.04278,0.000188,9.80842,17239.06804,202.671101,34469.25141
0.35,0.000006,-0.000119,0.000047,-0.042685,-0.031794,9.808197,16934.94574,110.118814,34700.85658
0.36,-0.000036,-0.000121,0.000076,-0.059028,0.082023,9.81283,16958.52117,95.458662,34966.46714
0.37,-0.000114,0.000056,0.00007,-0.028102,0.047864,9.753903,16727.33156,99.28787,34620.48768
0.38,-0.000032,-0.00008,0.000043,0.051977,0.003465,9.900462,17117.80346,8.749552,34656.4136
0.39,-0.000214,-0.000127,0.000085,-0.028163,-0.02056,9.764578,17080.29708,-70.152654,34718.99408
0.4,-0.000225,0.000045,-0.000099,-0.062959,0.011712,9.753869,17474.90168,-5.527701,34717.09274
0.41,0.000027,-0.000102,0.000122,0.015097,-0.03268,9.859149,17330.12982,-184.961172,34502.16058
0.42,-0.000028,-0.000163,0.000163,-0.128005,0.019926,9.808937,16956.18826,-21.512725,34769.85012
0.43,0.000086,-0.000034,0.00003,-0.000804,-0.032416,9.893647,16966.84575,268.635932,34970.25286
0.44,-0.000053,-0.000114,0.000149,-0.021327,0.020334,9.793431,16955.4441,58.724502,34719.41373
0.45,-0.000087,-0.000033,-0.000016,-0.018844,0.003483,9.840173,16886.11959,-356.676981,34575.68045
0.46,-0.000094,-0.00014,0.000163,-0.056543,-0.024366,9.736289,16929.24848,25.579382,34420.33096
0.47,-0.000053,0.000056,0.000055,0.018914,-0.043477,9.769332,17002.36424,-103.377033,34586.45538
0.48,-0.0001,-0.000057,0.000005,0.031474,-0.001573,9.826611,17270.15836,39.19869,34654.65964
0.49,-0.000039,-0.000061,0.000027,-0.007992,0.019398,9.810753,16873.45356,321.087237,34781.05816
0.5,-0.00016,-0.000099,0.000198,-0.056592,0.009561,9.789262,17408.00535,10.996367,34428.61326
0.51,-0.000098,-0.000121,0.000083,-0.012967,0.012922,9.778972,17193.95447,-195.266683,34556.76167
0.52,0.000083,-0.000156,0.000035,-0.053845,0.057944,9.898119,17054.67526,-25.41031,34269.00142
0.53,-0.000095,-0.000182,0.000118,-0.018197,0.056185,9.825615,17251.16078,-249.249867,34579.36981
0.54,-0.000041,-0.000022,-0.000012,-0.033042,-0.042685,9.792412,17056.17789,-357.838561,34690.66893
0.55,0,-0.000076,0.000041,-0.022437,-0.017607,9.800214,17089.89606,349.317585,34901.03793
0.56,-0.000136,-0.000135,0.00017,-0.057407,0.042069,9.750064,16930.54115,-389.180338,34555.28096
0.57,-0.000084,-0.000003,0.000051,-0.054327,0.045037,9.844313,17260.29559,-29.524121,34898.15695
0.58,-0.000078,-0.000073,0.000109,0.071519,0.005762,9.774297,17112.47975,-132.118141,34511.41028
0.59,-0.000066,-0.000042,0.000056,0.056094,-0.005777,9.800207,17123.62739,213.796737,34452.91442
0.6,0.000063,0.000031,0.000087,-0.043295,0.019077,9.6884,17097.89438,136.414505,34494.316
0.61,-0.000089,-0.000149,0.000136,0.025219,-0.100862,9.849941,17107.43318,178.947977,34655.41438
0.62,0.000045,-0.000041,0.000101,-0.078687,0.032924,9.929765,17234.74636,-99.431529,34285.6729
0.63,0.000029,0.000044,0.000134,-0.0149,-0.059231,9.903397,16916.52669,-73.539932,34650.82833
0.64,-0.000079,0.000104,-0.000055,-0.023045,-0.05661,9.869057,17005.36848,-145.077505,34471.056
0.65,0.000036,0.000014,0.00013,-0.143022,-0.075083,9.740708,17145.22845,-79.888262,34765.11994
0.66,0.000125,0.000101,-0.000046,-0.035719,-0.102145,9.847509,17197.34544,62.749315,34434.32249
0.67,-0.000187,0.000043,-0.000035,0.050077,-0.003828,9.78571,17412.87189,76.794967,34741.55326
0.68,-0.000041,0.000045,-0.00009,-0.079165,0.022347,9.771371,17190.45912,-71.746824,34483.23772
0.69,-0.000224,-0.000006,0.000057,0.029716,0.04993,9.808701,17021.04153,162.147546,34649.29949
0.7,-0.000061,-0.000025,-0.000021,-0.106666,-0.047842,9.874623,16772.36987,115.499899,34253.45056
0.71,-0.000172,-0.000043,-0.000031,0.012744,0.070016,9.694705,16972.08899,248.781682,34560.19268
0.72,-0.000183,0.000015,0.000048,-0.006614,-0.009778,9.725214,17034.23809,-510.149494,34680.57869
0.73,-0.000004,-0.000115,-0.000004,-0.033191,0.047927,9.833538,17029.66218,-19.079709,34300.45175
0.74,-0.000127,-0.000106,0.000071,-0.02772,0.015372,9.866085,16892.57317,-16.789773,34174.94431
0.75,-0.000108,0.000002,0.000083,-0.054908,0.013711,9.858694,17216.88527,131.274382,34345.97045
0.76,0.000137,-0.00015,0.000131,-0.035361,0.064203,9.802026,16900.72458,15.188618,34546.18349
0.77,-0.000047,-0.00003,-0.000073,0.0546,0.045308,9.819781,16915.34306,-26.448284,34340.32314
0.78,-0.00008,0.000036,0.000046,-0.015439,-0.033633,9.815086,16769.70116,143.437912,34629.71543
0.79,-0.000032,-0.000054,0.000154,0.009716,0.0694,9.802314,16824.37864,-1.02895,34575.49351
0.8,-0.000041,-0.000221,-0.000007,0.016856,0.083495,9.822835,17375.22377,245.812123,34828.93666
0.81,-0.000211,-0.000312,0.000007,0.022092,0.079697,9.811242,17013.97471,205.773478,34414.58307
0.82,0.000077,-0.000025,-0.000049,0.019229,0.037039,9.800827,16886.16899,416.193291,34370.3182
0.83,-0.000122,0.00007,0.000067,-0.056411,-0.073885,9.796556,17336.58329,-101.173785,34428.16939
0.84,-0.000035,-0.000033,0.000057,0.055499,0.049054,9.888168,17440.98863,-378.573036,34557.86006
0.85,0.000031,0.00002,0.000072,0.04457,-0.033167,9.73393,17171.55036,-153.148997,34341.74111
0.86,-0.00013,0.000016,-0.000006,-0.026561,-0.014002,9.769539,16889.52985,414.851997,34186.15207
0.87,0.000056,-0.00014,0.000042,0.045351,-0.040365,9.835678,16853.39754,-78.749306,34279.3477
0.88,-0.00004,-0.000144,0.000204,0.038329,-0.087761,9.785513,17221.08127,-188.672389,34450.57251
0.89,0.000088,-0.000069,0.000121,0.062029,0.041408,9.812744,17050.91045,-175.008937,34608.51561
0.9,-0.000006,-0.000257,0.000075,-0.056147,-0.035893,9.811005,16790.55131,-39.869022,34697.19457
0.91,-0.000045,-0.000021,-0.00004,0.062261,0.023843,9.802291,17261.83555,-268.409573,34238.74455
0.92,-0.000063,-0.000044,0.000157,0.01088,0.038098,9.719008,17463.35261,162.402536,34156.15493
0.93,-0.00001,-0.000029,0.000187,-0.050286,0.000731,9.867046,17252.4855,45.480791,34637.28305
0.94,-0.000088,-0.000063,-0.000105,0.053129,-0.039793,9.807804,17370.3044,-38.56342,34664.45756
0.95,0.000097,0.000055,0.000134,-0.037864,-0.020366,9.813772,16982.34654,290.286395,34666.31754
0.96,0.000019,-0.000019,0.000072,-0.018952,-0.02877,9.748342,17322.21986,82.266,34288.46665
0.97,-0.000061,-0.000046,0.000058,-0.080077,-0.010516,9.816093,17066.16936,-22.198895,34601.8318
0.98,0.000092,0.00002,0.000049,0.029918,-0.041776,9.77037,16908.25242,-124.151137,34424.48337
0.99,-0.00009,-0.000084,0.000193,0.062115,0.019821,9.850657,16836.77968,38.051251,34402.09237
1,0.000005,-0.000023,0.000023,-0.029342,-0.03666,9.748971,17331.88065,-120.412487,34187.3343
1.01,-0.000136,-0.000035,0.00013,0.048505,-0.05768,9.720045,17090.82795,215.005891,34767.98243
1.02,-0.000074,-0.000049,0.000034,-0.038351,0.062201,9.807819,16917.49128,-95.755093,34472.44716
1.03,-0.00003,-0.000168,0.000033,0.010697,0.004837,9.804162,17156.48504,-113.616054,34006.73438
1.04,-0.000114,0.000049,-0.000014,-0.00935,-0.071009,9.889448,17266.20568,96.405841,34311.57969
1.05,0.000011,0.000104,0.000026,-0.008603,0.059509,9.728461,17029.79989,-112.910991,34341.26651
1.06,-0.000092,-0.000012,0.000053,0.026006,-0.05989,9.741952,17100.58292,-243.598891,34502.04975
1.07,-0.000126,0.000012,0.00023,0.012278,0.050406,9.874647,17191.6788,147.067176,34896.35703
1.08,-0.000062,-0.000046,-0.000038,0.065389,-0.014558,9.845569,17090.87428,89.393341,34648.41264
1.09,-0.000012,-0.000138,-0.000043,-0.030837,-0.027966,9.818571,16949.25247,-389.674733,34340.74534
1.1,0.000072,-0.000108,0.000148,-0.006891,0.041337,9.715045,16711.56829,-0.349677,34831.14465
1.11,0.000094,-0.000006,0.000102,0.055678,-0.029992,9.88011,17203.20605,429.191719,34606.88538
1.12,0.000131,-0.000046,0.000002,0.056087,-0.058396,9.803977,17570.41994,355.752042,34687.2532
1.13,-0.000158,-0.000025,0.000183,0.032866,-0.040445,9.769537,17427.50101,-94.603638,34317.13449
1.14,0.000044,-0.000111,-0.000021,-0.016113,0.036232,9.851776,17172.62039,300.217862,34685.04063
1.15,-0.000083,-0.000003,0.000036,-0.021932,0.04041,9.87998,17226.89992,12.377554,34438.67192
1.16,-0.000021,-0.000003,0.000028,0.044992,-0.037338,9.764694,17208.83419,145.339779,34462.36417
1.17,-0.000043,-0.000011,0.000046,0.013395,0.040111,9.827994,17336.32916,340.189365,34161.38029
1.18,0.000004,0.000135,0.000105,-0.019945,-0.046976,9.869875,17162.32086,-261.904926,34471.036
1.19,-0.000035,-0.000176,0.000087,-0.00815,0.092127,9.749674,17097.91428,135.402494,34660.36586
1.2,-0.000209,-0.000152,0.000128,-0.017145,-0.032563,9.898477,17220.89827,51.703947,34408.81516
1.21,0.000022,-0.000042,-0.000096,0.0609,-0.025195,9.710977,17152.82592,-69.345349,34671.71158
1.22,-0.000072,-0.000088,0.000109,0.056767,0.005957,9.750819,17063.03101,17.658108,34226.10089
1.23,0.000158,-0.00001,-0.000014,-0.075197,0.019409,9.796723,17145.18543,-100.752836,34594.80773
1.24,-0.000142,-0.000034,0.000038,0.006702,0.019183,9.788574,17005.76249,356.084758,34803.87468
1.25,-0.00014,-0.000019,-0.000047,-0.014,0.032366,9.801534,17491.31911,-110.263938,34648.62322
1.26,0.000058,0.000064,0.000148,-0.014193,0.031384,9.708774,17052.37118,-140.311176,34658.59206
1.27,-0.000081,0.000016,0.000042,0.061367,0.021768,9.769089,16939.79212,441.644565,34527.0136
1.28,-0.000073,-0.000058,-0.00006,-0.009081,0.060718,9.834624,17219.90281,-77.362226,34521.83201
1.29,-0.000165,0.000041,0.000037,-0.088632,-0.050672,9.816261,17001.47447,269.570126,34765.05595
1.3,-0.000021,0.000059,-0.000098,0.088434,0.037734,9.797432,17177.34424,-104.981779,34570.8211
1.31,-0.000108,-0.000013,0.000088,0.028556,0.000653,9.792279,17204.42231,-165.13212,34634.82712
1.32,-0.000072,0.000061,0.000072,0.018819,-0.106224,9.857504,16742.10878,-113.710847,34452.60114
1.33,-0.000145,-0.00011,0.000124,0.026562,-0.021905,9.764924,17028.13607,344.416692,34275.98886
1.34,0.000001,-0.000194,0.000171,-0.059919,0.013463,9.814754,17119.19161,-96.580712,34345.69488
1.35,0.000013,0.000089,0.00002,0.008734,0.084877,9.698204,16951.12283,-279.402425,34607.50634
1.36,-0.000065,-0.000127,0.000275,-0.035774,-0.038386,9.854416,17154.83862,-235.689596,34591.5797
1.37,-0.000055,0.00011,-0.000003,-0.012474,-0.046762,9.81773,17070.51474,-530.238913,34508.49117
1.38,-0.000025,-0.000175,0.00002,0.020145,0.079943,9.820051,16936.48092,-199.910346,34310.22388
1.39,0.000046,-0.000138,0.000147,-0.021799,-0.024911,9.767142,16648.33682,-224.134172,34096.47491
1.4,-0.00001,-0.00012,0.00001,0.024231,0.04055,9.796216,17188.6688,-210.515591,34691.35037
1.41,-0.00008,-0.000033,0.000007,-0.006687,0.068405,9.812447,16996.49049,23.980826,34415.22294
1.42,-0.000112,-0.000055,-0.000036,0.024734,-0.053783,9.777441,16982.45585,6.347779,34463.34887
1.43,-0.000152,-0.000033,0.000131,-0.105924,-0.067765,9.825711,17169.70087,-251.030641,34384.74999
1.44,-0.000173,-0.000028,-0.000003,0.061849,-0.013209,9.748269,16791.40919,284.655464,34834.70207
1.45,-0.000125,0.000046,0.000008,0.004641,0.056783,9.799354,17073.91235,59.715504,34462.7521
1.46,0.000091,-0.000097,0.000087,0.045614,-0.003091,9.74641,17024.02467,374.111328,34605.63053
1.47,-0.000059,-0.000094,0.000105,-0.044925,-0.012656,9.920611,17068.02152,-84.845576,34622.83066
1.48,-0.000053,0.000024,0.000049,0.029043,-0.011764,9.821871,17190.57148,-116.891707,34502.47887
1.49,-0.000134,-0.000038,0.000058,0.0106,-0.021896,9.802271,17205.94461,17.128401,34451.78432
1.5,0.000044,-0.000108,0.00005,-0.012553,0.036859,9.884832,17122.07223,7.864696,34508.18015
1.51,-0.00019,0.000028,-0.000041,0.065914,-0.015722,9.834951,16982.10359,66.781464,34447.90941
1.52,-0.000197,-0.000034,0.00015,-0.03584,-0.054093,9.811269,16853.96453,-164.41007,34521.69733
1.53,-0.000172,-0.000124,-0.000011,0.030287,-0.003012,9.848574,16925.82897,-249.61332,34730.13505
1.54,-0.000138,0.000004,-0.000017,0.04117,0.037652,9.799896,16788.22998,-168.094189,34735.80887
1.55,-0.000102,0.000022,-0.000012,-0.067352,0.089416,9.783925,16938.1263,-96.535493,34251.96516
1.56,-0.000002,-0.000113,-0.000052,0.036422,0.02423,9.790365,17067.60064,-366.600921,34688.93605
1.57,-0.0002,0.000134,0.000026,0.090689,0.033551,9.806875,16973.6723,96.160826,34440.66492
1.58,-0.000018,-0.000031,0.000068,-0.020555,-0.047832,9.744821,16813.0175,-154.116325,34800.29659
1.59,-0.000035,0.000138,-0.000037,0.028438,-0.021712,9.785103,17110.24086,-50.628897,34772.8276
1.6,-0.000175,-0.000117,-0.000063,0.025163,-0.017105,9.839829,16745.05664,-82.834927,34721.51378
1.61,0.000026,0.000043,-0.00003,-0.031574,-0.025602,9.853003,16892.0452,62.924346,34467.53525
1.62,-0.000161,-0.00006,0.000175,-0.033603,0.030367,9.832588,17337.33416,104.000208,34585.40991
1.63,-0.000285,0.000017,-0.00004,0.000502,-0.081766,9.742722,17020.97694,-127.843506,34278.09601
1.64,0.000051,-0.000123,0.000029,-0.054046,-0.063589,9.850172,16885.1533,-400.647474,34500.47534
1.65,-0.000171,-0.000114,0.000175,-0.042976,-0.061276,9.782432,17136.25635,389.62285,34612.7904
1.66,0.000032,-0.000064,-0.000022,-0.004753,-0.082434,9.837369,17372.46768,-210.267349,34413.62689
1.67,-0.000205,-0.000063,0.000051,0.035769,-0.029406,9.847371,17145.59639,-147.099093,34705.02265
1.68,-0.000047,-0.000037,-0.000044,-0.076781,-0.027256,9.79935,17241.4726,-38.043084,34454.02127
1.69,-0.000045,-0.000032,0.000166,0.003467,0.056694,9.791137,17022.4602,-170.157132,34856.80798
1.7,0.000123,-0.000041,-0.000013,-0.049881,0.010586,9.815067,17079.41684,287.911853,34362.10931
1.71,-0.000045,-0.000082,-0.000011,0.02206,-0.016491,9.815908,17443.94338,-91.581039,34523.29228
1.72,-0.000045,-0.00012,0.000107,-0.028178,0.027723,9.774766,17192.25789,206.226289,34830.84493
1.73,-0.000049,-0.000007,0.000038,-0.030608,0.057438,9.769891,17100.50317,-196.076073,34845.63821
1.74,-0.000103,-0.000111,0.000033,0.000119,0.027906,9.791702,17049.02101,-227.343994,34300.03521
1.75,-0.000087,-0.000008,0.000053,0.044486,-0.028655,9.857619,16997.76171,-435.810461,34489.53943
1.76,-0.000158,-0.000023,-0.000064,-0.076758,-0.06666,9.810632,16972.4659,275.677553,34698.26684
1.77,-0.000093,-0.000054,-0.000127,0.070278,0.079261,9.765047,17039.9496,-458.119572,34322.68916
1.78,-0.000031,-0.000016,0.00004,-0.001556,-0.02429,9.701923,16983.10283,113.318987,34208.90525
1.79,-0.000076,-0.000061,-0.000032,0.035532,-0.018573,9.874706,17005.51835,-294.203042,34808.80714
1.8,-0.000063,-0.000077,0.000062,0.01359,-0.026239,9.773312,16983.94825,-202.494951,34563.58737
1.81,-0.000145,-0.000008,0.000066,-0.009366,0.022244,9.783222,16924.17135,-109.455135,34550.69605
1.82,-0.000052,-0.000067,0.000102,0.137835,0.010128,9.751429,16956.13896,-130.948671,34850.24236
1.83,-0.000185,0.000011,0.000075,0.003869,0.056206,9.828443,17076.86424,-132.707189,34840.54014
1.84,-0.000015,0.000005,-0.000003,-0.01639,-0.032716,9.768482,17167.83103,251.646641,34426.76857
1.85,-0.000062,0.000027,0.000091,-0.058348,-0.025464,9.820233,17045.22271,84.364074,34678.65935
1.86,-0.000021,-0.000161,0.000101,-0.02793,0.079907,9.825875,16999.54971,374.746137,34332.94256
1.87,0.000063,0.000059,0.000074,-0.021914,-0.001717,9.879441,17187.39879,-51.930175,34497.90334
1.88,-0.000175,0.000054,0.000041,-0.083914,0.011551,9.939076,17050.37152,441.402797,34416.21252
1.89,-0.00026,0.000004,-0.000077,0.04917,-0.044597,9.813459,16720.72711,207.687675,34608.49847
1.9,-0.000153,-0.000084,0.000165,-0.011688,0.136795,9.774266,17161.06559,132.350107,34911.47336
1.91,-0.000072,-0.000005,0.000206,-0.01352,-0.016369,9.737236,16932.3782,-67.714823,34696.30292
1.92,0.0001,-0.000038,0.000033,-0.162403,-0.011797,9.832634,17025.60056,36.418103,34302.58846
1.93,-0.000149,-0.000089,0.000091,-0.021412,0.024212,9.844348,16966.73698,147.446037,33917.17543
1.94,-0.000005,-0.000019,0.00014,0.034225,-0.083644,9.881529,17149.53292,-479.637469,35004.62632
1.95,-0.000107,-0.000034,0.000117,0.042164,0.039399,9.807807,17306.24375,301.470917,34861.21203
1.96,0.000012,0.000065,0.000088,-0.00026,-0.026788,9.827987,16906.96578,6.534544,34371.84616
1.97,-0.000066,0.000003,-0.000034,0.045329,-0.028189,9.847584,17182.51618,-57.765465,34643.35419
1.98,-0.000183,0.000022,0.000049,-0.023038,0.029089,9.800173,16980.5197,22.581311,34382.37493
1.99,-0.000013,-0.000177,0.000022,0.042202,0.094787,9.818494,16970.66858,-153.682804,34497.2951
2,-0.000092,-0.000104,-0.000143,-0.024289,-0.02109,9.838029,17165.99283,208.605189,34377.92893
2.01,-0.000069,0.00005,0.000087,-0.024431,0.048124,9.822024,17230.70078,-169.714644,34826.69898
2.02,-0.000092,-0.00003,0.00012,0.04452,-0.02721,9.760299,17071.85185,-169.799622,34518.08023
2.03,-0.00028,-0.00004,0.000101,-0.036685,0.019554,9.768741,17231.15846,-1.123173,34643.26181
2.04,0.00002,0.00012,0.000153,0.034193,-0.101278,9.77464,17071.29189,424.312442,34747.05799
2.05,-0.000012,-0.000002,0.000122,-0.008089,-0.09,9.777354,17132.95413,78.067508,34988.65456
2.06,-0.000087,-0.000032,0.000133,-0.073685,-0.003435,9.795565,17150.8003,42.30501,34363.69309
2.07,0.000131,-0.000043,0.000049,0.036607,-0.041366,9.727264,17269.3297,-116.82824,34517.23643
2.08,-0.000022,0.000089,0.000051,-0.02673,0.006483,9.812157,17516.90447,-164.779397,34748.9277
2.09,0.000089,-0.000113,0.000037,0.00839,0.060204,9.790028,16991.19673,-290.592806,34420.16723
2.1,-0.000057,0.00004,0.000145,-0.010307,-0.041488,9.778377,16958.18806,-31.124549,34477.60571
2.11,-0.000171,-0.000109,0.000083,0.051579,0.017968,9.678798,16992.73531,-50.131073,34756.15495
2.12,-0.000097,-0.000162,0.000144,0.059615,-0.097872,9.787394,17226.67556,-159.377125,34554.33332
2.13,0.000004,0.000014,0.000012,0.048088,0.006657,9.835162,16990.08395,210.921718,34264.99884
2.14,0.00005,-0.00005,0.000149,0.043035,0.014958,9.74577,17182.98305,131.436409,34474.58277
2.15,-0.000119,-0.000103,0.000071,0.018446,-0.034078,9.68862,16984.46073,60.322335,34253.4958
2.16,-0.000101,0.00003,0.000076,-0.014101,0.027321,9.81363,16938.19315,-282.887891,34630.10904
2.17,-0.00012,-0.000022,0.000023,0.000724,0.085948,9.821191,16878.73357,-75.520196,34141.2991
2.18,0.00004,-0.000084,0.000015,0.04537,0.016519,9.888846,16957.77629,187.570767,34621.15504
2.19,0.000066,0.000167,0.000228,-0.017776,0.058519,9.89755,17329.32303,-548.397693,34011.74163
2.2,-0.000034,-0.00001,0.000187,-0.017953,0.052046,9.741138,17410.88988,74.416696,34280.77086
2.21,-0.00005,-0.000114,0.000064,0.016095,0.036795,9.767033,17238.6132,87.530735,34624.87225
2.22,0,-0.000101,-0.00009,-0.087811,0.00302,9.791882,17175.84974,164.646246,34669.73803
2.23,-0.000165,0.000029,-0.000013,0.009801,0.015122,9.849186,17133.69547,96.115448,34602.36344
2.24,-0.000052,-0.00001,0.000108,0.077768,0.022064,9.732821,17098.90651,5.547793,34495.88442
2.25,-0.000069,0.000015,-0.000024,0.033988,0.020049,9.815498,17117.37533,134.139425,34527.33714
2.26,-0.000071,-0.000118,0.000152,0.078976,0.013978,9.790792,17058.37881,326.738288,34900.70754
2.27,-0.000042,-0.000093,0.000023,0.023907,-0.077762,9.855651,17106.99234,-140.867187,34829.3495
2.28,-0.000059,0.000032,-0.000086,0.004109,0.084385,9.84235,16781.60081,296.546357,34796.62892
2.29,-0.00013,-0.000062,0.000275,0.019693,0.010463,9.750464,16986.6084,-27.578879,34347.90936
2.3,0.000044,-0.000038,0.000116,-0.002645,0.016027,9.857303,17114.53753,-215.340825,34277.7195
2.31,0.00014,-0.000049,0.000022,0.022667,0.035657,9.842707,17112.67063,-126.538542,34524.46559
2.32,0.000066,0.000014,0.000112,-0.024485,0.016492,9.79834,17018.98106,-154.011227,34583.34806
2.33,-0.000084,0.000139,0.000203,-0.060096,-0.072796,9.849785,16894.94683,82.095135,34435.71703
2.34,0.00001,0.000031,-0.000123,0.072287,0.071694,9.767301,17304.81369,-101.478256,34670.67817
2.35,0.000016,-0.000046,0.000091,0.075599,0.078505,9.771762,17242.85965,-29.033938,34301.45473
2.36,0.00002,-0.000058,-0.000094,0.025758,0.085913,9.813793,17212.49777,-259.940058,34618.11872
2.37,-0.000007,-0.000093,0.000025,0.060155,-0.028661,9.792636,16779.75538,-92.665667,34514.38148
2.38,-0.000092,-0.000058,-0.000148,0.04514,-0.006204,9.815626,16954.7338,29.392212,34647.47991
2.39,0.000067,-0.000007,0.000151,0.006531,-0.048431,9.882839,17093.73123,25.624959,34798.8966
2.4,0.000133,-0.000027,-0.000104,-0.004756,-0.014207,9.787397,17212.88029,60.42161,34435.42132
2.41,-0.000117,-0.000134,0.00001,0.005111,-0.043919,9.852005,16850.86049,-132.825883,34713.91169
2.42,-0.000032,-0.000203,0.000084,-0.01484,0.040892,9.766181,17090.59086,123.696762,34275.02592
2.43,-0.000171,-0.000003,0.000044,-0.048244,-0.043454,9.82059,16709.65563,10.704206,34049.86583
2.44,-0.000067,-0.000035,0.000007,-0.0632,0.043259,9.792988,17006.10817,-330.021309,34551.34354
2.45,-0.000093,-0.000176,0.000051,0.045963,-0.017022,9.849156,17148.25429,-264.618445,34746.87623
2.46,0.000122,0.000144,0.000169,-0.04881,-0.052391,9.838331,17127.28602,-50.636763,34341.87382
2.47,0.000022,-0.000088,0.00018,-0.025443,0.053829,9.77491,16885.6348,-79.016058,34704.17604
2.48,-0.000044,-0.000035,0.000028,0.026784,-0.038724,9.72327,17042.79095,-343.383345,34201.54912
2.49,-0.000031,-0.000067,0.000046,0.072128,-0.008704,9.856792,17109.39591,-73.262756,34698.24141
2.5,-0.000134,-0.000061,0.000253,0.010272,-0.082967,9.828384,17163.63358,149.647403,34762.96746
2.51,-0.000046,-0.00005,0.0001,0.054755,0.06512,9.889623,17236.07825,49.366709,34158.17897
2.52,0.000022,-0.000126,0.000036,0.020734,-0.003662,9.812272,17203.79083,156.856539,34645.83312
2.53,0.000041,-0.000005,0.000064,-0.055988,0.037622,9.844472,16838.10496,79.083595,34744.27417
2.54,0.000096,-0.000088,0.000061,0.018535,-0.036795,9.840484,17159.18866,-77.599071,34145.62136
2.55,-0.000085,0.000101,-0.000117,-0.025856,0.062768,9.778756,16908.55722,342.90771,34557.80035
2.56,-0.000098,-0.000075,0.000112,-0.024746,-0.014536,9.757802,17266.61908,-43.662425,34323.27526
2.57,0.000013,0.000093,-0.000084,-0.042973,-0.012772,9.687229,17329.71185,92.043049,34779.5629
2.58,0.000026,-0.000054,-0.000004,0.099777,0.019515,9.8229,17095.00418,-229.72619,34829.00531
2.59,0.000008,-0.000109,-0.000128,-0.042456,0.010491,9.808006,17016.63423,60.220041,34609.99624
2.6,-0.000072,-0.000159,-0.000003,0.005772,-0.072112,9.802562,17246.91646,88.643911,34813.61969
2.61,-0.000007,-0.000001,0.000192,-0.092387,-0.008914,9.764437,17055.37348,201.985137,34853.89959
2.62,-0.000057,-0.000162,-0.000012,-0.029203,-0.015242,9.849736,17026.88876,-215.873076,34528.63005
2.63,-0.00012,-0.000135,0.000092,0.061103,0.002238,9.754926,17325.68473,56.760341,34743.69521
2.64,-0.000096,-0.000201,0.000114,0.074184,-0.068699,9.78084,17079.11751,-366.737841,34376.79511
2.65,-0.000049,0.000002,0.000063,-0.009942,-0.035844,9.87397,16806.76351,-373.122833,34492.56887
2.66,0.000016,-0.000025,0.000162,0.020532,0.053869,9.79333,17286.44584,104.805999,34626.59818
2.67,-0.000002,0.000006,0.000089,0.043572,-0.00698,9.8007,17171.42773,-69.519424,34859.67981
2.68,-0.000167,-0.000043,0.000031,0.015317,0.019859,9.836189,17229.42995,115.511841,34129.5763
2.69,-0.000021,-0.000147,0.000196,-0.010113,-0.073842,9.79209,17271.73022,216.941113,34534.31291
2.7,-0.00003,-0.000134,-0.000096,-0.132373,-0.013861,9.767464,16751.72412,175.181566,34459.73255
2.71,-0.000064,-0.000037,-0.000009,0.040889,-0.134006,9.906823,17018.57542,-75.507872,34496.38804
2.72,-0.000031,-0.000085,0.000102,-0.016788,-0.078768,9.828558,16873.34961,63.822393,34791.01634
2.73,-0.000103,-0.000032,0.000139,0.024313,0.021216,9.91551,17065.11048,-229.21992,34473.21937
2.74,0.000185,-0.000117,0.000013,-0.041039,0.014672,9.814938,17036.21196,-54.620593,34605.37555
2.75,-0.000113,0.00004,-0.000047,-0.033648,0.014463,9.869916,17051.4535,-11.154425,34549.78161
2.76,-0.000082,-0.000031,-0.000032,-0.04211,0.022391,9.85737,16840.2545,69.428637,34727.85355
2.77,-0.000123,-0.00007,-0.00013,0.032426,-0.079167,9.821516,17133.06634,19.998293,35085.89182
2.78,-0.000166,-0.000065,0.000067,-0.019097,0.060809,9.801216,17148.21507,400.337758,34397.10261
2.79,-0.000056,-0.000183,0.000013,0.097369,-0.061007,9.83227,16909.64681,-291.437623,34339.66239
2.8,0.00003,0.00002,0.000047,-0.043321,0.087987,9.88537,16890.57553,-25.682048,34584.107
2.81,-0.000117,0.000026,0.000003,-0.045733,0.037435,9.805425,17004.46684,-6.69704,34404.38193
2.82,-0.000141,-0.000099,0.00018,-0.080431,-0.051667,9.812404,16892.18138,-209.624414,34460.34379
2.83,-0.00002,0.000072,0.000012,0.025641,-0.018506,9.822089,17318.04624,-475.845678,34670.13842
2.84,0.000042,-0.000081,0.00004,0.0156,0.014316,9.748792,17204.7746,-92.795841,34652.34912
2.85,0.000178,0.000038,0.00001,0.006903,0.026451,9.733545,17346.46381,-149.36693,34594.09931
2.86,-0.000047,0,0.000159,0.076397,0.07236,9.815565,16976.98154,-63.487694,34531.69268
2.87,-0.000082,-0.000181,0.000029,0.103631,-0.039736,9.76064,17061.46906,-134.319895,34443.7503
2.88,-0.000038,-0.000019,0.000169,-0.030815,-0.03539,9.899031,17298.39093,289.821472,34611.98919
2.89,-0.000012,0.000042,-0.000042,0.002512,-0.002704,9.825611,17243.00125,-71.976914,34455.22763
2.9,0.000036,0.000154,0.000121,0.07898,0.008472,9.788873,17116.89368,213.639107,34590.80097
2.91,-0.000017,-0.000015,0.00021,0.013612,0.06257,9.797536,16818.46072,175.479053,34964.05112
2.92,-0.00012,-0.000038,0.000094,0.070167,0.015353,9.798859,17149.41774,-326.716832,34589.76512
2.93,0.000025,-0.000067,0.00008,0.024598,0.098105,9.795549,17456.1102,-55.025213,34624.71815
2.94,-0.000064,-0.000018,0.000042,0.068434,0.028187,9.815464,17023.98385,82.709101,34135.17256
2.95,-0.000139,-0.000031,0.00013,0.002756,0.040848,9.838142,16928.56064,-78.559222,34638.94891
2.96,-0.000124,-0.00005,0.000112,0.018655,0.03283,9.765063,17099.1304,-168.957412,34482.34277
2.97,-0.000133,-0.000013,-0.000039,-0.032031,-0.049217,9.790635,16840.91771,-179.967527,34436.94352
2.98,0.00006,0.000173,0.00023,-0.010173,-0.01796,9.834073,17133.38133,320.457562,34482.33978
2.99,-0.000059,0.000036,0.000064,-0.046546,-0.01174,9.850495,16970.19617,4.075418,34097.83107
3,-0.000031,0.000106,-0.000061,0.083475,0.002907,9.866989,17204.71451,179.052119,34365.61884
3.01,0.000053,-0.000033,0.000177,0.038755,-0.049944,9.819643,16966.32088,330.905647,34555.33341
3.02,-0.000023,-0.000087,0.000078,-0.109914,-0.018897,9.827785,16980.18425,-140.521461,34863.60063
3.03,0.000025,-0.000026,0.000096,-0.149922,0.026504,9.800767,17053.18417,-158.895106,34616.44054
3.04,-0.000085,-0.000215,0.000132,-0.128532,0.026627,9.767095,17422.64196,-203.486452,34194.18225
3.05,0.000022,-0.000016,0.00006,-0.229213,0.001618,9.772129,17382.25201,-0.289956,34768.17489
3.06,0.000051,-0.000069,-0.000008,-0.184621,-0.05406,9.76136,17239.3101,-249.797619,34241.22959
3.07,-0.000056,0.000075,-0.000067,-0.254538,-0.062989,9.767358,17316.21262,-120.628149,34615.45816
3.08,0.000065,-0.000084,-0.000042,-0.271476,0.001298,9.963102,16865.72082,145.102684,34391.01612
3.09,0.000071,-0.000037,-0.00006,-0.292122,-0.078276,9.835754,16877.73481,204.750438,34678.40244
3.1,-0.000071,0.000053,0.000158,-0.351134,-0.044054,9.79031,17047.88468,203.199763,34292.80048
3.11,-0.000077,0.000007,0.000116,-0.317059,0.00315,9.819056,17275.43556,274.317096,34676.03276
3.12,-0.000096,0.000002,0.000051,-0.353377,0.053989,9.848257,17025.01079,-176.693605,34570.57149
3.13,-0.000086,-0.000072,0.000059,-0.402603,-0.010971,9.740427,16864.65066,32.638527,34488.43897
3.14,-0.000037,-0.000078,0.000016,-0.371643,-0.010661,9.900369,17041.29478,42.775654,34361.45212
3.15,0.000058,-0.00001,0.000131,-0.46532,0.07388,9.76181,17078.67933,14.520984,34243.83146
3.16,0.000065,0.000023,0.000252,-0.542249,-0.042645,9.823577,17368.64029,-51.740659,34511.47055
3.17,-0.000111,0.000042,0.000026,-0.437461,-0.043535,9.854173,17263.46348,142.343579,34169.4052
3.18,0.000123,0.00012,-0.000117,-0.540275,-0.02586,9.79195,17441.62238,308.963009,34452.51714
3.19,-0.000124,0.000029,0.000123,-0.460888,0.008171,9.821631,17182.48611,98.031597,34356.13969
3.2,0.000025,-0.000035,0.000093,-0.642635,0.007363,9.820295,17116.31911,55.36889,34847.80289
3.21,0.000018,-0.000035,0.000143,-0.515414,-0.043395,9.772058,16648.40254,-72.996524,34346.59428
3.22,-0.000237,0.000027,-0.000037,-0.666587,-0.032695,9.839414,17340.92348,-197.137134,34349.17328
3.23,0.000044,-0.000049,-0.000024,-0.686746,0.061549,9.808127,16908.72183,17.937579,34598.73592
3.24,-0.000007,-0.000108,-0.000026,-0.71824,-0.032839,9.739271,17150.85054,-78.620575,34525.42942
3.25,-0.000176,-0.000031,0.000097,-0.77014,0.055278,9.849404,16916.29203,-147.997274,34415.35308
3.26,0.00005,-0.000041,0.000145,-0.77246,-0.023203,9.884752,16861.48982,388.665926,34544.72065
3.27,-0.000038,-0.000037,0.000104,-0.78483,0.009641,9.831022,17077.36052,-79.452798,34494.77346
3.28,0.000053,-0.000058,0.000032,-0.783728,-0.010507,9.789563,17389.05725,340.219082,34456.73394
3.29,-0.000053,-0.000021,-0.000025,-0.792427,-0.077829,9.808358,17056.93674,359.663178,34327.63115
3.3,0.00005,-0.000064,0.000094,-0.813242,-0.06632,9.828042,17090.96844,134.861152,34425.37792
3.31,-0.000111,0.000003,0.000088,-0.891269,-0.129935,9.710965,17264.1313,-281.439297,34686.54938
3.32,-0.000076,0.000148,0.000086,-0.864164,0.025846,9.784816,17370.63629,-226.331631,34649.05922
3.33,0.000116,0.000055,-0.000004,-0.962863,-0.009672,9.850564,17387.67489,-89.978604,34558.07285
3.34,-0.000073,0.000009,0.000059,-0.916382,-0.073814,9.828467,17060.13126,-271.673821,34540.94479
3.35,-0.000035,-0.000054,-0.000104,-0.945966,-0.010391,9.808527,17411.65014,-24.662663,34806.18864
3.36,-0.000059,-0.000222,0.000086,-0.930244,-0.00723,9.758366,16499.33367,-36.136519,34084.88553
3.37,-0.000103,-0.000091,0.000034,-0.984269,0.004586,9.863238,16850.13058,42.115403,34820.42277
3.38,-0.000016,-0.000154,-0.000099,-1.059516,-0.008768,9.762532,16991.0205,283.207139,34531.07206
3.39,-0.000132,-0.000207,-0.000031,-1.006658,-0.028712,9.654705,17029.41429,-294.263944,34308.29118
3.4,0.000099,-0.000121,0.00011,-0.993026,-0.034479,9.751883,16936.26264,-29.781255,34886.44433
3.41,-0.000159,-0.000003,0.000026,-1.132824,-0.054383,9.74186,17415.87112,206.182884,34566.88034
3.42,-0.000045,0.000021,0.000207,-1.085058,0.004984,9.801478,17169.06943,245.17132,34272.63917
3.43,-0.000022,-0.000018,-0.000031,-1.078842,-0.042859,9.834816,17051.46772,154.215488,34347.1299
3.44,0.000011,-0.00005,0.000126,-1.119417,0.019573,9.835365,17390.6237,89.094871,34616.57897
3.45,-0.000043,0.000123,-0.000119,-1.149731,0.058552,9.844419,17130.16237,-87.775021,34636.7987
3.46,-0.000065,0.000048,0.000023,-1.168638,0.083984,9.886815,16997.81402,-109.254816,34528.45486
3.47,-0.000109,-0.000052,-0.000067,-1.240118,-0.111937,9.775139,17333.30798,-205.392467,34699.3013
3.48,-0.000029,0.000184,0.000154,-1.15813,0.043786,9.83794,17278.58372,-34.485005,34469.76601
3.49,-0.000136,-0.000105,0.000018,-1.196855,0.045441,9.840448,17182.52212,-126.527238,34224.54029
3.5,0.000048,-0.0001,-0.000007,-1.232416,0.007228,9.857674,17358.30415,-275.935326,34427.34871
3.51,0.000038,0.000047,0.000021,-1.256443,-0.032345,9.764943,16930.5337,-39.378197,34713.76185
3.52,-0.000137,-0.000164,-0.000007,-1.167649,0.031191,9.847079,16982.18289,-68.375536,34602.78336
3.53,-0.000234,0.000037,-0.000001,-1.270362,-0.002869,9.865206,16953.58039,88.683716,34787.77464
3.54,0.000003,0.000134,0.000156,-1.278471,0.056289,9.805,17168.32721,356.091759,34671.50395
3.55,-0.00014,0.000047,0.000155,-1.2781,0.025618,9.847912,17197.10943,-523.248558,34438.13601
3.56,-0.000105,-0.000112,0.000044,-1.202916,-0.018216,9.888406,17264.09025,-246.370569,34502.68177
3.57,-0.000179,0.0001,-0.000156,-1.336566,-0.043153,9.697186,17235.8875,210.286938,34580.96697
3.58,-0.000136,-0.000052,0.000034,-1.268911,0.070952,9.747801,17074.90211,70.493628,34151.47572
3.59,-0.000025,-0.000005,0.000035,-1.335562,-0.013706,9.730508,17116.96161,-174.639158,34486.37926
3.6,0.00006,-0.000215,0.000054,-1.325647,0.013489,9.781913,16799.24017,-384.918928,34497.23167
3.61,-0.000102,-0.000017,0.000073,-1.387469,0.005443,9.835399,17163.13662,65.389805,34266.1451
3.62,-0.000119,-0.000085,0.000123,-1.414805,-0.005912,9.833704,16915.17293,-212.70497,34614.4074
3.63,-0.000009,-0.000088,0.000232,-1.490079,0.014718,9.890192,17250.41876,89.451705,34644.17782
3.64,0.000162,-0.000156,0.00008,-1.422973,0.062755,9.792094,17391.91016,-26.748599,34519.82032
3.65,0.00018,0.00004,0.000073,-1.337202,-0.008734,9.750768,17260.57651,-275.409312,34307.74035
3.66,-0.000058,-0.000076,0.000035,-1.456006,0.115489,9.741227,17084.39355,354.792453,34363.12858
3.67,-0.000088,0.000036,0.000019,-1.390829,0.068734,9.821395,17090.7192,-149.403853,34680.55873
3.68,-0.000078,-0.000134,0.000049,-1.373599,-0.099119,9.776419,17155.47504,9.131968,34427.63993
3.69,-0.000117,-0.000044,0.000145,-1.451049,-0.088391,9.824355,17002.44481,-337.550824,34333.29372
3.7,-0.000008,0.000015,0.000085,-1.348825,-0.038399,9.774898,17175.95365,-516.543546,34832.129
3.71,-0.000034,-0.00004,0.000027,-1.371105,0.042231,9.75508,16885.57539,78.747069,34844.61561
3.72,0.000027,-0.000123,0.000171,-1.337074,0.045051,9.806897,16539.10694,-296.108116,34376.5731
3.73,-0.000036,-0.000094,0.000011,-1.450078,0.026979,9.840437,17073.67802,207.678985,34910.52467
3.74,-0.000099,-0.000015,-0.000009,-1.310711,-0.03009,9.884186,16992.49053,262.05969,34504.90052
3.75,0.00006,-0.000097,-0.000145,-1.414236,0.025083,9.801211,17008.0277,179.899477,34375.87929
3.76,-0.000103,-0.000204,0.00005,-1.392561,0.071144,9.773288,16822.05825,220.226952,34603.65132
3.77,0.000053,0.000028,-0.000063,-1.355153,-0.013822,9.804965,17083.76821,42.689681,34152.92221
3.78,-0.000106,0.000127,0.000081,-1.429257,0.009102,9.709064,17191.21303,357.293623,34546.84032
3.79,-0.000039,0.000063,0.000268,-1.404725,0.048906,9.847991,17195.15806,41.067187,34789.06524
3.8,0.000074,-0.000017,0.000085,-1.468798,-0.055588,9.786552,17204.21254,-429.218323,34708.08554
3.81,0.000014,-0.000082,-0.000039,-1.294031,-0.021556,9.806387,17273.5706,-382.874937,34505.16694
3.82,-0.000035,-0.000111,0.000048,-1.393905,0.014343,9.762192,17257.36794,276.037021,34431.15071
3.83,-0.000031,0.000176,-0.000021,-1.364556,0.022821,9.858095,17579.95255,99.328551,34576.2777
3.84,-0.00005,-0.000043,0.000092,-1.415312,0.043815,9.901393,17178.4725,112.971641,34724.51054
3.85,0.000052,-0.000071,-0.000018,-1.327414,0.033219,9.68693,16894.81619,128.990891,34653.75758
3.86,-0.000183,-0.00011,0.0001,-1.293985,0.093824,9.867073,17667.56124,91.943363,34521.93271
3.87,-0.000035,-0.000117,0.000021,-1.327851,0.040511,9.954918,16963.32148,43.360873,34513.5343
3.88,-0.000037,0.000015,0.000002,-1.380189,-0.020177,9.861381,16815.3076,-239.174333,34507.70908
3.89,-0.000061,-0.000187,-0.000047,-1.324341,-0.106775,9.818164,17011.93424,299.407661,34739.97491
3.9,0.000102,-0.00022,0.000024,-1.31108,-0.046318,9.825887,17100.21345,196.257959,34502.82724
3.91,-0.00002,-0.000061,-0.000017,-1.306732,-0.089152,9.832608,16875.98719,-331.042993,34569.79144
3.92,-0.000045,-0.000029,0.000046,-1.202733,0.086034,9.751213,17182.49492,200.417902,34053.31232
3.93,-0.000203,-0.000042,-0.000021,-1.363799,0.002688,9.821048,16909.48846,1.15027,34509.95936
3.94,-0.000087,-0.000009,0.00011,-1.353619,-0.036925,9.874417,16674.44297,-13.941566,34472.90793
3.95,0.000039,-0.000072,0.000134,-1.263774,0.051091,9.805567,17262.19302,-220.469243,34857.34188
3.96,0.000063,0.000071,0.000175,-1.212833,-0.026535,9.781479,16871.79556,329.08255,34545.01648
3.97,-0.000052,-0.000044,0.000126,-1.297982,-0.095343,9.787452,17261.47686,-53.623143,34321.46678
3.98,-0.000159,-0.00001,0.000007,-1.304896,-0.023599,9.814127,17331.81722,-75.558696,34759.15894
3.99,-0.000072,-0.000181,-0.000024,-1.215387,0.019061,9.787446,16909.22795,-176.172106,34527.02977
4,-0.000041,0.000049,0.00014,-1.212509,0.056873,9.799301,17337.78313,-95.137585,34999.31382
4.01,-0.000046,-0.000045,-0.000019,-1.193437,-0.122013,9.752135,17095.45908,311.565304,34277.40872
4.02,-0.000004,-0.00005,0.000106,-1.125105,-0.043525,9.753382,17025.43257,186.090283,34802.52371
4.03,0.000113,-0.000032,-0.000077,-1.115548,-0.061548,9.855966,17020.01472,448.942951,34369.86696
4.04,-0.000115,-0.000156,-0.000051,-1.152179,-0.031875,9.704838,17148.63664,303.253964,34751.49535
4.05,0.000074,-0.000009,-0.000079,-1.064448,-0.091117,9.745395,17161.34787,231.802855,34435.6024
4.06,0.000018,0.000081,0.000022,-1.073874,-0.062613,9.83177,17272.87027,-256.749024,34377.86245
4.07,-0.000098,-0.000058,0.000078,-1.097005,-0.014454,9.75383,17299.6013,188.713807,34526.11076
4.08,0.000016,0.000074,0.000159,-1.109689,0.012698,9.757589,16888.80277,-28.085903,34439.80505
4.09,0.000064,0.00009,0.000111,-1.026555,0.010898,9.833363,17395.13341,477.220122,34397.71948
4.1,-0.000173,-0.00004,0.000081,-1.027135,0.026982,9.825332,17169.8972,95.30049,34676.85892
4.11,-0.000073,0.000051,0.000022,-0.977765,0.017739,9.822433,17167.12459,185.404823,34136.32356
4.12,-0.00012,0.000097,0.000112,-1.04426,-0.08691,9.808903,16995.26143,-111.083808,34488.18608
4.13,-0.00002,0.000052,0.000146,-0.930265,-0.047321,9.727308,16844.52692,-95.816566,34477.66903
4.14,-0.00001,-0.000243,-0.000005,-0.984104,0.01682,9.848851,17185.57555,72.659421,34349.24126
4.15,-0.000079,-0.000115,0.000071,-0.951397,-0.05967,9.803268,16853.24693,-308.173281,34445.70622
4.16,0.000065,-0.000071,-0.000045,-0.879629,-0.003755,9.856632,16970.74444,-104.145219,34699.52807
4.17,0.000138,-0.000068,-0.000054,-0.916177,0.04222,9.887755,17119.35943,170.240093,34614.36868
4.18,-0.000019,0.000008,-0.000008,-0.917912,-0.04432,9.838638,17169.08274,195.811314,34755.19508
4.19,0.00003,-0.000071,-0.000027,-0.690054,0.024124,9.80502,17579.69869,1.800917,34461.39328
4.2,-0.000024,0.000039,-0.000002,-0.756671,-0.006703,9.725901,16747.25892,204.789788,34894.68514
4.21,-0.000011,-0.000037,0.0003,-0.845402,0.06604,9.722656,17100.61093,-54.970999,34380.68615
4.22,-0.000101,0.000092,0.000049,-0.844569,0.039711,9.813747,17089.65467,-476.150078,34706.18244
4.23,-0.000051,0.000034,0.000132,-0.689049,-0.053788,9.769792,16933.05738,104.035867,34899.09331
4.24,0.000071,0,0.000001,-0.741658,-0.062606,9.794734,16753.28336,-67.306276,34370.60138
4.25,-0.000086,0.000016,0.000104,-0.707725,0.042022,9.802019,16891.20054,185.825294,34734.08678
4.26,0.000083,0.000008,0.000146,-0.693652,0.023556,9.861479,17200.52096,100.473861,34481.81657
4.27,0.000093,-0.000014,-0.000076,-0.596186,0.012732,9.787433,17130.64236,165.356502,34724.31653
4.28,-0.000142,-0.000154,0.000193,-0.645436,-0.066165,9.809742,17016.59064,95.051893,34434.70403
4.29,-0.000113,0.000079,0.000105,-0.596784,0.080961,9.817202,16807.5732,376.539559,34568.93276
4.3,0.00011,0.000059,0.000045,-0.531801,0.064087,9.713276,17086.46066,-134.902556,34580.96883
4.31,-0.000057,-0.000021,0.000069,-0.574301,-0.012814,9.812337,16989.74652,147.904702,34843.24485
4.32,-0.000086,-0.000032,0.000194,-0.571572,0.041692,9.851442,16988.22154,-152.918899,34547.57371
4.33,-0.000188,-0.000006,-0.000026,-0.462731,0.032854,9.751668,17116.19289,-73.26891,34283.78141
4.34,-0.000023,0.000045,0.000049,-0.403649,-0.031515,9.712378,17150.54894,27.248862,34545.64955
4.35,0.000028,-0.000167,0.00015,-0.426356,0.02001,9.772306,16970.61887,10.075842,34517.60828
4.36,-0.000092,0.000026,0.00007,-0.487179,-0.05838,9.798793,16922.0518,24.811872,34517.42563
4.37,-0.000265,-0.000095,0.000073,-0.503018,0.0501,9.85621,17157.02505,-37.085314,34645.17658
4.38,0.000096,-0.000004,0.000076,-0.357276,0.051673,9.798145,16787.54556,0.091816,34245.73956
4.39,-0.000163,0.000096,0.000211,-0.376512,0.030434,9.834282,17395.24081,-8.888103,34652.20511
4.4,-0.000037,-0.000048,-0.000088,-0.33761,-0.071394,9.757327,17030.37203,52.414885,34599.38015
4.41,0.000038,0.000207,0.000116,-0.204486,-0.016261,9.94643,17024.86417,-293.11679,34392.50502
4.42,0.000071,0.000019,-0.000032,-0.266736,0.029048,9.822358,17137.99665,126.522864,34476.14174
4.43,0.000077,-0.000136,0.000035,-0.216229,0.040559,9.76358,16942.86358,-15.03801,34433.35994
4.44,-0.000015,0.000048,0.00009,-0.178879,-0.059643,9.697435,17172.49659,-391.57725,34316.49738
4.45,-0.000006,-0.000095,-0.000059,-0.143615,-0.058225,9.741368,17254.7434,31.56009,35002.04341
4.46,-0.000034,-0.000091,-0.000061,-0.088933,-0.009238,9.82557,16884.09205,245.99825,34602.58449
4.47,-0.00015,-0.000071,-0.000108,-0.002493,0.007883,9.828941,17414.21581,300.458917,34370.82266
4.48,-0.000157,-0.000171,0.00007,-0.118991,0.040699,9.848897,16949.39034,-91.949255,35031.82184
4.49,-0.000004,0.000146,-0.000077,-0.082666,0.031687,9.822327,17211.15938,-219.3866,34222.0934
4.5,-0.000099,0.000051,0.000035,-0.011709,0.003237,9.927297,17179.1818,62.721142,34471.46337
4.51,-0.000068,0.00012,0.000024,-0.004014,-0.017645,9.811516,17141.37997,-320.676333,34586.32242
4.52,-0.00014,-0.000144,0.000083,0.048482,-0.092069,9.838799,17161.10155,83.959914,34430.40342
4.53,-0.000013,-0.000148,-0.000032,0.132709,0.085467,9.778317,17126.26313,-74.429822,34110.62633
4.54,0.000007,0.000022,-0.000003,0.052926,0.031782,9.755183,16627.06795,166.526847,34350.48973
4.55,0.000015,0.000021,-0.000102,0.144867,-0.021122,9.81597,17222.31242,-162.057364,34655.04721
4.56,-0.000067,0.000008,0.000004,0.151751,0.033997,9.76055,17355.54396,452.831971,34511.94714
4.57,-0.000226,-0.000053,0.000119,0.322091,0.038065,9.775259,17417.80636,91.962631,33937.77575
4.58,0.000098,-0.00022,0.000282,0.183741,-0.010247,9.783085,16608.39148,117.180263,34801.29223
4.59,-0.000138,0.000055,0.000161,0.219468,0.068883,9.85513,17038.33173,-9.02074,34417.25397
4.6,0.000046,-0.000016,-0.000048,0.235319,0.027132,9.807324,16936.75288,231.215072,34516.23476
4.61,0.000015,-0.000091,-0.000167,0.356531,-0.033828,9.913127,16965.87264,115.476339,34431.75036
4.62,0.000207,0.000033,0.000212,0.350348,0.098981,9.783051,17145.56448,-81.63298,34625.96497
4.63,-0.000119,0.000099,0.000192,0.442188,-0.00609,9.890044,17041.51551,-332.697281,34749.53403
4.64,0.000096,-0.000031,-0.000051,0.393819,-0.053959,9.753046,17243.5212,15.33376,34459.06799
4.65,-0.000055,-0.000221,-0.000095,0.39908,0.029604,9.82557,17329.28906,-174.562669,34626.31892
4.66,-0.000031,-0.000115,0.000039,0.464533,0.052503,9.888759,17188.85752,125.596381,34516.64895
4.67,-0.000049,0.00014,0.000167,0.435926,0.049717,9.922588,17011.00408,371.629775,34394.44617
4.68,-0.000043,0.000077,-0.000014,0.482603,-0.028789,9.827185,16735.49414,-291.573187,34557.0837
4.69,-0.000069,0.000051,-0.000055,0.552101,-0.027315,9.803464,16924.25252,149.406103,34765.41964
4.7,-0.000064,-0.000144,0.000064,0.647959,0.04536,9.766662,16726.95155,-349.202072,34492.09484
4.71,0.000103,-0.000094,0.000073,0.50873,-0.055675,9.81606,17114.50196,-250.537166,34448.60313
4.72,-0.000118,-0.000129,-0.000054,0.581211,-0.04242,9.843128,16714.46343,119.635718,34812.945
4.73,0.000088,0.000177,0.000096,0.632359,-0.019427,9.817837,17119.37602,74.130717,34667.56355
4.74,-0.000102,0.000033,0.000024,0.744857,0.015045,9.841631,17322.30918,207.716684,34690.17793
4.75,0.00003,-0.000003,0.000078,0.701936,0.077178,9.745821,17260.10106,-249.171674,34661.96829
4.76,0.000014,-0.000079,0.000018,0.666957,-0.025678,9.908481,16952.26177,105.312367,34576.50631
4.77,-0.00019,-0.000067,-0.000071,0.825093,-0.055167,9.784291,17110.45676,127.457091,34611.63196
4.78,-0.000052,-0.000112,0.000062,0.799954,0.003272,9.851582,17038.6236,383.200499,34593.06478
4.79,0,-0.000153,-0.000017,0.772127,-0.082944,9.838153,17194.6766,-31.88075,34458.53488
4.8,-0.000122,0.000036,0.000203,0.883076,-0.076899,9.713481,16951.42296,32.562504,34571.09203
4.81,0.000035,-0.000059,0.000181,0.821432,-0.093454,9.828797,17221.73155,-66.394228,34806.9966
4.82,-0.000172,0.000102,-0.000004,0.809297,0.036973,9.790203,17281.12213,-445.532365,34280.02372
4.83,-0.000282,0.000203,0.000191,0.896584,0.033015,9.797211,17002.20374,29.188991,34656.61247
4.84,-0.000129,-0.000014,0.000035,0.861611,0.045699,9.733898,17161.25065,-51.759581,34875.78676
4.85,-0.000031,-0.000158,-0.000006,1.004607,-0.030457,9.781041,16838.91549,-83.90082,34422.24444
4.86,0.000001,-0.000009,0.000158,0.975548,0.020859,9.832733,17110.49277,70.859541,34558.56596
4.87,-0.000032,0.000176,-0.000009,0.90355,-0.044031,9.824543,17172.88843,-0.075975,34795.9553
4.88,-0.000017,-0.000196,-0.000056,1.016186,-0.004609,9.872137,16976.8656,-97.105107,34657.49412
4.89,0.000076,-0.000111,0.0001,1.009033,0.047062,9.861707,17151.50585,83.275721,34555.43847
4.9,-0.000045,-0.00012,0.000023,1.055053,-0.009574,9.84447,16826.72484,60.106826,34412.77549
4.91,-0.000084,-0.000071,0.000119,1.079442,0.031075,9.764312,17222.30262,68.48612,34568.44695
4.92,0.000017,-0.000079,-0.000026,1.099295,0.079761,9.793472,16998.92118,185.469027,34544.9894
4.93,-0.000015,-0.000037,0.000143,1.101355,-0.011702,9.851646,16809.31254,190.228124,34915.50828
4.94,0.000192,0.000045,0.000051,1.009515,0.079968,9.833246,17265.52912,69.760447,34403.94035
4.95,-0.000054,-0.000103,-0.000026,1.1186,0.013976,9.86397,17027.1047,147.381582,34720.65383
4.96,-0.000127,-0.000063,0.000016,1.165395,0.033836,9.867773,17109.62359,201.037266,34912.68126
4.97,0.000025,-0.000064,0.000036,1.171881,0.037435,9.881419,17104.18698,136.162608,34665.07452
4.98,-0.000146,0.000115,0.000098,1.207451,-0.030366,9.846468,17216.88202,258.036734,34447.93737
4.99,0.000117,0.000041,0.000184,1.296428,-0.01525,9.830653,16889.06573,-77.590147,34449.14728
5,-0.000061,0.000034,0.00029,1.231195,0.044691,9.787698,16960.69584,148.44814,34728.41982
5.01,-0.000146,0.000074,0.000202,1.22327,0.097972,9.842617,16917.65008,-419.598585,34181.40631
5.02,-0.000003,0.000038,0.000165,1.20737,0.040004,9.811333,17065.63382,-21.44447,34334.33801
5.03,-0.000098,0.000008,-0.000024,1.32789,-0.079299,9.813205,17093.09432,176.552163,34554.10648
5.04,-0.0001,-0.000084,0.000041,1.312969,-0.062187,9.771206,17187.98595,-383.289149,34648.15202
5.05,-0.000026,0.000012,-0.000073,1.300022,0.002705,9.79326,16969.81007,18.611896,34253.81968
5.06,0.000137,0.000075,0.000119,1.303264,-0.068091,9.766654,16935.17023,-169.572462,34352.70318
5.07,-0.000071,-0.000037,0.000103,1.384984,-0.031146,9.829977,17103.49586,-47.564678,34526.89677
5.08,-0.000003,-0.000179,0.00012,1.306961,0.043527,9.824643,17297.81005,90.263085,34622.05738
5.09,0.000221,-0.000194,0.000143,1.339541,0.058656,9.82436,17204.61946,35.80406,34760.298
5.1,-0.000006,-0.000039,0.000176,1.24454,-0.031816,9.879011,17181.2502,-68.819467,34504.88641
5.11,-0.000145,-0.000014,0.000185,1.39018,-0.010542,9.72961,17206.67531,-142.576773,34555.94154
5.12,-0.000057,-0.000066,0.000064,1.310412,0.104005,9.867689,17079.55382,-42.106821,34529.99004
5.13,-0.000079,0.00011,-0.000028,1.413815,-0.078884,9.741206,17168.51471,199.716967,34897.31824
5.14,0.000039,-0.000141,0.000114,1.331077,-0.066187,9.813861,17170.86699,135.282017,34733.33021
5.15,-0.000049,-0.00026,0.000053,1.312581,0.02432,9.79727,16786.72067,-234.294772,34699.98388
5.16,-0.000135,-0.000069,0.000192,1.344669,0.033117,9.83043,17162.05944,-91.024288,34694.17582
5.17,-0.00014,-0.000124,0.000183,1.383997,-0.017215,9.805777,16955.15525,-216.200966,34621.26993
5.18,-0.000029,0.00011,0.000083,1.286838,-0.096064,9.774761,17156.17928,133.20081,35078.671
5.19,-0.000119,-0.000035,0.000164,1.392857,0.087859,9.827797,17000.18879,163.141051,34447.72059
5.2,0.000045,-0.000029,0.000058,1.340538,-0.023264,9.745723,17064.04035,1.323127,34851.23066
5.21,-0.00005,-0.000081,0.000227,1.389925,-0.003751,9.806262,17042.22346,-315.42448,34017.99159
5.22,-0.000039,-0.00013,0.000011,1.407561,0.052039,9.841865,17328.71457,25.380026,34767.57208
5.23,0.000026,0.000029,0.000041,1.338704,0.042312,9.7581,17024.91686,-218.288048,34400.55416
5.24,-0.000099,-0.000027,-0.000097,1.4155,0.005398,9.891034,17299.06113,-156.649486,34657.17248
5.25,-0.000156,0.000043,0.000011,1.39199,-0.004015,9.794619,17296.53963,-326.9079,34822.01322
5.26,-0.000006,0.000081,0.000112,1.439135,0.016075,9.795082,17140.42896,52.390987,34564.35827
5.27,-0.000038,0.000162,0.000114,1.436949,0.104619,9.888457,17269.15656,-75.774977,34729.44877
5.28,-0.000071,0.000037,0.00009,1.468341,-0.025457,9.803818,17124.38425,102.430628,34462.99863
5.29,-0.000116,-0.000022,0.000039,1.400318,-0.082943,9.89321,17328.16313,135.267709,34436.91786
5.3,-0.000216,-0.000044,0.000028,1.318802,0.020775,9.747652,17099.73785,-45.00172,34638.25559
5.31,-0.000079,-0.000176,0.000022,1.392498,0.041785,9.834227,17241.28961,-332.301694,34649.08887
5.32,-0.000043,-0.00002,-0.000048,1.340073,-0.030877,9.854268,17286.79105,94.950892,34542.21236
5.33,0.000017,-0.000138,0.000034,1.374688,0.006894,9.854715,17233.67075,-169.134124,34453.97007
5.34,0.000078,-0.000091,0.000008,1.248996,0.013757,9.870729,16960.37417,-202.120375,34616.61775
5.35,0.000057,-0.000063,0.000027,1.454717,0.03495,9.772585,17139.10162,79.857372,34720.67969
5.36,-0.00002,0.000065,-0.000144,1.408183,0.09341,9.777314,17008.6777,10.947257,34330.37814
5.37,-0.000114,-0.000119,-0.000044,1.318214,-0.006082,9.788496,16897.2027,-266.119516,34734.66006
5.38,-0.000116,-0.000104,0.000081,1.245833,-0.114982,9.744343,17146.57519,-193.006986,34472.40633
5.39,-0.000119,-0.000018,0.00009,1.306912,0.022618,9.782754,16872.54763,-378.658272,34736.9268
5.4,-0.000105,-0.000017,0.0002,1.337891,0.068455,9.955812,17149.48897,294.077165,34535.03882
5.41,-0.000011,-0.000086,0.000048,1.362884,-0.046758,9.857534,17063.26686,-113.72048,34415.90526
5.42,-0.000121,-0.000005,0.000131,1.30977,0.018053,9.855989,16988.69797,-151.746762,34484.11986
5.43,-0.000113,-0.000047,0.000153,1.337474,-0.063304,9.752574,17129.11173,-104.343005,34889.90023
5.44,-0.000084,-0.000012,-0.000038,1.301448,0.035763,9.912054,17019.65986,215.987386,34883.13284
5.45,-0.000112,-0.000074,0.000244,1.306203,-0.016827,9.784631,16997.8683,243.997447,34659.25813
5.46,-0.000075,-0.000075,0.000004,1.229512,-0.062676,9.744367,16891.2245,-66.126603,34009.56025
5.47,-0.000054,0.000029,0.00007,1.224469,0.005724,9.770639,16949.17957,64.058484,34426.64949
5.48,0.00014,-0.00001,0.00018,1.238992,-0.012859,9.79711,17070.8936,-59.44863,34475.53873
5.49,-0.000015,0.000024,-0.000072,1.203089,0.015061,9.809144,17056.04286,-77.984441,34487.3902
5.5,-0.000051,-0.000035,0.000032,1.08009,0.013869,9.813457,17201.67283,409.056721,34434.58538
5.51,-0.000227,0.000048,0.00002,1.165218,0.009156,9.774174,17084.49587,-63.273307,34447.68529
5.52,-0.000078,-0.000051,0.000034,1.185703,-0.042112,9.841651,17153.6218,26.343866,34814.97022
5.53,-0.000004,-0.00014,-0.000028,1.180843,-0.070335,9.773896,17296.73696,-101.322642,34274.22842
5.54,-0.000014,-0.000016,0.000021,1.181745,0.020671,9.815002,17140.5665,165.842529,34675.70365
5.55,-0.00009,-0.000102,0.000049,1.074768,-0.032627,9.81614,17105.38922,-8.138001,34545.2728
5.56,0.000064,-0.000121,0.000187,1.127375,-0.000066,9.767388,17038.75939,33.682738,34649.57172
5.57,0.000034,-0.000068,0.000122,1.083695,-0.023594,9.751124,17019.46137,-242.076421,34620.51336
5.58,-0.000167,-0.00018,-0.000059,1.022623,-0.039047,9.734445,16955.34299,42.64155,34474.40948
5.59,-0.000075,-0.000057,0.000009,1.080534,0.038199,9.851353,16760.54158,-41.571146,34543.37294
5.6,-0.000031,-0.000215,0.000097,1.000019,-0.036337,9.820058,17227.08494,107.735714,34613.27525
5.61,-0.000163,-0.000086,0.000018,0.995385,-0.014862,9.79253,17141.84328,228.04548,34371.34148
5.62,-0.00014,-0.000148,-0.000034,0.919245,0.062403,9.737564,17397.53741,305.10076,34601.36327
5.63,-0.00004,0.000023,0.000103,0.900243,0.039659,9.754118,16948.53812,276.194127,34504.32145
5.64,-0.000126,-0.000098,-0.000027,1.008419,0.016944,9.825042,17129.02686,7.328609,34611.36228
5.65,0,-0.000206,0.000162,0.915888,-0.068892,9.749654,17016.68009,103.553951,34602.59292
5.66,-0.000082,-0.000097,0.000083,0.917505,-0.005129,9.748606,17032.58444,146.165493,34654.3511
5.67,0.000051,0.000001,0.000145,0.834433,-0.042211,9.804481,17012.98126,-49.265346,34684.20128
5.68,-0.000028,0.000079,0.000162,0.88877,0.044111,9.789378,16822.25191,57.554226,34592.97285
5.69,-0.000048,0.000097,0.000068,0.914125,0.035085,9.879477,16844.58808,-75.273262,34836.94101
5.7,-0.000032,-0.000109,0.000028,0.778093,0.028289,9.860466,17224.40636,-163.892431,34516.96667
5.71,0.000028,-0.000143,0.00011,0.710678,0.044988,9.8276,17023.21395,-112.749384,34425.04337
5.72,-0.000009,-0.000004,-0.000139,0.817465,0.008442,9.863242,17071.70874,-63.48163,34857.17744
5.73,-0.000048,0.000028,-0.000013,0.727689,-0.025247,9.842443,17434.25862,51.059917,34526.60005
5.74,-0.000032,-0.000236,0.000112,0.758515,-0.065277,9.865892,16827.26377,-112.645848,34440.69778
5.75,-0.000097,0.000047,-0.000107,0.755305,0.050019,9.772145,17130.55505,342.106537,34485.16086
5.76,0.000021,-0.000049,0.000124,0.733982,0.025192,9.852507,17370.11939,52.130078,34628.00828
5.77,-0.00012,-0.000083,0.000249,0.644441,-0.020778,9.77331,17086.32873,-461.654298,34416.11757
5.78,-0.000112,-0.00009,0.000029,0.591202,0.043623,9.770073,17044.23807,108.309439,34391.07985
5.79,-0.000129,0.000075,0.000204,0.564716,0.016027,9.794751,17020.69159,-204.574004,34509.13639
5.8,-0.000101,-0.000179,0.000156,0.468559,-0.03175,9.789966,16947.36785,153.495222,34398.45921
5.81,0.000057,0.000043,0.000155,0.619179,0.032353,9.759092,16905.51007,-14.000584,34772.11828
5.82,-0.000115,-0.000043,-0.000067,0.460689,-0.022023,9.818453,17090.9035,-7.868461,34676.57685
5.83,-0.000163,0.000057,-0.000005,0.448975,0.02114,9.739399,17096.47198,151.164148,34703.77017
5.84,0.000159,-0.000022,-0.000002,0.475173,0.057715,9.678711,17096.36784,-304.755921,34617.24255
5.85,0.00003,0.000129,0.000096,0.4301,0.01231,9.829225,17210.06227,219.102511,34424.7638
5.86,-0.000146,0.000004,0.000174,0.408447,-0.003168,9.82116,16927.34043,53.148885,34553.57835
5.87,-0.000082,-0.000096,0.000142,0.380816,0.004407,9.883719,17112.1217,-97.307588,34547.14742
5.88,-0.000027,-0.000125,0.00002,0.396884,0.044744,9.776838,17076.41281,-436.018182,34754.23823
5.89,-0.000105,-0.000003,0.000063,0.295344,0.051178,9.756704,16996.30382,-330.245795,34243.57154
5.9,0.000061,0.000033,-0.000083,0.339639,-0.065144,9.910292,17069.21769,-311.648475,34475.55178
5.91,-0.000004,0.00005,0.000093,0.32167,-0.026506,9.785118,16870.53177,-81.072166,34451.77327
5.92,0.00005,-0.000077,-0.000029,0.134114,-0.002384,9.865,17414.79048,65.213182,34797.17148
5.93,0.000042,-0.000122,-0.000135,0.233478,-0.012562,9.906472,16831.59817,-53.296583,34345.25752
5.94,0.00005,-0.000092,0.000027,0.20177,0.019959,9.793081,17182.11758,280.440278,34564.29033
5.95,-0.000161,-0.000144,-0.000047,0.174139,0.126681,9.829215,16757.75079,-37.849883,34741.61561
5.96,-0.000071,0.000004,-0.000147,0.036259,0.01057,9.899947,17359.34962,-76.955115,34536.25719
5.97,0.000026,-0.000132,-0.000039,0.145265,-0.024907,9.824327,16872.61453,-327.562672,34463.16501
5.98,0.00002,-0.000035,-0.00008,-0.012809,0.03094,9.765009,17314.88513,-150.814182,34636.6591
5.99,0.000122,-0.000104,0.000075,0.003561,-0.027435,9.772833,17121.30953,-94.84893,34411.36999
6,-0.000022,0.000094,0.000014,0.08198,0.071437,9.793542,16762.88806,-67.971457,34636.46653
6.01,0.000049,-0.000093,0.004458,0.004656,0.08147,9.793549,17211.59194,20.273716,34563.19202
6.02,-0.000106,-0.00006,0.013138,-0.021546,-0.040994,9.882842,16779.17365,-252.463359,34417.48593
6.03,-0.000012,-0.000019,0.021779,0.007934,0.000438,9.786999,16990.43122,-284.238697,34417.67532
6.04,-0.000008,-0.0001,0.030256,-0.044059,0.046078,9.769965,17017.60324,2.487226,34544.86677
6.05,-0.000143,0.00007,0.038902,-0.025273,-0.081369,9.754125,16821.24842,-198.438037,34720.43893
6.06,-0.000089,-0.000083,0.047413,-0.025051,-0.023842,9.733993,16890.08261,11.193409,34816.43732
6.07,-0.000038,-0.000114,0.056043,-0.029942,-0.006927,9.680343,17361.09372,-308.712574,34530.75496
6.08,-0.000218,-0.000066,0.064548,0.027821,-0.01371,9.742031,16985.70089,-203.689904,34703.50609
6.09,-0.000063,-0.000002,0.073059,-0.013672,0.020911,9.806665,17101.27482,174.38073,34303.47046
6.1,0.000012,-0.000044,0.081684,0.001514,0.000028,9.838323,16621.11585,-121.081936,34536.77892
6.11,-0.000159,-0.000132,0.090338,-0.066322,-0.029057,9.825355,17315.63973,-170.224654,34634.74114
6.12,-0.000124,-0.000023,0.098954,0.000687,-0.052017,9.793094,17303.15764,-604.450964,34512.44874
6.13,0.000051,0.000107,0.107381,-0.034438,0.000313,9.726526,16965.56631,-346.864736,34432.12564
6.14,-0.000134,0.00006,0.115967,-0.079202,-0.070536,9.800142,17027.5731,241.102367,34353.49688
6.15,0.000059,-0.000028,0.124564,0.118725,0.046674,9.865768,16990.96172,19.281528,35014.31951
6.16,0.000034,0.000034,0.133011,-0.00034,0.076142,9.823763,16815.34573,-86.55619,34408.3827
6.17,-0.000005,-0.000008,0.141479,0.002379,0.051607,9.747761,17366.87062,-80.042667,34610.92095
6.18,0.000047,-0.000073,0.150087,-0.106857,-0.058535,9.874542,17287.78594,-208.297021,34533.71198
6.19,-0.000049,0.000057,0.158388,0.042508,0.00815,9.794979,17158.50374,-572.566283,34537.39007
6.2,-0.000061,0.000149,0.166812,-0.009268,0.017838,9.764684,17274.77352,-815.835174,34206.19668
6.21,-0.000151,-0.000091,0.175236,0.036368,-0.048069,9.871528,17191.67704,-216.541697,34551.60272
6.22,0.000149,-0.000011,0.18375,-0.017335,-0.04575,9.792474,17188.28693,-400.069956,34798.82136
6.23,-0.000127,0.000002,0.192112,-0.045985,-0.007546,9.718872,16861.04935,-95.673459,34522.4568
6.24,0.000118,-0.000089,0.200471,-0.024951,0.002536,9.824924,16921.00225,-292.855856,34467.65806
6.25,-0.000013,-0.000118,0.208758,-0.020013,0.05754,9.724256,17410.29546,-545.966349,34307.53567
6.26,-0.000062,-0.000232,0.217132,-0.011772,-0.024735,9.805818,16679.6917,-460.816713,34971.48464
6.27,0.000008,-0.000067,0.225258,-0.013974,0.065863,9.805999,17216.68289,-544.197517,34090.55491
6.28,0.00009,-0.000005,0.233734,-0.046227,0.119595,9.808053,16803.24504,-494.28133,34442.7016
6.29,0.000084,-0.000074,0.241962,-0.009079,0.041718,9.777176,17059.51582,-624.424578,34658.74641
6.3,-0.00006,-0.000034,0.250102,-0.012231,0.040625,9.748594,16942.78853,-541.421705,34760.55645
6.31,-0.00004,0.000069,0.258312,-0.023313,0.044415,9.893461,17035.70211,-595.045757,34511.05358
6.32,-0.000053,-0.000053,0.266494,-0.005197,-0.006417,9.859013,16954.33622,-712.22113,34488.4546
6.33,-0.000118,-0.000073,0.274593,-0.073086,-0.035096,9.76751,16908.76622,-834.772316,34493.97617
6.34,-0.000089,-0.000039,0.282648,-0.101298,-0.142328,9.786292,17229.00239,-609.202721,34219.93663
6.35,0.000135,0.000087,0.290813,0.042872,0.031066,9.867602,16692.21146,-1047.15208,34755.70336
6.36,-0.000044,0.000162,0.298842,-0.134204,-0.008482,9.870996,16810.55024,-1175.595389,34166.87017
6.37,-0.000047,-0.000002,0.306849,-0.043596,-0.064721,9.823011,16882.06779,-1061.240257,34732.41446
6.38,0.000084,-0.00003,0.31498,-0.000697,0.029705,9.805826,17396.98003,-1046.802662,34627.64074
6.39,-0.000116,0.000032,0.322649,0.059195,0.032503,9.818646,17148.69406,-1082.393116,34630.97961
6.4,0.000119,-0.000058,0.330636,-0.019589,0.033171,9.773881,16712.66019,-1052.836734,34699.33508
6.41,0.000041,0.000081,0.338412,0.045496,0.054861,9.852349,16729.35601,-1413.086247,34593.43692
6.42,-0.00007,-0.00015,0.346352,-0.063375,0.020363,9.824381,17106.8836,-1168.563057,34839.89212
6.43,-0.000048,-0.000059,0.354073,0.041428,-0.076968,9.777091,17163.87367,-890.496856,34476.32203
6.44,-0.000073,-0.000094,0.361933,-0.004834,0.066968,9.777272,16840.49387,-1671.078522,34696.96073
6.45,0.000093,-0.000197,0.369592,0.042592,0.006181,9.900744,17274.98226,-1614.147999,34547.30652
6.46,-0.000076,0.000014,0.377193,0.014928,-0.07961,9.792908,16754.26645,-1221.077457,34589.72479
6.47,-0.000052,-0.000119,0.384969,0.01156,0.061011,9.838883,17190.80776,-1766.276831,34598.73316
6.48,-0.000031,-0.000043,0.392531,-0.01467,-0.062711,9.808149,17234.90126,-1607.298268,34245.83417
6.49,-0.000061,-0.000164,0.400098,-0.00681,0.064174,9.851945,16835.36836,-1791.133479,34655.80601
6.5,-0.000014,-0.000042,0.407636,-0.069373,-0.114218,9.786377,17050.7884,-1610.439705,34530.52446
6.51,0.000067,-0.000124,0.414941,0.012398,-0.048288,9.781305,16732.39312,-1664.132636,34629.41764
6.52,0.000096,0.000095,0.422358,0.057302,0.035252,9.722226,16663.6522,-1960.994081,34315.94386
6.53,-0.000142,-0.000084,0.429746,0.016218,0.007019,9.796759,17422.69703,-2052.882954,34558.55115
6.54,-0.000178,-0.000026,0.436997,0.026891,0.027919,9.928412,17145.77028,-2331.188488,34684.88708
6.55,-0.000145,0.000051,0.444321,0.010541,-0.03647,9.782304,16921.19891,-2075.502526,34274.39808
6.56,-0.000046,0.000026,0.451675,0.034499,0.093978,9.836519,17032.00775,-2523.510247,34568.28759
6.57,-0.000069,-0.000025,0.458706,0.025684,0.0125,9.785007,17002.08394,-2202.886713,34727.41374
6.58,0.000113,0.000028,0.465805,0.003098,-0.059915,9.843433,16594.9588,-2051.671407,34520.7571
6.59,-0.000039,0.000034,0.473016,0.022671,0.008431,9.764867,16924.79024,-2274.671151,34903.8307
6.6,0.00012,0.000091,0.479947,-0.013343,-0.028553,9.821863,16736.88903,-2545.299979,34593.32644
6.61,-0.000047,-0.000141,0.486984,-0.014509,0.017279,9.852604,17146.33232,-2558.454628,34985.48465
6.62,-0.000026,0.000207,0.493885,0.061711,-0.050561,9.790642,17017.88589,-2825.469671,34438.02383
6.63,-0.000222,-0.000087,0.500747,-0.053991,0.060781,9.765447,16826.89477,-2801.072475,34429.35261
6.64,-0.000149,-0.000104,0.507511,0.065725,-0.024926,9.857417,16890.79403,-2701.546024,34495.22851
6.65,-0.00001,-0.000043,0.514215,-0.026864,-0.011269,9.813214,17027.21744,-2833.889511,34635.28494
6.66,0.000029,-0.000076,0.520942,0.004114,-0.007453,9.839862,17096.70235,-2776.469372,34334.70735
6.67,-0.00016,-0.000097,0.527679,0.058378,0.041955,9.783609,16847.62106,-3034.702925,34345.09983
6.68,-0.000181,-0.000035,0.534263,-0.090937,0.0053,9.668253,16482.1288,-3258.403991,34372.19137
6.69,-0.000072,-0.000008,0.540623,0.032778,0.030232,9.747704,16719.55119,-3565.945865,34688.69977
6.7,0.000075,0.000067,0.547201,0.028341,-0.032572,9.869254,16518.5509,-3690.754207,34496.30159
6.71,-0.000193,-0.00012,0.553666,-0.037653,-0.040974,9.775211,16733.02174,-3717.60709,34625.22447
6.72,0.00011,-0.000003,0.56003,0.011546,-0.050977,9.917701,16471.48322,-3268.036717,34635.25472
6.73,-0.000092,-0.000045,0.566199,-0.018349,0.085641,9.793327,16771.38984,-3680.213841,34574.39435
6.74,-0.000003,-0.000162,0.572498,-0.015643,-0.034859,9.770085,16355.6097,-3734.325177,34686.22752
6.75,0.000076,-0.000129,0.578451,0.021335,0.05855,9.812568,16467.29206,-3854.825044,34339.10956
6.76,-0.000009,-0.000086,0.584452,-0.043804,0.010304,9.768615,16784.6998,-3976.834606,34860.81577
6.77,0.000031,-0.000015,0.590644,-0.131317,0.006021,9.721821,16756.20121,-4186.611837,34601.45068
6.78,0.000145,-0.000017,0.596581,-0.031091,0.00249,9.787666,16929.57567,-3923.862282,34463.9561
6.79,-0.000031,-0.000119,0.602476,-0.012966,0.075655,9.854125,16346.56412,-4399.883523,34389.44995
6.8,-0.000006,-0.000077,0.608333,0.074115,0.010323,9.818415,16416.10674,-3816.625349,34645.87075
6.81,0.000106,0.000046,0.614205,0.086378,-0.030715,9.823599,16776.41556,-4679.284396,34646.27789
6.82,0.000007,0.000014,0.619958,0.006427,0.01424,9.836538,16631.96734,-4925.509621,34418.43163
6.83,-0.000041,0.000133,0.625376,0.005758,0.039522,9.765951,16115.18078,-4966.456658,34389.10735
6.84,-0.000062,-0.000149,0.630988,0.024144,-0.051104,9.859916,16540.32201,-4609.202991,34455.59051
6.85,0.000006,0.000098,0.63645,0.047721,-0.010399,9.782288,16169.10617,-4606.111669,34550.7794
6.86,-0.000039,-0.00006,0.641863,-0.001654,0.026632,9.733235,16285.97759,-4657.416546,34509.63481
6.87,-0.000143,-0.000023,0.647126,-0.049433,0.045359,9.796449,16051.09113,-4910.316959,34454.20587
6.88,-0.00003,-0.000027,0.652499,-0.063205,-0.108994,9.785192,15973.73203,-5027.356231,34378.68727
6.89,-0.000128,-0.000149,0.657927,-0.086209,0.005433,9.802644,16116.48363,-5204.9542,34783.1838
6.9,-0.000157,0.000107,0.662951,0.088728,-0.06189,9.837447,15802.09029,-5361.702368,34739.7413
6.91,-0.000071,-0.00013,0.668052,-0.059365,-0.051359,9.796191,16419.54905,-5552.146175,34396.78913
6.92,0.000111,-0.00011,0.672924,-0.042371,0.087476,9.803542,16210.19553,-5940.202345,34824.3455
6.93,0.000052,0.000001,0.67804,-0.037905,0.111206,9.767323,15993.40218,-6035.181861,34614.09763
6.94,-0.000089,0.000019,0.682598,-0.019644,-0.011727,9.768046,16264.13761,-5752.833484,34319.75528
6.95,0.000143,-0.000092,0.68728,0.027759,0.056355,9.74301,16295.02455,-5890.572413,34554.60954
6.96,-0.00005,-0.000041,0.692331,-0.025424,-0.020201,9.7375,15935.79851,-5879.16685,34645.48359
6.97,-0.000069,-0.00003,0.696831,-0.066028,-0.020102,9.761516,15926.52659,-6159.709782,34596.00775
6.98,0.000099,-0.000034,0.701408,0.012997,0.037555,9.814183,15892.51867,-6318.086409,34590.43332
6.99,0.000006,-0.000055,0.705786,0.011579,-0.046984,9.775862,16104.92233,-6626.103802,34211.18424
7,-0.000037,-0.000109,0.710269,0.016469,0.025309,9.800678,15628.76096,-6458.74901,34470.51809
7.01,-0.00016,0.000074,0.714553,0.023883,-0.014644,9.74842,15737.24285,-6516.352055,34620.26788
7.02,-0.000048,-0.000095,0.718678,0.012453,-0.023101,9.722417,15777.7171,-6608.305587,34651.49438
7.03,0.000002,0.000036,0.722872,0.038061,0.015921,9.840008,15549.91531,-6958.529824,34527.47895
7.04,0.000047,-0.000077,0.726937,-0.025459,0.069094,9.827955,15380.11609,-7070.424206,34345.56859
7.05,-0.000176,0.000038,0.73092,0.044589,-0.034187,9.78973,15402.17765,-7443.979769,34277.8937
7.06,-0.000076,0.000073,0.734877,0.059329,-0.003894,9.805968,15724.03479,-7509.128144,34620.00498
7.07,-0.000285,-0.000025,0.73852,0.069327,0.053215,9.81593,15528.46917,-7145.269201,34470.14164
7.08,0.000054,0.000189,0.74235,0.089463,-0.074255,9.801776,15417.71379,-7482.50551,34591.30976
7.09,-0.000033,-0.000051,0.746093,-0.029073,0.068546,9.881014,15376.44407,-7396.78335,34538.96307
7.1,0.000017,0.000084,0.749561,-0.025492,0.004655,9.850285,15151.22075,-7820.895168,34338.8336
7.11,0.000098,-0.00011,0.753175,0.022829,0.010543,9.853168,15198.27238,-7676.356388,34474.06706
7.12,0.000062,0.000034,0.756489,0.091373,0.003699,9.752273,15233.99113,-7675.489184,34409.82177
7.13,-0.000101,-0.000069,0.759904,-0.007257,-0.003836,9.787265,15291.57789,-7977.527633,34368.85587
7.14,0.000061,-0.000141,0.763204,0.031594,0.033205,9.848959,14854.18435,-8086.867628,34528.94436
7.15,0.000014,0.00002,0.766374,0.020995,0.010647,9.756494,15079.5548,-8618.081407,34765.32741
7.16,0.000093,0.000014,0.769495,-0.01827,-0.043093,9.820958,15108.91532,-8585.244372,34416.25584
7.17,0.00001,0.000128,0.772256,-0.007507,-0.003738,9.830741,15199.71608,-8327.505635,34514.47611
7.18,0.000072,-0.000051,0.775315,-0.015875,0.04918,9.855627,14696.21816,-8592.055822,34696.82827
7.19,-0.000124,-0.000192,0.778139,-0.046888,0.060744,9.789493,14636.11096,-8620.883624,34436.61051
7.2,-0.000099,0.000014,0.780791,-0.036416,-0.016847,9.745038,14237.91107,-8801.935267,34443.37477
7.21,0.000085,-0.000005,0.783559,0.014382,0.055668,9.73331,14785.64909,-8883.288275,34678.99188
7.22,-0.000101,-0.000097,0.786058,0.018489,0.025957,9.837009,14236.19827,-8903.827177,34213.8336
7.23,-0.000087,-0.000028,0.78863,0.028866,0.018922,9.783408,14593.90799,-9126.723151,34733.84641
7.24,-0.000163,-0.000052,0.790971,0.040671,0.014054,9.843571,14642.32267,-9055.481405,34369.02132
7.25,-0.000025,0.000134,0.793419,0.013023,-0.014225,9.803432,14060.99892,-9338.205503,34599.97909
7.26,-0.000067,-0.00017,0.79547,0.027162,0.047685,9.714635,14257.61193,-9694.323193,34330.84614
7.27,-0.000187,0.000035,0.797669,-0.062693,-0.079529,9.780297,14123.91386,-9323.301063,34361.04796
7.28,-0.000034,-0.000083,0.799798,-0.033728,0.007566,9.791057,14110.17004,-9646.326211,34486.43694
7.29,0.000083,-0.000088,0.801727,0.061458,-0.031237,9.77169,13428.94122,-9735.975261,34156.86356
7.3,-0.00011,0.000048,0.803546,-0.041083,-0.016233,9.813153,13849.30731,-10251.81108,34394.74041
7.31,-0.000138,-0.00015,0.805303,-0.025027,-0.046008,9.740472,13979.97276,-10470.71175,34286.07702
7.32,0.000002,0.000196,0.807042,0.006649,-0.028193,9.758515,13572.92521,-10359.24259,34550.18963
7.33,0.000044,-0.000007,0.808646,-0.014995,0.013633,9.902667,13595.10403,-10266.73655,34547.40298
7.34,-0.000064,-0.000049,0.810207,0.075145,-0.044499,9.783834,13551.33367,-10081.82075,34350.3505
7.35,0.000129,-0.000195,0.811737,-0.095213,-0.095565,9.71728,13508.84073,-10537.58046,34688.63176
7.36,-0.000011,-0.000079,0.813064,0.041009,-0.009582,9.735197,12820.76324,-10786.42375,34620.55308
7.37,0.000037,-0.000015,0.814346,-0.034379,-0.026356,9.773492,13272.41426,-10493.36294,34228.03012
7.38,0.000021,-0.000206,0.815607,0.06728,-0.094293,9.783316,13651.99303,-10753.91214,34475.66565
7.39,0.000159,0.000057,0.816646,0.009164,0.020329,9.70135,12956.49368,-11139.08799,34415.27147
7.4,-0.000162,-0.000039,0.817477,0.0063,-0.062477,9.777381,13029.39843,-11228.12887,34620.70214
7.41,-0.000091,0.000056,0.818378,-0.078175,0.034144,9.953059,12836.51682,-11045.22915,34378.07624
7.42,-0.000051,-0.000195,0.819245,0.045673,-0.01669,9.721426,12863.89391,-11424.48259,34762.12162
7.43,-0.000032,-0.00009,0.819916,0.039004,0.054569,9.752601,12738.4362,-11317.4252,34880.37492
7.44,0.000125,-0.000134,0.820518,0.042423,-0.087785,9.744237,12694.67044,-11617.87619,34513.98123
7.45,-0.00011,0.000076,0.821334,0.004525,-0.068723,9.841079,12469.59216,-11446.39198,34906.39621
7.46,-0.00001,-0.000091,0.821564,0.065703,0.000751,9.828703,12808.86981,-11701.19774,34557.54076
7.47,0.000053,-0.000108,0.822089,0.074127,0.022639,9.867783,12588.6857,-11637.7389,34095.93563
7.48,0.000084,-0.000023,0.822289,0.066471,-0.051667,9.910069,12107.74363,-11970.17259,34416.30967
7.49,0.000026,0.000107,0.822321,0.054866,0.005962,9.84547,12188.61005,-11883.82777,34319.37839
7.5,0.000064,-0.000061,0.822436,0.014031,0.009958,9.758951,12242.32445,-12079.74144,34683.9267
7.51,-0.00003,-0.000047,0.822417,-0.020059,-0.016705,9.858391,12335.8911,-12272.78952,34182.63075
7.52,-0.000179,-0.000111,0.82254,0.022058,0.018707,9.80135,11785.16527,-12287.26327,34461.17118
7.53,0.000132,0.000028,0.822336,0.059467,-0.117123,9.763549,11732.2368,-12571.60247,34652.02809
7.54,-0.000085,-0.000035,0.821987,0.044702,-0.020206,9.8375,11950.44284,-12322.76286,34368.60449
7.55,-0.000134,-0.000115,0.82161,0.074956,0.037638,9.736878,11581.78671,-12481.11954,34359.03453
7.56,-0.000067,-0.000121,0.821185,-0.011258,-0.05524,9.82948,11450.63716,-12819.6225,34868.61268
7.57,-0.000062,0.00006,0.82061,0.048888,-0.011829,9.831358,11534.36707,-12713.7686,34163.26705
7.58,-0.000066,-0.000018,0.819964,-0.009952,0.091009,9.813339,11389.39144,-13068.56202,34732.77377
7.59,-0.000098,-0.000064,0.819324,0.010614,0.026555,9.857343,11392.04826,-12702.67618,34560.7495
7.6,0.000017,0.000084,0.8183,0.032754,-0.001599,9.809822,10871.9853,-12967.33569,34624.68151
7.61,-0.000074,-0.000065,0.817563,0.023994,0.027875,9.789426,10331.71944,-13258.936,34684.57697
7.62,-0.000079,-0.000073,0.816626,-0.027606,-0.011337,9.829309,10763.00778,-12954.65439,34570.14793
7.63,-0.000024,-0.00013,0.815595,-0.021344,-0.051443,9.791458,10826.12198,-13198.15897,34649.39517
7.64,0.000048,-0.000079,0.814382,-0.023401,0.028747,9.782938,10875.50803,-13437.46768,34363.93381
7.65,-0.000104,0.00007,0.813032,-0.01944,0.088979,9.828639,10233.95162,-13439.98154,34314.39094
7.66,-0.00011,-0.000061,0.811637,-0.043929,0.057085,9.790087,10190.72647,-13504.07389,34485.35777
7.67,-0.000023,-0.000013,0.810271,-0.0385,0.030792,9.740451,10251.79928,-13298.22294,34624.5933
7.68,-0.000088,-0.000348,0.808751,-0.003055,0.02674,9.842934,10073.83474,-13721.43205,34342.45764
7.69,-0.000205,-0.000007,0.807227,-0.024926,-0.023618,9.803513,10091.93679,-13699.32251,34827.92613
7.7,-0.000016,-0.000063,0.805411,0.057613,-0.08502,9.84645,10037.27418,-13855.13674,34617.72395
7.71,-0.000051,-0.000077,0.803585,0.014347,0.065035,9.754417,9889.936737,-14035.85341,34182.53679
7.72,-0.00012,0.000075,0.801755,0.054846,-0.040961,9.821845,9633.814454,-13954.83605,34669.45955
7.73,0.000044,-0.000051,0.799796,-0.01842,-0.116298,9.804878,9652.539955,-14153.15278,34445.88523
7.74,-0.000054,0.000012,0.797808,0.018848,0.041162,9.777789,9440.47274,-14445.24848,34944.70252
7.75,-0.000019,-0.000087,0.795526,-0.055098,0.03384,9.790769,9329.999489,-14242.27802,34637.31234
7.76,0.000105,-0.000053,0.793339,0.049923,0.067916,9.796715,9096.483555,-14550.47567,34419.25352
7.77,0.000088,0.000066,0.791095,-0.00775,-0.033903,9.711571,9161.504573,-14276.89596,34421.3373
7.78,-0.000074,0.000177,0.78868,0.00008,0.034915,9.858195,8941.760105,-14656.95525,34592.70025
7.79,0.000008,-0.000044,0.786033,-0.00056,0.08826,9.783016,8967.497397,-14405.60437,34786.78246
7.8,-0.000156,0.000007,0.783615,-0.000634,-0.025315,9.786979,8914.634163,-14675.18072,34449.98945
7.81,-0.00006,-0.000131,0.780793,-0.012633,-0.032166,9.78802,8757.725203,-14731.69092,34625.09925
7.82,-0.000068,-0.000156,0.778251,0.013968,0.005828,9.75839,8754.219775,-14887.04496,34664.81618
7.83,0.000061,0.000218,0.775416,0.024692,-0.038195,9.829714,8497.10893,-15114.62261,34720.17067
7.84,-0.000091,-0.000105,0.772121,0.00408,-0.090562,9.758867,8348.488131,-15022.25012,34672.40891
7.85,-0.000091,-0.000044,0.769505,0.045794,-0.029884,9.776925,8433.56534,-15153.10554,34512.66285
7.86,0.000014,0.000023,0.766352,-0.019952,0.006075,9.835493,7875.293664,-15081.72249,34589.54451
7.87,0.000018,0.000098,0.76307,-0.013276,0.08099,9.781066,8047.916571,-15091.20711,34833.631
7.88,-0.000079,-0.00015,0.76005,-0.021355,-0.00798,9.816154,8059.402666,-15084.55755,34605.86151
7.89,0.000074,0.000037,0.756467,0.070302,0.112499,9.792042,7788.545653,-15314.83965,34386.34958
7.9,-0.000024,-0.000049,0.753158,-0.007222,0.030973,9.802509,7642.25971,-15148.04915,34435.07329
7.91,-0.000056,0.000017,0.749613,0.041822,-0.049739,9.848887,7178.941053,-15194.96329,34502.63058
7.92,0.000035,-0.000008,0.746037,-0.103146,0.025877,9.840137,7584.582119,-15328.08207,34343.14697
7.93,-0.000049,-0.000067,0.742466,0.119348,-0.042629,9.841363,7128.817758,-15522.83245,34127.53662
7.94,-0.000063,-0.000003,0.738612,0.031753,-0.044216,9.82047,7603.981624,-15583.3829,34475.28025
7.95,-0.000169,0.00005,0.734725,-0.039617,-0.054912,9.735995,6845.455069,-15515.95665,34698.27294
7.96,0.00002,0.000008,0.730763,-0.009811,-0.049683,9.708802,7293.759108,-15679.39204,34846.8583
7.97,-0.000122,-0.000074,0.726845,0.014261,-0.081477,9.841116,6945.947246,-15903.79413,34782.87374
7.98,-0.000143,0.000036,0.722826,0.012086,-0.039113,9.731849,6657.677744,-15569.90687,34644.0983
7.99,-0.000006,-0.000066,0.718724,-0.043246,-0.064411,9.789499,6603.529334,-15803.33592,34696.08906
8,-0.000105,-0.000031,0.71452,-0.017373,0.118944,9.707067,6409.793826,-15957.6473,34788.36737
8.01,-0.000036,-0.000069,0.710068,-0.028222,0.027003,9.85708,6401.82248,-15516.50088,34282.15432
8.02,-0.000025,0.000001,0.705756,0.064731,-0.047111,9.846316,6304.486427,-15858.96709,34379.80334
8.03,-0.000107,0.000019,0.701534,-0.138721,-0.010697,9.848765,6471.797863,-15922.18865,34207.99946
8.04,-0.000066,0.000001,0.696812,0.034404,-0.06797,9.767409,6202.513119,-16237.62369,34579.78441
8.05,-0.000263,-0.000018,0.692102,-0.104174,-0.035984,9.740773,6072.545103,-15543.46987,34462.83459
8.06,0.000081,-0.000051,0.687405,0.013182,-0.036751,9.836337,5889.364712,-16142.44938,34434.27456
8.07,-0.000059,-0.000014,0.682658,-0.005498,-0.016314,9.892785,5897.44892,-15859.99495,34709.85113
8.08,-0.000044,-0.000147,0.677846,0.056463,-0.064236,9.874364,5160.339392,-15958.85102,34525.89889
8.09,0.000028,0.000143,0.673012,0.036835,0.064252,9.829188,5319.080459,-16319.69878,34135.53225
8.1,-0.000016,0.000075,0.66805,-0.087342,-0.018393,9.689203,5535.925635,-16222.05019,34581.90448
8.11,0.000106,0.000066,0.662889,-0.068155,-0.034045,9.868966,5175.825438,-16408.71613,34668.85275
8.12,-0.000017,-0.000013,0.65779,0.001809,0.010364,9.843133,5372.463807,-16276.34087,34527.5964
8.13,-0.000022,-0.000097,0.652373,-0.044233,0.053515,9.81795,5243.317625,-15939.90608,34613.18304
8.14,-0.000098,-0.000205,0.647284,-0.046996,-0.028166,9.795322,4999.787106,-16384.06386,34655.20553
8.15,-0.000039,-0.000175,0.641988,0.029287,0.06903,9.792134,4863.439366,-16312.68455,34666.47491
8.16,0.000036,-0.00002,0.636653,-0.011171,0.087416,9.962811,4683.517313,-16153.3411,34964.27757
8.17,0.000124,-0.000134,0.631108,0.087586,0.009091,9.789622,4568.859662,-16252.07126,34233.08037
8.18,-0.000001,0.000008,0.62554,0.032998,0.014523,9.768485,4752.78047,-16791.30514,34822.14923
8.19,-0.000102,-0.00008,0.619759,0.06599,0.123508,9.766016,4684.484822,-16804.85537,34451.17541
8.2,-0.000105,-0.000037,0.614008,-0.038828,-0.025088,9.745395,4022.11075,-16130.86445,34861.88116
8.21,-0.000131,0.000022,0.608366,0.039407,-0.070605,9.839696,4339.492689,-16741.83908,34597.9655
8.22,-0.000006,-0.000194,0.602474,0.019063,0.036235,9.734633,4233.703898,-16330.53943,34969.13505
8.23,-0.000088,-0.000026,0.596595,0.006866,0.013122,9.850455,4306.585174,-16366.14032,34566.17693
8.24,0.000042,-0.000034,0.590687,0.018112,-0.028774,9.863068,3964.743142,-16416.1608,34565.4599
8.25,-0.000038,0.000033,0.584618,0.067598,0.065982,9.770653,3825.287355,-16836.74738,34335.69816
8.26,0.000059,0.000011,0.578583,0.025617,-0.04503,9.798801,3675.640041,-16865.62516,34315.91554
8.27,-0.000036,0.000017,0.572504,0.036727,-0.070587,9.943559,3672.129671,-16884.76529,34579.23246
8.28,0.000043,0.000004,0.566276,0.059903,-0.037921,9.779251,3630.93351,-16645.92615,34301.92064
8.29,-0.000029,0.000081,0.559918,-0.003906,-0.007171,9.747704,3646.756876,-16941.48358,34447.63039
8.3,-0.000221,0.000088,0.55359,-0.006819,-0.076225,9.776802,3489.339183,-16897.9482,34993.66203
8.31,-0.000142,-0.000046,0.547103,0.087847,-0.003387,9.788112,3405.377093,-16712.67986,34796.49422
8.32,0.000144,0.000015,0.540583,0.077099,0.015434,9.837987,2854.818229,-16542.77808,34370.25195
8.33,0.000008,-0.000063,0.534367,-0.028349,0.053773,9.790966,2992.931678,-17187.30192,34750.27356
8.34,-0.000131,-0.000225,0.527628,0.042917,0.031437,9.892385,3051.300293,-17106.4928,34529.84922
8.35,-0.00007,-0.000065,0.520799,0.048834,-0.001061,9.754989,3206.696446,-16986.83863,34598.57561
8.36,-0.000002,0.000117,0.514126,-0.01506,-0.034285,9.882739,2695.881859,-16874.19253,34929.71241
8.37,0.000063,-0.000078,0.507747,-0.022181,-0.113343,9.826101,2807.180932,-16972.54132,34789.68412
8.38,-0.000001,-0.000045,0.500833,0.039996,-0.0455,9.842583,2376.665231,-16853.49386,34711.01334
8.39,0.000006,-0.00008,0.493939,-0.065529,0.011841,9.799266,2325.425978,-16754.23845,34990.23114
8.4,-0.000084,-0.000185,0.48714,0.015235,0.020661,9.773891,2859.254734,-17076.08613,34668.84678
8.41,-0.00007,-0.000082,0.480024,0.039657,-0.025008,9.81306,2371.116199,-16987.3463,34878.68422
8.42,-0.000176,-0.000147,0.47293,0.07003,-0.045858,9.810859,2430.817723,-16910.86051,34559.72762
8.43,-0.000085,-0.000022,0.465999,0.078953,0.062113,9.773468,2103.683981,-17175.37218,34497.90318
8.44,-0.000081,0.000014,0.458831,-0.03095,0.026928,9.774736,2287.569187,-16942.41307,34862.18513
8.45,-0.000134,-0.000009,0.451522,0.003383,-0.067977,9.838626,2296.87673,-17030.47362,34519.87127
8.46,0.000053,0.000011,0.444383,-0.079901,0.006346,9.84191,2464.344593,-16628.10472,34701.00199
8.47,-0.000156,-0.000019,0.437042,-0.033481,-0.078233,9.744038,1794.929768,-17108.23355,34485.3352
8.48,0.000022,-0.000039,0.429718,-0.095389,0.088607,9.711466,2022.613635,-16907.30647,34677.52088
8.49,0.000041,0.000034,0.42237,-0.064322,0.015979,9.809588,1488.01191,-16952.40784,34754.85786
8.5,0.000062,-0.000055,0.414982,0.050812,0.065118,9.829477,1900.397121,-16979.81627,34485.25337
8.51,-0.000029,-0.000094,0.407511,-0.003505,-0.028345,9.797996,1665.484032,-17191.00812,34540.35909
8.52,-0.000053,0.000105,0.400177,0.046774,0.030125,9.838259,1893.449132,-17001.37237,34843.00295
8.53,-0.000062,0.000112,0.392495,-0.083836,-0.038426,9.77288,1531.289728,-17100.92814,34779.4541
8.54,-0.000006,0.000048,0.384934,-0.027363,-0.053088,9.841073,1312.137864,-17092.03385,34288.75277
8.55,0.000171,-0.000007,0.377171,0.052529,0.090343,9.780956,1461.332576,-17199.60423,34403.64934
8.56,0.000074,-0.000065,0.369575,-0.005305,0.00439,9.806766,1254.526474,-17139.27575,34690.8951
8.57,-0.000301,0.000059,0.361959,-0.042095,0.039568,9.706313,1577.222719,-16352.38096,34615.49645
8.58,0.00003,0.000057,0.354281,-0.02427,-0.095287,9.838509,1503.940812,-17204.09653,34602.05898
8.59,-0.000043,0.000053,0.346275,-0.069748,-0.057982,9.806482,1174.047921,-17005.10009,34622.66749
8.6,-0.00007,0.000064,0.338543,-0.052297,0.012199,9.787793,1102.39987,-17125.62892,34419.3225
8.61,-0.000156,0.000003,0.330625,0.097701,-0.061166,9.76635,1011.422328,-16957.99201,34256.79039
8.62,-0.000111,0.000009,0.322701,0.028274,0.005692,9.829526,1374.291274,-16850.13499,34394.02482
8.63,-0.000176,-0.000126,0.314951,-0.01476,0.047213,9.824587,1203.019537,-16950.55604,34361.02924
8.64,-0.000172,-0.000009,0.306875,0.065887,-0.067966,9.819935,785.788513,-16978.56246,34406.99641
8.65,0.000016,-0.000136,0.298786,-0.011328,0.019839,9.76021,930.710137,-17140.00066,34838.34701
8.66,-0.000027,0.000041,0.290717,0.040389,-0.066831,9.851669,593.488447,-16779.27374,34427.62861
8.67,-0.000141,0.000059,0.282797,0.027272,-0.090252,9.827224,836.774795,-16669.67527,34348.15611
8.68,-0.000007,-0.000082,0.274633,-0.097151,0.028158,9.72705,509.606212,-17280.60636,34130.40356
8.69,-0.00003,0.000044,0.266355,-0.003629,-0.013605,9.725946,576.832505,-16593.05733,34423.56211
8.7,-0.000029,-0.000043,0.258204,-0.092947,0.024975,9.78318,599.905642,-16909.43392,34669.51213
8.71,-0.000021,-0.000026,0.250074,0.054376,-0.002438,9.945334,208.991115,-16974.80366,34886.47841
8.72,-0.000005,-0.000152,0.241886,0.008791,0.088439,9.825037,875.759228,-17396.90699,34608.86073
8.73,-0.000002,-0.000004,0.23374,0.004354,0.027249,9.769717,774.2393,-16904.42782,34433.56698
8.74,-0.000144,-0.00016,0.225396,-0.032138,0.083173,9.798159,562.246883,-16993.3259,34465.94404
8.75,0,0.000156,0.217133,-0.057309,0.026044,9.765906,491.228381,-17042.79552,34426.74135
8.76,-0.000116,0.000042,0.208686,0.004481,0.057552,9.872932,362.556152,-17196.54477,34853.79523
8.77,-0.000169,0.000199,0.200446,0.092075,0.0596,9.841265,447.326205,-16884.39913,34628.78432
8.78,0.000023,0.00002,0.192212,0.028459,0.016022,9.806711,554.701488,-17165.6863,34607.09774
8.79,-0.000015,0.000078,0.183579,0.115264,-0.00249,9.892794,99.08795,-17014.50675,34606.98637
8.8,-0.000161,0.000096,0.175392,-0.004429,0.062402,9.666392,-35.205019,-17427.95077,34346.29523
8.81,0.000005,-0.000009,0.166853,0.009374,-0.029567,9.888245,365.448883,-17230.45957,34465.78054
8.82,-0.000099,0.000106,0.158453,0.077349,-0.029362,9.805724,-164.783776,-16456.20811,34490.21772
8.83,0.000005,0.000004,0.150027,0.048756,0.017603,9.814878,-43.493683,-17382.48039,34768.62169
8.84,0.000005,0.000036,0.141357,0.051667,-0.062907,9.891214,159.259608,-17032.9905,34608.83205
8.85,0.000005,0.000162,0.132922,0.025614,-0.141438,9.764894,131.793965,-16962.22158,34987.87292
8.86,-0.000051,0.000049,0.124544,-0.000591,0.11749,9.810657,45.446944,-17073.71992,34681.63222
8.87,0.000015,-0.00017,0.115983,-0.071739,0.072364,9.831497,200.595055,-16817.44124,34617.51223
8.88,-0.000143,-0.000101,0.107454,0.003921,0.056956,9.79243,29.304221,-16924.79243,34258.82435
8.89,-0.000065,0.000042,0.099136,-0.001098,0.055015,9.83444,107.013982,-17015.58389,34921.43729
8.9,0.000028,0.000034,0.090228,0.053736,-0.013364,9.89706,-48.849931,-17115.15,34548.54907
8.91,-0.000096,-0.000122,0.081694,-0.066034,-0.063598,9.838081,-191.720172,-17112.88779,34488.14764
8.92,-0.000135,-0.000086,0.073148,-0.009967,0.015692,9.814999,-39.525174,-17035.67235,34897.79106
8.93,-0.000127,-0.000153,0.064465,-0.002032,-0.04746,9.828621,-47.089182,-16943.76109,34594.28718
8.94,0,-0.000023,0.056083,0.07158,-0.036098,9.90821,-36.068268,-16946.26552,34814.03424
8.95,0.000052,-0.000058,0.047456,0.084666,-0.036223,9.853953,167.19922,-17025.4476,34658.97417
8.96,-0.000165,0.000171,0.038901,-0.048736,-0.000022,9.75884,-71.87025,-16889.94626,34618.373
8.97,-0.000058,-0.00013,0.030225,-0.020568,-0.086695,9.805849,-28.364166,-17179.83074,34617.96397
8.98,-0.000203,-0.000097,0.021649,-0.046202,-0.038496,9.714943,-237.516414,-17170.99273,34284.9535
8.99,-0.000033,-0.000072,0.013055,0.008241,0.101537,9.795443,286.900729,-16774.40647,34638.10499
9,-0.00013,-0.000004,0.004317,-0.001335,-0.050738,9.790097,-187.290329,-17103.30546,34893.78104
9.01,-0.000113,0.000012,-0.004339,-0.036623,-0.071932,9.76893,150.074088,-16851.28438,35016.57874
9.02,0.000127,-0.00008,-0.012691,-0.019762,0.021657,9.796452,385.984178,-16861.8932,34635.0247
9.03,-0.000135,0.000024,-0.021581,0.019923,0.070624,9.859499,-45.672466,-17063.7304,34715.033
9.04,-0.000156,-0.000015,-0.030025,-0.015251,-0.082837,9.803586,240.993082,-16998.40222,34578.85602
9.05,-0.000151,0.000075,-0.038759,0.009647,0.055344,9.819873,154.829973,-16694.00437,34682.7022
9.06,-0.000028,0.000004,-0.047239,0.14479,-0.010847,9.845729,-242.514794,-17054.28797,34621.62505
9.07,-0.000196,0.000113,-0.055837,-0.040483,-0.045063,9.797653,268.800455,-17256.38614,34453.65937
9.08,-0.000077,-0.000118,-0.064624,0.015251,0.039529,9.654797,-143.477796,-16775.37189,34610.2247
9.09,-0.000158,0.000019,-0.073088,0.061219,0.079813,9.879994,225.053736,-16893.4265,34540.88778
9.1,-0.000138,-0.000075,-0.081497,0.047358,-0.001431,9.840096,-265.800058,-16728.37853,34220.77814
9.11,-0.000068,-0.00008,-0.090081,0.069224,-0.043995,9.84559,144.652514,-16971.16858,34522.14126
9.12,0.000001,-0.000025,-0.098808,0.029872,-0.002407,9.901676,179.830229,-17033.956,34617.60006
9.13,-0.000175,-0.000131,-0.107341,-0.030371,-0.044653,9.809479,223.287301,-17407.92071,34248.17072
9.14,-0.000059,0.000002,-0.115784,-0.027141,0.071281,9.728481,366.864496,-17306.73855,34608.80702
9.15,-0.00002,-0.000009,-0.124441,-0.061424,0.019688,9.84883,472.331596,-17011.17887,34335.4606
9.16,-0.000227,-0.000074,-0.132943,-0.05533,0.069023,9.715358,215.521932,-17084.12227,34537.59652
9.17,-0.000096,-0.000053,-0.14146,0.055357,-0.040708,9.787433,321.749017,-17194.81696,34626.94189
9.18,-0.000136,-0.000037,-0.149818,0.093644,0.000466,9.778697,495.534254,-17138.90834,34663.44704
9.19,-0.000097,0.000015,-0.158308,0.015487,0.097853,9.814181,556.244534,-16966.69948,34472.94873
9.2,-0.000128,-0.000025,-0.166567,-0.035241,0.01367,9.74869,-119.789785,-17329.14962,34643.92306
9.21,-0.000098,0.000073,-0.175036,-0.031181,-0.025274,9.842832,299.891474,-17058.09481,35221.13593
9.22,0.000091,-0.0001,-0.183385,-0.021344,0.02705,9.867933,489.011962,-17159.11293,34861.11241
9.23,-0.000029,-0.000051,-0.191967,0.081813,-0.081519,9.80761,686.299366,-17047.94269,34666.68168
9.24,0.000013,-0.000024,-0.200326,-0.054706,0.034842,9.822729,501.198592,-17088.15813,34384.86025
9.25,0.000073,-0.000092,-0.208744,0.002272,-0.023759,9.761926,708.408341,-16872.21348,34410.41587
9.26,0.00003,0.000033,-0.216877,-0.081796,0.050953,9.800138,579.850844,-17188.15058,34356.97782
9.27,-0.000133,0.000066,-0.225226,0.004257,0.018653,9.849587,652.314373,-17067.77627,34557.59929
9.28,0.000114,-0.000138,-0.233519,0.096795,-0.006274,9.842695,629.089939,-16950.70014,34688.82781
9.29,-0.000064,-0.000167,-0.241846,-0.078984,-0.017,9.774659,480.399281,-17038.89808,34699.60913
9.3,0.000059,-0.00007,-0.250065,-0.02871,0.060357,9.815419,425.939169,-17012.54117,34330.46171
9.31,0.000036,0.000058,-0.258107,0.005869,0.006498,9.79886,706.883676,-16910.46729,34617.98342
9.32,-0.000108,-0.000034,-0.266267,-0.008384,-0.029622,9.783288,756.969897,-17042.50095,34376.22402
9.33,-0.000097,-0.000094,-0.274418,-0.01878,-0.006506,9.716687,1024.444556,-17263.26006,34204.06412
9.34,0.000097,-0.000129,-0.28282,0.00589,0.00069,9.830668,769.112833,-17215.92059,34647.13112
9.35,-0.000166,-0.000117,-0.290678,-0.053024,-0.043966,9.849715,829.828258,-17257.01232,34347.13033
9.36,0.000014,-0.000041,-0.298768,-0.033357,0.026259,9.77633,720.402586,-17360.25728,34539.27264
9.37,-0.000026,-0.000113,-0.306719,-0.057211,-0.070015,9.779522,1305.664766,-17226.01698,34381.62148
9.38,-0.000095,0.000205,-0.314618,-0.021042,-0.058472,9.880291,993.127905,-17096.56714,34535.63706
9.39,-0.000112,-0.000116,-0.322667,0.003437,-0.041677,9.883934,1354.233103,-17069.82084,34545.97766
9.4,-0.000183,-0.000092,-0.330598,0.04334,-0.035211,9.758951,1154.587829,-17261.03464,34353.55057
9.41,0.000038,-0.000066,-0.338471,-0.006796,0.038495,9.740305,783.062171,-17171.72819,34399.91299
9.42,-0.000156,-0.000131,-0.346238,0.059512,-0.016589,9.851301,1253.337724,-16842.33487,34138.64906
9.43,-0.000058,0.00007,-0.354081,-0.00442,0.026654,9.841766,1474.365709,-16702.53023,34537.52228
9.44,0.000053,-0.000006,-0.36178,0.066576,-0.032641,9.903858,1411.89903,-16705.22421,34689.83968
9.45,-0.000215,-0.000141,-0.36943,-0.060396,0.018199,9.843701,1543.165301,-17182.43579,34445.40127
9.46,0.000083,-0.000011,-0.377102,0.004042,0.046689,9.730268,1672.523584,-16824.24408,34579.08467
9.47,-0.000075,-0.000061,-0.384859,0.000634,0.052238,9.810924,1852.396684,-16700.69656,34201.54685
9.48,0.000046,0.000001,-0.392412,-0.051699,0.010801,9.81977,1605.909522,-17092.60454,34627.36031
9.49,-0.000068,0.00002,-0.399911,-0.045907,0.068446,9.783946,2220.867683,-17149.18273,34411.07048
9.5,-0.000112,0.000121,-0.40742,-0.047724,0.008381,9.778287,1943.483862,-17162.32014,34488.51435
9.51,-0.000039,0.0001,-0.414812,-0.006363,0.014714,9.790018,2085.536979,-16695.35939,34879.60405
9.52,-0.000047,0.000018,-0.422408,0.032342,0.017712,9.87055,2163.623778,-17012.92846,34550.55568
9.53,-0.000095,-0.000226,-0.429575,-0.046071,0.006465,9.823337,2263.329949,-17037.54908,34701.81949
9.54,-0.000205,0.000031,-0.437074,0.017365,-0.100419,9.758136,1983.849614,-16752.5268,34703.82909
9.55,-0.000125,-0.000046,-0.444251,0.019383,0.031552,9.812331,1919.692312,-17021.04129,34467.4931
9.56,0.000014,0.000126,-0.451466,0.012369,0.06372,9.793411,2404.352982,-16983.36836,34141.68462
9.57,0.000037,-0.000081,-0.458609,-0.034268,0.077143,9.841027,2307.652372,-16877.52455,34321.45967
9.58,-0.000026,-0.000069,-0.465803,-0.004686,-0.03178,9.890046,2649.779227,-16683.85257,34289.74093
9.59,-0.000045,-0.000012,-0.472832,-0.010109,-0.03654,9.873489,2492.292375,-17371.10363,34383.93276
9.6,-0.000084,-0.000093,-0.479822,-0.069031,-0.003904,9.841844,2306.465934,-16922.34843,34586.79805
9.61,-0.000187,-0.000083,-0.48672,-0.010511,-0.021938,9.832457,2677.457179,-16979.32135,34450.97149
9.62,-0.000276,-0.000089,-0.493709,-0.056347,-0.007081,9.846415,2812.982921,-16967.32417,34844.01709
9.63,-0.000183,0.000198,-0.500856,-0.050457,0.071789,9.800605,2782.399665,-16877.11195,34680.02272
9.64,0.000086,0.000107,-0.507355,-0.000215,-0.019905,9.839349,2826.911422,-16637.96409,34722.1309
9.65,-0.000059,0.000002,-0.514263,-0.019874,0.014684,9.872886,3036.792165,-17043.16788,34534.53528
9.66,0.000031,-0.000126,-0.520902,0.065157,-0.071273,9.877279,3020.070078,-16746.82165,34600.12234
9.67,0.000047,-0.000126,-0.527546,-0.020716,0.018391,9.816014,3113.272506,-16802.24626,34533.09114
9.68,-0.000025,-0.000146,-0.533991,0.017262,-0.026106,9.839685,3082.048725,-16812.73584,34427.36384
9.69,-0.00001,-0.000161,-0.540617,0.053342,-0.024963,9.810069,3333.744785,-17002.09347,34909.42974
9.7,-0.000107,-0.000086,-0.547067,0.04347,0.056349,9.827295,3636.276924,-16668.42773,34454.92994
9.71,-0.000101,0.000055,-0.553535,0.016687,0.027232,9.794245,3617.509448,-16779.39782,34756.02801
9.72,0.000046,-0.000033,-0.559739,0.0199,-0.010206,9.793902,3632.729658,-16701.68364,34164.86681
9.73,-0.000087,-0.000073,-0.566193,-0.112298,-0.085025,9.828931,3550.338741,-16622.80013,34322.60993
9.74,0.000011,0.000053,-0.572123,0.039816,0.025227,9.815702,3760.057271,-16484.14115,34835.55061
9.75,0.000073,-0.000007,-0.57848,-0.011696,0.030897,9.790821,3796.510519,-17221.35524,34557.21756
9.76,-0.000006,-0.000031,-0.584424,0.002829,0.076764,9.742199,4107.06699,-16913.92079,34794.29717
9.77,0.000043,-0.000102,-0.590638,-0.026463,-0.009063,9.716027,4070.294096,-16277.37892,34539.85858
9.78,0.00008,-0.000002,-0.596559,-0.055574,0.055029,9.835542,4223.389805,-16762.53929,34692.73412
9.79,0.000064,-0.000063,-0.60246,-0.00403,0.067036,9.761652,4342.663047,-16666.65961,34671.63317
9.8,-0.00008,-0.0002,-0.608189,0.096837,-0.000546,9.780427,4301.63064,-16194.07429,34660.78727
9.81,-0.000145,-0.000078,-0.614093,0.056102,0.028354,9.819894,4491.926088,-16515.50922,34905.93323
9.82,0.000024,-0.000035,-0.619722,-0.003294,-0.086601,9.707561,4613.541815,-16358.51728,34356.1906
9.83,-0.000186,-0.000036,-0.62548,0.002364,0.049677,9.770687,4844.972267,-16401.75107,34409.3655
9.84,-0.000013,0.000003,-0.630912,0.006722,-0.074772,9.736021,4613.289754,-16189.25013,34556.38297
9.85,0.000139,0.000017,-0.636348,-0.000678,0.036425,9.845993,5026.035873,-16218.61181,34850.73094
9.86,-0.000027,-0.000046,-0.641736,0.061202,-0.037152,9.801213,5271.634042,-16414.71551,34506.87772
9.87,0.000057,-0.000142,-0.647078,0.040555,-0.048435,9.794227,4722.463081,-16294.30513,34607.38398
9.88,0.000005,0.000055,-0.652409,0.001743,0.000886,9.852445,4912.318871,-16265.1851,34556.00604
9.89,-0.000148,-0.000131,-0.657497,0.022685,-0.019958,9.694773,5308.357822,-16203.29105,34326.70224
9.9,-0.000017,-0.000152,-0.662761,0.040697,0.050696,9.834206,5433.729548,-15790.43445,34533.48427
9.91,-0.000071,-0.00019,-0.668054,0.019179,0.023498,9.868656,5437.783975,-16214.69876,34837.46277
9.92,-0.000179,-0.000005,-0.672847,-0.023552,-0.001717,9.759942,5381.661158,-15757.03278,34439.73933
9.93,-0.000061,-0.000004,-0.677706,-0.009274,-0.038983,9.768501,5858.557415,-15937.85715,34384.6397
9.94,-0.000223,-0.000055,-0.682672,-0.096336,-0.0034,9.858539,5804.442711,-15892.74559,34525.31266
9.95,-0.000147,-0.000076,-0.687377,-0.146712,0.063845,9.806711,5671.965209,-15914.15614,34322.17028
9.96,-0.000063,-0.000156,-0.692099,-0.032462,0.016034,9.796086,6183.867779,-15971.19963,34253.55673
9.97,0.000136,-0.000121,-0.696819,-0.002923,0.070785,9.816578,6365.082722,-15889.09322,34768.80812
9.98,-0.000015,0.000023,-0.70117,0.018757,-0.012364,9.799554,6328.953185,-16009.25162,34173.28418
9.99,-0.000137,0.000058,-0.70574,-0.044097,-0.005333,9.769731,6408.849192,-16055.84673,34446.71323
10,-0.000138,-0.000082,-0.710066,0.056862,-0.010777,9.844254,6097.242167,-16156.6992,34549.26492
10.01,0.000023,0.000026,-0.714364,0.064157,0.050714,9.77436,6693.520306,-15348.19852,34795.37668
10.02,0.000042,-0.000022,-0.718512,0.082794,-0.092825,9.878083,6550.385705,-15521.85525,34497.5283
10.03,-0.000162,-0.000166,-0.722672,-0.123785,-0.044119,9.80415,6515.037149,-15538.4542,34387.50506
10.04,-0.000161,-0.000055,-0.726818,-0.034689,-0.103628,9.734132,6765.266519,-15793.32872,34528.72972
10.05,-0.000082,-0.000068,-0.730678,0.012708,-0.084017,9.83887,7021.207126,-15620.53047,34538.70759
10.06,-0.00026,0.000048,-0.73451,0.05676,0.066566,9.819967,7330.744213,-15619.72975,34437.36474
10.07,-0.000037,-0.00003,-0.738476,-0.002108,-0.019518,9.942964,7343.791798,-15370.88838,34665.29493
10.08,0.00012,-0.000132,-0.74228,0.059505,0.031369,9.824165,7716.639243,-15869.79343,34758.58222
10.09,-0.000056,0.00002,-0.745941,0.053922,-0.094082,9.849969,7623.20277,-15115.29645,34364.66447
10.1,0.000018,-0.000065,-0.749536,-0.028066,-0.113687,9.861932,7700.89576,-14985.86497,34845.4116
10.11,-0.000098,-0.000087,-0.753056,-0.037418,0.021705,9.771215,8022.842919,-15152.1821,34369.99001
10.12,-0.000052,-0.000131,-0.756327,-0.019539,0.079501,9.823965,7878.67062,-15540.52713,34473.46728
10.13,-0.000051,-0.000149,-0.759705,0.01956,-0.077134,9.852128,7763.422754,-15151.90812,34481.75512
10.14,-0.000105,0.000016,-0.763057,-0.031589,0.023335,9.757496,8224.936044,-14900.04389,34626.2152
10.15,-0.000018,-0.000014,-0.766277,0.018291,0.027264,9.735647,8324.902069,-14909.02248,34860.24398
10.16,-0.000036,0.000149,-0.769508,0.015882,-0.043671,9.869147,8318.071343,-14993.36905,34361.0523
10.17,-0.000034,0.000009,-0.772407,0.018432,0.002886,9.957766,8493.326811,-14679.97345,34892.9579
10.18,-0.000159,0.00016,-0.775265,0.041484,-0.018403,9.850908,8538.677649,-14601.81261,34505.29397
10.19,0.000142,0.000018,-0.778058,0.014414,0.067057,9.758552,8868.569904,-14931.76592,34636.13751
10.2,0.000002,0.000027,-0.780709,0.097221,-0.024557,9.789291,8942.683166,-14987.42535,34504.61235
10.21,-0.000001,-0.000016,-0.783458,-0.035627,-0.014317,9.902374,8740.581683,-14538.10294,34624.70783
10.22,0.000079,0.000043,-0.786136,0.009587,-0.052254,9.800486,9066.371068,-14363.33481,34603.17254
10.23,-0.000095,0,-0.788593,0.012809,0.047858,9.792153,9281.231375,-14464.01484,34686.17932
10.24,-0.000072,-0.000112,-0.790964,0.010155,0.145723,9.801478,9038.025105,-14206.39156,34426.13766
10.25,-0.000002,0.000058,-0.793257,0.00637,-0.058336,9.855132,9336.199747,-14229.57469,34605.8067
10.26,0.000142,-0.000035,-0.795208,-0.022244,0.091842,9.86782,9703.950065,-14279.5935,34609.8245
10.27,0.000048,0.000015,-0.797672,0.040585,-0.024143,9.791403,9398.100411,-14388.54619,34862.90018
10.28,-0.000286,-0.000042,-0.799667,-0.018164,0.004943,9.790895,9698.764082,-13902.03848,34564.04991
10.29,0.000128,-0.000149,-0.801483,-0.025877,0.005637,9.806915,9579.216674,-13789.60384,34707.85747
10.3,-0.000061,0.000035,-0.80375,-0.017936,0.045754,9.859713,10123.53639,-13574.2933,34515.49934
10.31,-0.000027,-0.000059,-0.805259,-0.026774,0.106657,9.826986,10090.49467,-13928.75629,34475.71592
10.32,-0.000031,-0.000128,-0.806939,0.061329,0.093568,9.73812,10032.35828,-13879.50329,34447.52373
10.33,0.000021,0.000023,-0.808547,0.025689,0.046084,9.867629,10310.70009,-13792.3975,34432.63112
10.34,0.000057,-0.000031,-0.810279,0.039929,0.050717,9.733884,10243.38149,-13831.12874,34394.29955
10.35,-0.00016,0.000089,-0.811535,-0.046345,0.029222,9.707527,10464.09961,-13398.38262,34746.17448
10.36,-0.000031,-0.000067,-0.812941,-0.026251,-0.008368,9.826817,10769.89645,-13418.11275,34468.14994
10.37,-0.000037,-0.000058,-0.814263,0.045466,0.012798,9.767232,10668.6628,-13316.05754,34318.74049
10.38,0.000149,-0.000009,-0.815424,-0.046552,0.021178,9.837185,10935.80408,-13212.22711,34503.88271
10.39,-0.000153,-0.000092,-0.816388,0.019519,0.007842,9.813759,10756.00829,-12875.63776,34857.0922
10.4,0.000027,-0.000048,-0.817436,-0.067995,-0.000447,9.845955,10835.74877,-12690.73737,34490.64463
10.41,-0.000066,-0.000125,-0.818227,-0.054893,0.022108,9.842734,11292.72331,-13269.66296,34568.53137
10.42,-0.000007,0.000187,-0.819217,0.116417,-0.002248,9.796049,11453.81968,-12860.93583,34755.69809
10.43,-0.000051,0.000048,-0.819893,-0.05884,-0.053112,9.728191,11404.1975,-12547.84794,34944.00207
10.44,-0.000161,-0.000111,-0.820494,-0.087635,0.035596,9.807918,11293.61455,-12632.48856,34366.59827
10.45,-0.000009,-0.000037,-0.820956,0.016057,-0.077804,9.708085,11191.06959,-12761.71896,34630.03661
10.46,0.000047,-0.000001,-0.821492,-0.086834,0.080969,9.864125,11838.37482,-12349.56946,34596.51181
10.47,-0.000062,0.000019,-0.821775,-0.065478,0.005943,9.816761,11743.19708,-12530.09389,34548.10743
10.48,-0.000034,0.000011,-0.822154,-0.047633,-0.030863,9.855565,11817.67593,-12705.91727,34748.06963
10.49,-0.000163,-0.000116,-0.822239,0.036377,0.045648,9.824707,11877.02379,-12461.58753,34653.44034
10.5,0,0.00011,-0.822391,0.007098,0.02607,9.801053,12144.16247,-11731.73233,34440.6098
10.51,0.000036,0.000087,-0.822309,0.085117,0.012588,9.835596,11997.71941,-11780.25749,34470.3634
10.52,-0.000093,-0.000045,-0.822295,-0.002703,-0.031518,9.806545,12488.67904,-11785.34219,34232.10715
10.53,-0.000125,0.000013,-0.822036,-0.014634,-0.03799,9.849292,12142.12009,-12028.1388,34797.1351
10.54,-0.000081,0.000143,-0.82188,0.100476,0.015943,9.804031,12604.45098,-11571.62348,34291.82164
10.55,-0.000057,-0.000049,-0.821556,-0.033711,-0.07079,9.839452,12617.37734,-12285.19702,34556.87803
10.56,-0.000003,-0.000027,-0.820899,0.030256,-0.03744,9.813406,12636.37819,-11259.58419,34642.67682
10.57,0.000014,0.000018,-0.820522,-0.040164,0.07214,9.815202,12543.60651,-11388.75376,34312.33264
10.58,-0.000163,-0.000036,-0.819946,0.023938,0.086477,9.699448,12754.99825,-11402.17839,35111.76376
10.59,0.000044,-0.000031,-0.819006,0.022461,0.015432,9.795355,12781.86316,-11268.97411,34557.93313
10.6,0.000025,0.000044,-0.818321,0.003364,0.063973,9.777356,13395.7738,-11261.87138,34789.10532
10.61,-0.000021,0.000028,-0.81736,-0.029503,0.087947,9.860496,13291.63046,-11122.21793,34462.37844
10.62,-0.000101,0.000014,-0.816222,0.02678,0.042767,9.814795,13578.22763,-11244.7799,34254.54986
10.63,-0.000047,-0.000051,-0.815432,-0.01153,-0.004151,9.826079,12865.87445,-10914.94853,34541.78026
10.64,-0.000166,0.000075,-0.814197,-0.019664,-0.075432,9.802626,13152.931,-10557.47589,34580.67756
10.65,-0.000013,0.000132,-0.812725,0.01719,-0.003269,9.843921,13581.79484,-10559.9905,34506.53772
10.66,-0.000117,0.000063,-0.811542,0.017819,0.050983,9.817114,13407.15109,-10181.87732,34565.28031
10.67,-0.000005,0.000013,-0.810162,-0.004976,0.031852,9.854498,13838.55754,-10470.59833,34557.65172
10.68,0.000099,0.000025,-0.808605,-0.018183,-0.038663,9.876835,13694.67251,-10403.57958,34442.043
10.69,0.00007,0.00005,-0.806981,-0.022228,0.02193,9.787968,13447.05532,-10257.02824,34966.57658
10.7,-0.000011,0.000125,-0.805274,0.014406,0.072075,9.893841,13884.65872,-10242.05786,34679.7058
10.71,-0.000047,-0.000103,-0.803558,-0.060722,-0.067432,9.646215,14175.33193,-9464.0375,34661.82093
10.72,-0.000131,-0.000019,-0.801627,0.032644,0.080187,9.823755,14215.3327,-9703.41097,34375.57349
10.73,-0.000218,-0.000027,-0.799626,-0.010856,0.044071,9.764941,14157.11787,-9678.707644,34290.25204
10.74,-0.000025,-0.000112,-0.797517,0.035844,0.069746,9.871694,14538.34693,-9557.74309,34353.23934
10.75,-0.0001,-0.000136,-0.795581,0.038269,-0.02134,9.794766,14183.03155,-9204.174157,34501.6523
10.76,-0.00004,0.000057,-0.793155,-0.041427,0.094753,9.872023,14192.17818,-9023.315047,34388.63605
10.77,-0.000021,-0.000133,-0.790998,0.00045,-0.000017,9.822489,14564.48826,-9160.006757,34430.98052
10.78,-0.000118,-0.000044,-0.788693,-0.02903,0.028784,9.835199,14690.63895,-8910.45489,34704.56313
10.79,-0.00003,0.000028,-0.786062,0.024552,0.005781,9.687543,14559.17894,-8973.555658,33894.75422
10.8,0.000001,-0.00011,-0.7836,-0.006305,-0.065901,9.728017,14556.85586,-8885.461288,34733.74541
10.81,-0.000095,0.000072,-0.780722,0.113162,-0.021307,9.801023,15171.1428,-8702.03617,35042.75522
10.82,-0.000079,0.000076,-0.778093,-0.012004,-0.038963,9.88959,14740.3522,-8372.853743,34786.86976
10.83,0.000093,0.000013,-0.775272,-0.08787,0.026186,9.781178,14469.5606,-8131.069648,34325.71486
10.84,0.00003,-0.000096,-0.772397,0.064935,0.04409,9.813851,14863.49029,-8547.397394,34410.81046
10.85,-0.000166,-0.000006,-0.769317,-0.071087,0.040984,9.857748,14713.93419,-8331.347827,34842.40656
10.86,-0.000046,-0.000064,-0.766101,0.034744,-0.012003,9.840789,14779.68869,-7927.286524,34638.82139
10.87,-0.000076,-0.000092,-0.762947,-0.035753,0.014411,9.827755,15231.28301,-7926.158647,34720.84172
10.88,0.000085,0.000001,-0.759953,-0.009193,-0.046443,9.798581,15289.73569,-8116.041486,34248.81237
10.89,-0.000092,0.000025,-0.756462,-0.041049,-0.056643,9.861071,15402.82661,-7690.106393,34877.07111
10.9,0.000096,-0.000148,-0.752984,-0.005532,-0.023385,9.783955,15271.15133,-7716.199967,34362.97449
10.91,-0.000094,0.000087,-0.749547,0.023216,-0.013981,9.774555,14928.41228,-7502.791766,34851.57805
10.92,0.00005,-0.000085,-0.746078,0.015174,0.008841,9.764887,15338.44581,-7287.401768,34713.33122
10.93,-0.000136,-0.000082,-0.742377,-0.051004,0.065794,9.79549,15103.65296,-7276.865621,34323.8524
10.94,0.000065,0.000088,-0.738516,0.061056,0.03116,9.805657,15516.61416,-7103.120996,34493.36713
10.95,-0.00013,-0.000039,-0.73477,-0.010074,0.081895,9.777485,15519.03409,-6886.530796,34959.90456
10.96,0.000087,-0.000001,-0.730757,-0.017488,-0.038909,9.801453,15385.32597,-7069.641158,34398.52042
10.97,-0.000074,-0.000204,-0.726877,-0.044512,0.007391,9.747244,15419.39075,-6780.269142,34424.89205
10.98,-0.000137,0.000004,-0.722731,0.027272,0.018249,9.81948,15909.46067,-6533.444353,34524.4662
10.99,-0.000109,-0.000063,-0.718454,-0.028056,0.064709,9.907808,15518.39443,-6639.342365,34540.02848
11,-0.000123,-0.000109,-0.714382,-0.004891,-0.036424,9.840612,15644.39961,-6289.805213,34515.67681
11.01,-0.0001,-0.000066,-0.71001,-0.008869,0.008575,9.840733,15606.14953,-6308.782156,34249.98085
11.02,0.000112,-0.000184,-0.705673,-0.065413,0.0372,9.757384,16085.90075,-6363.139099,34832.44782
11.03,-0.000036,-0.000036,-0.701226,-0.060029,-0.017631,9.880734,15928.52349,-6507.784437,34413.95444
11.04,-0.000069,0.000059,-0.696712,-0.029713,0.024289,9.762945,16011.13239,-6202.155901,34500.68201
11.05,-0.000051,-0.000029,-0.692047,0.032156,0.017099,9.865673,16097.01294,-6285.521615,34443.06915
11.06,-0.000054,0.000059,-0.687367,0.010168,0.001653,9.716588,15811.39594,-5876.720198,34674.26046
11.07,-0.000024,-0.000033,-0.682687,0.016867,0.04025,9.818542,16040.78584,-5976.548825,34433.4842
11.08,-0.000112,-0.00012,-0.677742,0.010261,0.028992,9.851527,16002.81228,-5589.514898,34640.99355
11.09,-0.000102,-0.000121,-0.672822,-0.042915,-0.002335,9.829876,16209.68303,-5423.017005,34351.42867
11.1,0.000006,-0.000182,-0.667707,0.013828,-0.045914,9.710944,15956.43072,-5749.851357,34695.9341
11.11,-0.000037,-0.000038,-0.662698,0.016977,0.036656,9.891147,16250.30162,-5534.116629,34670.1896
11.12,-0.000033,-0.000081,-0.657465,0.021983,-0.041667,9.830478,16162.75182,-5343.990519,34346.01667
11.13,-0.000133,-0.000037,-0.652375,-0.004492,-0.032303,9.737788,16313.9309,-5065.85734,34577.01745
11.14,-0.000133,-0.000038,-0.647137,-0.088668,-0.0333,9.787893,16265.37955,-5065.947257,34512.20266
11.15,0.00017,-0.000107,-0.641825,0.004101,0.001926,9.819719,16273.79267,-5444.029991,34436.18202
11.16,0.000018,-0.000022,-0.636505,0.095205,-0.002127,9.876028,16278.61403,-4767.241677,34451.14777
11.17,-0.000004,-0.000019,-0.630872,-0.037391,-0.034705,9.782529,16352.31849,-4801.769681,34356.14596
11.18,0.000059,0.00006,-0.625316,-0.087619,0.082622,9.820867,16105.11293,-4739.701962,34546.12868
11.19,-0.000012,-0.000125,-0.619735,0.036524,0.086168,9.830619,16500.59992,-4285.717999,34830.42738
11.2,-0.00002,-0.000064,-0.614019,0.081303,-0.115579,9.871145,16492.70942,-4370.256033,34444.30336
11.21,-0.000111,0.000105,-0.608077,0.015814,-0.026391,9.861855,16525.89674,-4498.638841,34440.0748
11.22,-0.000073,0.000006,-0.602456,0.002326,-0.033694,9.712291,16555.75242,-4081.026336,34406.89015
11.23,0.000071,0.000009,-0.596533,0.088871,-0.128266,9.811808,16467.72825,-3927.850358,34487.64294
11.24,-0.000059,-0.000018,-0.590665,0.079777,0.033175,9.777285,16646.80229,-3829.624766,34555.87836
11.25,0.00002,-0.000091,-0.584505,-0.012427,-0.029519,9.820557,16543.41015,-3660.254641,34466.59095
11.26,-0.000028,0.000067,-0.578463,-0.002971,-0.063072,9.735313,16700.7634,-3991.231727,34871.35897
11.27,0.00005,-0.000109,-0.572255,0.057247,-0.062517,9.751858,16565.38168,-3402.401012,34467.59773
11.28,-0.000059,-0.000012,-0.566086,0.115868,-0.04104,9.742352,16629.32918,-3888.99412,34312.44502
11.29,0.000042,-0.000205,-0.559785,-0.047906,0.038305,9.770547,16714.24705,-3358.880926,34404.45
11.3,-0.00017,0.000077,-0.553646,-0.006789,-0.114667,9.776727,16708.27831,-3267.490922,34520.97826
11.31,-0.000127,-0.000175,-0.54693,0.001652,0.002277,9.880201,16615.0498,-3323.232575,34512.41414
11.32,-0.000152,-0.000019,-0.540659,0.024935,-0.143973,9.726083,16685.60087,-3108.057509,34164.25415
11.33,-0.000197,-0.000058,-0.534035,-0.04472,-0.01527,9.809331,17082.92702,-3120.895886,34314.85034
11.34,-0.000056,0.000053,-0.527546,0.030571,-0.084711,9.695609,16879.43572,-3059.709931,34753.28057
11.35,-0.000039,-0.000062,-0.520848,0.038575,-0.050885,9.688978,16974.30229,-3010.437972,34655.60057
11.36,0.000126,0.000003,-0.514168,-0.048683,-0.023357,9.745761,17111.38555,-2609.478431,34635.69987
11.37,-0.000093,-0.000095,-0.507307,-0.059939,0.049185,9.750889,16853.29008,-2953.105717,34625.67844
11.38,-0.000137,-0.000108,-0.500638,0.013771,0.009297,9.788095,16988.75435,-2688.284024,34159.17754
11.39,-0.000077,0.000142,-0.493976,0.116356,-0.068945,9.9349,16796.50053,-2755.863469,34564.13216
11.4,-0.000008,0.000034,-0.486953,-0.049262,-0.014892,9.821147,16842.9208,-2578.725991,34502.83465
11.41,-0.000096,0.000009,-0.479745,0.053963,0.033556,9.788568,17043.99742,-2647.57141,34580.85496
11.42,-0.00012,-0.000166,-0.472782,-0.018787,0.057464,9.882828,16750.92002,-2272.326806,34608.98939
11.43,0.000094,-0.000058,-0.465987,-0.027903,0.060023,9.834605,16952.45512,-2149.011603,34656.862
11.44,0.000087,-0.000046,-0.458573,0.011681,-0.056093,9.743431,17156.68985,-2503.522859,34553.94743
11.45,-0.000043,-0.000061,-0.451537,0.020623,-0.139732,9.781621,16802.84391,-1902.000475,34640.87619
11.46,0.000089,0.000096,-0.44446,0.020408,-0.08426,9.888064,16895.2261,-1913.279045,34521.71997
11.47,-0.000121,0.000126,-0.437034,0.082252,-0.053871,9.801082,16986.92703,-2065.378512,34759.564
11.48,-0.000158,-0.000028,-0.429691,-0.007047,-0.027914,9.782292,16979.72067,-1689.495132,34398.97511
11.49,-0.000048,-0.000071,-0.422342,0.023496,0.082637,9.811079,16998.24394,-2042.482939,34715.20598
11.5,-0.000079,0,-0.414972,0.00477,0.006181,9.772477,16959.25783,-1992.389052,34699.40378
11.51,-0.000065,-0.000041,-0.407329,0.030802,-0.025161,9.757818,17161.8447,-1731.195678,34422.20069
11.52,-0.000007,-0.000038,-0.399892,0.03222,-0.09361,9.781798,17056.40371,-1351.53748,34374.34318
11.53,-0.000004,0.000066,-0.392347,-0.020062,-0.007059,9.730134,16683.55177,-1600.489334,34291.67786
11.54,0.000117,0.000089,-0.384805,-0.047698,-0.007604,9.837208,16696.53024,-1477.296131,34631.66615
11.55,-0.000076,0.000048,-0.377123,-0.006009,-0.010655,9.765369,17173.85551,-1392.045013,34672.1361
11.56,-0.000048,-0.000158,-0.369654,0.000749,-0.13937,9.839373,17040.9917,-1112.362162,34488.44919
11.57,-0.000009,0.000039,-0.36171,0.047942,-0.001138,9.758722,16903.27496,-1046.116335,34678.32536
11.58,-0.000152,0.000062,-0.354072,0.066289,-0.03404,9.874265,17020.09444,-1247.691502,34448.11581
11.59,-0.000006,0.000008,-0.346303,-0.013685,-0.038151,9.796561,16882.64616,-1555.213486,34219.18838
11.6,-0.000091,-0.00021,-0.338482,-0.034268,-0.008513,9.832026,17132.03088,-1244.707651,34410.55169
11.61,-0.000197,0.000009,-0.330528,-0.013026,-0.022926,9.806296,16942.0782,-988.480785,34820.51274
11.62,0.00004,0.000002,-0.322685,0.01934,0.000012,9.83433,17040.83389,-1228.646416,34442.48849
11.63,-0.000009,-0.000063,-0.314636,0.028828,0.014284,9.842947,17001.95294,-869.214482,34572.22902
11.64,-0.000012,-0.000115,-0.306715,0.000651,0.056531,9.827512,17196.32907,-1193.798579,34613.37095
11.65,-0.000035,-0.000056,-0.298629,0.041561,-0.009593,9.737082,17386.71937,-812.898323,34493.94336
11.66,0.00011,-0.000061,-0.290697,-0.022108,0.001986,9.825695,17122.99072,-655.341155,34612.57021
11.67,-0.000236,-0.00004,-0.282632,-0.001702,0.072839,9.743185,17263.78803,-1087.473323,34608.60669
11.68,-0.000228,-0.000004,-0.274439,-0.087415,-0.00895,9.77381,17114.76666,-669.747646,34547.94014
11.69,-0.000104,-0.000061,-0.266441,0.001558,0.032561,9.94133,17045.74223,-631.416278,34320.464
11.7,0.000027,-0.000161,-0.258221,-0.064843,-0.052871,9.804662,16964.79616,-703.483789,34618.12047
11.71,0.000131,-0.000024,-0.249962,-0.07272,-0.037416,9.87078,17062.08468,-748.345231,34720.87678
11.72,-0.000052,-0.000131,-0.241787,-0.002895,-0.00132,9.861984,17124.68786,-551.350006,34639.85328
11.73,-0.000004,-0.000118,-0.233509,-0.084204,0.006045,9.805074,17105.322,-298.311364,34524.70519
11.74,0.000069,0.000065,-0.225406,0.01324,-0.048956,9.786272,16886.92207,-416.507072,34651.40555
11.75,-0.000125,-0.00017,-0.216879,-0.004978,0.036162,9.771764,17230.9538,-344.114226,34533.3752
11.76,0.000014,0.000033,-0.20873,0.030233,-0.104331,9.828317,17369.79841,-533.176562,34427.92522
11.77,-0.000141,-0.000022,-0.200302,0.038085,-0.044582,9.793097,17208.86692,-515.305686,34777.91429
11.78,-0.000114,-0.000016,-0.19189,-0.000122,0.014212,9.866287,16913.53457,-315.894056,34587.84979
11.79,-0.00002,-0.000119,-0.183746,0.009341,-0.011042,9.797841,16991.55092,-657.630554,34605.54255
11.8,-0.000062,-0.000014,-0.175179,0.013337,0.038177,9.819968,17132.02374,-294.020058,34461.83688
11.81,-0.000077,-0.000089,-0.166669,-0.026792,-0.016445,9.768855,16838.77269,-387.991884,34214.7159
11.82,-0.000044,-0.000018,-0.158373,-0.042488,-0.02377,9.779402,17404.30215,-300.92973,34783.14387
11.83,-0.000094,-0.000014,-0.149916,0.03744,-0.058108,9.810917,17057.36025,72.36711,34442.55936
11.84,-0.000149,-0.000057,-0.141247,-0.05716,0.038654,9.82221,16948.70197,-334.833764,34571.18643
11.85,-0.000023,0.000099,-0.132871,0.06151,0.026603,9.757612,16915.84968,-428.898638,34834.78023
11.86,-0.000067,-0.00015,-0.124403,0.001867,-0.030532,9.78208,17333.50698,-266.010078,34724.3342
11.87,0.000086,0,-0.115768,-0.049664,-0.014922,9.811927,16646.68676,-80.669597,34928.43474
11.88,0.000022,-0.00003,-0.107317,0.010336,0.120558,9.799583,17457.41052,42.753371,34769.33765
11.89,-0.000029,0.00003,-0.098715,0.00426,-0.004363,9.795164,17133.49187,201.72677,34486.80827
11.9,0.000003,-0.000015,-0.090266,-0.014558,0.002749,9.797931,16644.66678,139.592033,34582.91474
11.91,-0.000062,-0.000111,-0.081546,0.035587,0.020768,9.764876,17094.49902,65.191916,34685.89247
11.92,-0.000223,-0.000048,-0.07285,0.000203,0.014978,9.794281,16836.91733,-15.54098,34429.4592
11.93,-0.000069,-0.000128,-0.064478,-0.011029,-0.004466,9.837022,17035.54853,186.128116,34545.15677
11.94,0.000073,-0.000043,-0.055833,0.008642,-0.025914,9.805244,16975.35266,2.36042,34533.19926
11.95,-0.000031,-0.000061,-0.047016,0.059641,-0.045873,9.839127,17101.16685,149.612108,34563.07558
11.96,-0.000033,-0.000076,-0.038732,-0.011741,0.178792,9.837835,17012.30022,-43.608362,34366.18688
11.97,-0.000006,0.000007,-0.030017,0.002711,-0.005068,9.734527,17356.58601,121.16239,34210.33238
11.98,-0.000027,-0.000154,-0.02143,-0.024463,0.096606,9.82488,17067.54422,238.53551,34254.42991
11.99,-0.000066,-0.000054,-0.012994,-0.013646,-0.000249,9.80976,17018.17852,342.991275,34634.16221
12,-0.000089,-0.000092,-0.004256,-0.045406,0.005313,9.832048,17237.08843,-175.509255,34854.74073
12.01,0.00414,-0.000024,0.000064,-0.070613,-0.010832,9.67662,17194.88668,269.00884,34379.25269
12.02,0.012782,-0.000083,-0.000021,-0.080535,0.041857,9.866451,16987.98269,-160.30215,34630.44624
12.03,0.021569,-0.000249,0.000024,0.089203,-0.057817,9.803589,16911.05933,36.786929,34844.15747
12.04,0.029954,-0.000066,0.000128,-0.015831,0.057957,9.823114,17247.74779,-85.270646,34656.83347
12.05,0.038649,-0.000017,-0.00002,0.004176,0.039598,9.785973,16909.75704,196.569488,34340.98981
12.06,0.047474,0.000051,0.000152,0.046777,-0.000707,9.860313,17227.36313,250.200111,34314.84426
12.07,0.055785,-0.000125,0.000148,0.00914,0.032059,9.753447,17272.08749,336.290142,34857.56572
12.08,0.064473,-0.000051,0.000083,-0.073225,-0.047539,9.831096,17365.52432,238.75613,34699.82269
12.09,0.072963,0.000039,0.000055,-0.102163,0.099618,9.792178,16981.0553,496.718928,34592.20698
12.1,0.081689,-0.000087,0.000098,-0.063779,0.058989,9.748493,17291.57475,291.298379,34578.98053
12.11,0.090151,0.000055,0.000152,0.002143,0.038593,9.86465,16896.2027,325.307147,34604.27249
12.12,0.098848,0.000016,0.000109,0.043108,0.105676,9.785506,16927.11835,531.999195,34646.87103
12.13,0.107077,0.000044,0.00003,0.059704,0.06815,9.812977,17023.7222,178.326053,34826.6877
12.14,0.115855,-0.000053,-0.000068,0.021303,0.095881,9.743729,17032.9282,247.080151,34212.7132
12.15,0.12432,0.000029,0.000177,0.030954,0.01955,9.829522,17063.13642,245.336592,34752.38024
12.16,0.132819,-0.000108,0.00018,-0.003104,0.111667,9.755047,17361.47173,611.376643,34288.58517
12.17,0.141289,0.000152,0.000058,0.047636,0.114843,9.847193,17169.00352,729.548715,34532.21998
12.18,0.149765,0.000057,0.000201,-0.03458,0.10255,9.809945,17075.43085,498.076994,34303.34518
12.19,0.158178,0.000107,0.000029,0.049058,0.08943,9.778904,17035.90049,530.122322,34616.96896
12.2,0.166875,-0.000062,-0.000084,-0.023744,0.15564,9.784435,17127.10612,625.991604,34500.71155
12.21,0.175214,0.000052,0.000237,0.051334,0.219368,9.806961,17476.62596,924.342623,34719.43888
12.22,0.183726,0.000032,0.000033,0.040295,0.252663,9.776189,17157.55263,1025.771419,34424.48976
12.23,0.191915,-0.000054,-0.000019,-0.034368,0.255463,9.90607,17264.64522,958.387176,34552.57174
12.24,0.200301,-0.000251,0.000069,-0.112499,0.212608,9.841855,16786.12395,596.012468,34815.02864
12.25,0.208665,0.000195,0.00012,-0.038081,0.303956,9.814849,16902.82294,1090.025567,34537.17374
12.26,0.216944,0.000021,-0.000053,-0.059387,0.261878,9.82127,17033.35357,1091.611238,34816.69567
12.27,0.225229,-0.000192,0.000179,-0.042381,0.33399,9.817684,17259.15303,1351.358117,34371.41737
12.28,0.233604,-0.000131,0.000048,-0.01427,0.347511,9.784992,17002.10801,1415.015071,34563.34451
12.29,0.241881,0.000015,0.000087,0.010645,0.305171,9.868591,17054.29702,991.728817,34474.73694
12.3,0.249942,-0.000084,0.000062,-0.012389,0.432377,9.90241,17012.93197,1456.552275,34534.63201
12.31,0.258288,-0.000101,-0.000044,0.075393,0.401611,9.806875,16779.6663,1076.285108,34753.944
12.32,0.26647,-0.00011,0.000148,-0.001822,0.443375,9.758961,16846.61913,1248.994843,34295.05626
12.33,0.274526,0.000048,0.000206,-0.086026,0.470769,9.799352,16993.38428,1687.38001,34527.13214
12.34,0.282668,0.000039,-0.000026,0.073381,0.569398,9.730589,16977.68087,1633.176553,34374.91184
12.35,0.29062,0.000028,0.000188,-0.044023,0.54856,9.85053,17049.75529,1688.789262,34540.8093
12.36,0.298843,0.000173,0.000081,0.006291,0.543747,9.704768,16901.03485,1844.213884,34562.06937
12.37,0.306747,0.000059,0.000055,0.109415,0.537622,9.817997,16921.72815,1933.955652,34605.31818
12.38,0.314698,-0.00012,0.00014,0.016639,0.559009,9.830077,17049.97867,2072.42088,34459.75882
12.39,0.32255,0.000016,-0.00007,0.069972,0.631079,9.794177,17113.95098,1744.217462,34543.68882
12.4,0.330643,-0.000118,0.000127,0.031754,0.712587,9.826413,17050.98653,2697.628324,34193.9992
12.41,0.338277,-0.000067,0.000156,-0.042126,0.65426,9.756451,17323.68489,2439.360325,34405.97602
12.42,0.346177,-0.000023,0.000012,-0.128412,0.669565,9.771039,17109.65086,2580.389763,34217.65285
12.43,0.353838,-0.000002,0.000091,-0.031553,0.727124,9.819854,17153.90609,2808.009807,34246.65676
12.44,0.361697,0.000021,-0.000016,0.016309,0.841936,9.766764,17219.24978,2853.99887,34552.71006
12.45,0.369421,-0.000028,-0.000006,-0.019627,0.79747,9.783496,17182.4192,2975.605158,34762.85396
12.46,0.377383,-0.000164,0.000118,-0.086078,0.833989,9.79655,17082.26066,2809.146056,34566.89562
12.47,0.384902,-0.000201,-0.000098,0.04083,0.910136,9.710069,16773.96507,3227.413039,34345.84402
12.48,0.392455,-0.000071,0.000087,0.027451,0.91636,9.755458,16660.4426,3032.63702,34789.16522
12.49,0.400053,-0.000061,-0.000039,-0.046011,1.077423,9.828738,16932.04677,3049.791846,34174.17615
12.5,0.407219,-0.000011,-0.000027,-0.040146,0.97455,9.75087,16987.03854,3781.42593,34039.6423
12.51,0.414943,-0.000008,-0.000067,0.030088,1.130511,9.746217,17060.75894,3744.310322,34278.84922
12.52,0.422479,0.000066,0.000128,-0.059028,1.125937,9.757031,17263.14274,3857.525675,33913.90625
12.53,0.429593,-0.000064,0.000006,-0.075791,1.141243,9.725267,17040.13924,3904.266884,34241.53713
12.54,0.43698,-0.000127,0.000092,-0.046638,1.206874,9.784621,17147.1378,3749.566712,34269.19328
12.55,0.444308,0.000003,0.000009,0.048388,1.196899,9.70089,17097.6266,4129.354985,33882.24655
12.56,0.451624,-0.000012,-0.000185,0.033125,1.267511,9.706506,17305.57055,4667.213568,33940.17694
12.57,0.458629,-0.000034,0.000138,0.105294,1.20556,9.685997,16927.47419,4503.741757,34162.6575
12.58,0.465782,-0.000051,-0.000004,-0.03992,1.370698,9.792445,16833.34972,4936.673066,34222.31025
12.59,0.472939,-0.000068,0.000001,-0.006817,1.405512,9.711851,17239.4645,4974.78186,34478.41093
12.6,0.479837,0.00002,0.000007,-0.014475,1.483744,9.818731,16868.1791,5290.342978,34276.26026
12.61,0.486723,0.000026,-0.000008,-0.032811,1.503038,9.686622,17058.51567,5399.119734,34069.66497
12.62,0.493815,0.000004,0.000159,-0.100357,1.589526,9.679524,16812.67262,5448.378877,34269.87196
12.63,0.500735,-0.000079,0.000039,-0.093631,1.596233,9.682423,16648.04221,5970.122286,33807.20154
12.64,0.507337,0.000118,0.000092,-0.042661,1.710112,9.637866,17204.8873,5604.054812,34173.02707
12.65,0.514321,-0.000057,-0.000125,-0.071253,1.746163,9.651078,16925.70869,6050.053108,34035.69299
12.66,0.521026,-0.000021,0.000065,0.006663,1.68117,9.582575,17085.3039,6267.781378,33965.89534
12.67,0.527534,0.000028,0.0001,-0.048291,1.80162,9.632627,17013.07725,6607.004132,33873.84486
12.68,0.533968,0.000066,0.000007,0.065848,1.933902,9.635623,17063.17994,6655.991015,33766.64081
12.69,0.540586,0.000122,0.000134,-0.004581,2.003104,9.621924,17001.91378,6749.138659,33890.70914
12.7,0.547058,-0.000191,0.000068,0.048269,1.941852,9.603645,17048.48027,6829.912086,33893.26994
12.71,0.553535,-0.000036,-0.000055,-0.013237,1.985147,9.615362,17191.60558,6836.766328,33653.19256
12.72,0.559759,-0.000138,0.000072,-0.039451,2.066707,9.605725,17057.37002,7328.467926,33912.40791
12.73,0.566178,0.000061,-0.00001,0.100675,2.035265,9.577743,17160.30245,7390.443378,33534.13519
12.74,0.572343,0.00002,0.000009,0.031312,2.164433,9.60339,17140.44284,7541.800167,33488.0421
12.75,0.578463,0.000157,0.000072,0.025304,2.259516,9.529047,17228.56086,7744.010482,33553.81388
12.76,0.584643,-0.000067,0.000057,-0.010279,2.281173,9.488632,17109.67886,7627.649751,34076.19627
12.77,0.590443,-0.000031,0.000158,0.008612,2.297848,9.477674,17340.93786,8630.828353,33518.01271
12.78,0.596737,0.000076,0.000114,-0.066209,2.457588,9.481017,17095.41505,8646.657531,33509.01894
12.79,0.602454,-0.000081,0.00004,-0.042307,2.50013,9.473307,17133.62667,8583.860744,33270.34938
12.8,0.608333,-0.000097,0.000135,0.015934,2.511451,9.495305,17314.51875,8978.98552,33410.77431
12.81,0.613956,-0.000184,-0.000035,0.00901,2.474933,9.532493,16964.62478,9501.030795,33259.03387
12.82,0.619592,-0.000148,0.000152,0.047795,2.567202,9.48875,16696.15464,9373.432208,32836.3563
12.83,0.625348,-0.00001,0.000155,-0.01086,2.701246,9.490786,17319.63454,9375.399174,33211.99413
12.84,0.631035,-0.000073,0.00017,0.047367,2.801735,9.508101,17079.56629,9644.231254,32894.115
12.85,0.636448,-0.000028,0.000092,0.051875,2.786377,9.333729,17170.02927,9960.899566,32933.36675
12.86,0.64171,-0.000097,0.000044,0.039839,2.793782,9.359712,17214.1933,10244.00385,32844.44409
12.87,0.647238,-0.000061,0.000043,-0.017193,2.90241,9.422139,17076.37854,10024.77992,32452.46673
12.88,0.652548,0.000095,0.000121,0.015259,2.986215,9.380928,17237.68262,10549.7297,33123.56391
12.89,0.657781,-0.000064,0.000027,-0.019535,3.11546,9.415712,17112.88796,10828.87739,32898.32331
12.9,0.662834,-0.000055,0.000009,-0.006219,3.112144,9.352745,17186.99328,11108.0333,32541.14127
12.91,0.668012,-0.000046,-0.000031,-0.093354,3.122294,9.22795,17159.67904,10805.54809,32732.14607
12.92,0.6729,0.000132,0.000061,-0.076996,3.244134,9.269279,17488.5434,11819.33975,32893.56387
12.93,0.67788,-0.000067,0.000011,-0.001408,3.305627,9.27652,16954.23023,11770.83591,32356.60699
12.94,0.682554,-0.000041,0.000214,0.050994,3.429068,9.20338,17268.55914,11835.01607,32330.30586
12.95,0.687279,0.000114,-0.000034,0.000757,3.503225,9.206319,17151.62272,12296.5376,32082.03975
12.96,0.69205,0.000044,0.000109,0.062682,3.474041,9.160639,17029.69935,12360.94418,32329.58283
12.97,0.69671,-0.000173,0.000085,-0.03062,3.559359,9.158462,16928.34016,12528.89398,32060.97751
12.98,0.701135,0.000195,0.000035,-0.021429,3.717695,9.042328,17254.8548,12837.06382,32406.05583
12.99,0.705702,-0.000129,0.000012,0.041056,3.636834,9.101289,16950.89797,12850.08618,32060.08082
13,0.709958,0.000057,0.000031,-0.03678,3.756447,9.064173,17305.50472,13271.95999,31869.09113
13.01,0.714426,-0.000088,0.00001,-0.038182,3.759603,8.999779,16759.09412,13379.53039,31875.91061
13.02,0.718717,-0.000113,-0.000104,0.000814,3.921025,9.082438,17295.18882,13409.58303,31831.32123
13.03,0.722789,-0.000128,0.000015,-0.082053,3.969108,8.955335,17150.62916,14322.69659,31853.38915
13.04,0.726903,-0.0001,0.00013,0.000342,4.027715,8.986418,16788.00604,14032.12815,31487.57028
13.05,0.730755,0.000101,0.000169,0.019063,4.076692,8.993379,16953.09351,14270.17026,31156.98313
13.06,0.734683,-0.000047,-0.000019,0.013116,4.142994,8.943021,16995.79683,14431.61209,31262.83879
13.07,0.738571,0.000072,-0.000073,-0.054545,4.164091,8.927131,16983.65021,14860.83716,31216.58894
13.08,0.742382,-0.000144,-0.000021,-0.009721,4.189583,8.864443,17081.89455,15018.9748,30839.2512
13.09,0.745813,0.000155,0.000059,0.056893,4.303218,8.732273,17040.31124,15528.32779,30976.30194
13.1,0.749576,-0.000088,0.000147,-0.002879,4.422728,8.733102,17088.33709,15611.96363,30875.21482
13.11,0.752874,-0.000026,0.000246,-0.043894,4.496406,8.753178,16964.07419,15696.4144,30566.13727
13.12,0.756445,-0.000027,0.000112,-0.075815,4.484416,8.67843,16882.68582,15981.40151,30534.07182
13.13,0.759745,-0.000027,0.000137,-0.030434,4.613352,8.683298,16870.04011,16249.36716,30618.66408
13.14,0.763087,0.000004,0.000023,0.087222,4.686178,8.667247,17048.65587,16340.99325,30733.21468
13.15,0.766268,-0.000024,0.000181,-0.074555,4.702259,8.637553,17104.69856,16582.14522,30434.95809
13.16,0.76939,-0.00005,-0.00016,-0.069677,4.864328,8.576711,17367.30961,16668.93112,29910.84542
13.17,0.772392,0.000037,-0.000026,0.005519,4.861109,8.458241,17023.96288,17268.08913,29770.42097
13.18,0.775072,-0.000128,0.000134,-0.052017,4.907554,8.454943,17323.11096,17424.01729,30187.82317
13.19,0.777986,-0.000069,0.000073,0.057297,4.950077,8.407012,17101.43614,17705.39771,29887.30729
13.2,0.780933,-0.00003,0.000045,-0.083352,5.071763,8.39715,17000.14598,17621.98061,29527.95934
13.21,0.78344,0.000114,0.000147,0.050765,5.220451,8.382709,16779.63991,17823.388,29426.92177
13.22,0.786055,-0.000151,-0.000015,-0.041501,5.205847,8.330149,17153.13628,18473.36292,29561.78351
13.23,0.788603,-0.000092,0.000131,-0.003825,5.209453,8.29177,16945.76148,18265.63559,29429.74092
13.24,0.790987,-0.000003,0.000111,-0.058333,5.321878,8.219247,17104.34998,18784.74693,28733.03759
13.25,0.793315,-0.000103,0.000025,-0.123333,5.419821,8.291733,16869.44726,19130.19177,28724.29653
13.26,0.795705,-0.000134,0.000012,-0.018368,5.426744,8.191851,17314.92224,19029.10449,28960.98666
13.27,0.797736,-0.000043,-0.000017,-0.063077,5.521795,8.115512,16831.34905,19157.07819,28496.50467
13.28,0.799582,0.000018,0.000143,-0.02764,5.582024,8.019609,16949.32445,19532.48576,28499.73506
13.29,0.801786,-0.000024,0.000145,-0.028476,5.681341,7.973331,17225.28185,19673.11135,28397.33643
13.3,0.803452,-0.000014,-0.000005,-0.02814,5.681182,7.993013,17344.74564,20373.33667,28051.71181
13.31,0.805348,0.000037,0.000147,-0.018793,5.737875,7.938324,16994.41207,20352.52671,27975.3138
13.32,0.806949,0.000082,0.000012,-0.096101,5.751985,7.889418,16915.08051,20295.25916,27785.87721
13.33,0.80856,-0.000044,-0.000074,0.086917,5.882234,7.844237,17135.22323,20822.45307,27336.60501
13.34,0.810175,-0.000003,0.000036,-0.066757,5.974465,7.789422,16754.98386,20953.62055,27484.25389
13.35,0.811658,-0.000056,0.000054,0.026055,5.996501,7.822902,17260.62083,21151.5693,26951.2025
13.36,0.812833,-0.000025,-0.000021,-0.046407,6.166148,7.631323,16861.01968,21363.49942,27186.15077
13.37,0.814177,-0.000037,0.00007,0.036355,6.220169,7.735044,16740.73578,21572.62447,26743.66887
13.38,0.815242,-0.000165,0.000027,-0.006446,6.140844,7.621907,17061.00589,21845.50329,26521.2583
13.39,0.816506,0.000003,0.000132,-0.034484,6.229747,7.503149,17239.5713,22357.29067,26704.79277
13.4,0.817568,0.000015,0.000052,-0.043895,6.378159,7.488345,17176.05912,22494.93602,26442.96249
13.41,0.818265,-0.000111,0.000013,0.031601,6.443812,7.408996,17106.14668,22240.54508,26202.03442
13.42,0.819189,-0.000009,0.000054,0.032637,6.521263,7.462647,17176.966,22672.2315,26155.11706
13.43,0.819873,0.000026,0.000072,0.007358,6.51173,7.277416,17087.76099,22771.72524,25995.66973
13.44,0.820543,-0.000002,0.000006,-0.019252,6.584476,7.279676,16918.56946,23272.83707,25396.94416
13.45,0.820968,0.000014,0.00009,-0.064256,6.624387,7.203964,16842.24679,23499.39413,25291.03213
13.46,0.821489,-0.000065,0.000252,-0.028593,6.673646,7.175136,16998.12846,23546.47338,25271.87171
13.47,0.821803,-0.000048,0.000077,-0.046645,6.783536,7.052366,17382.16483,23760.18476,25068.14082
13.48,0.822039,-0.000018,0.000211,0.009707,6.766767,7.103385,17020.981,24347.18273,24868.63818
13.49,0.822402,0.000026,0.000105,0.034577,6.940667,6.951499,16927.50317,24126.30829,24947.6208
13.5,0.82242,0.000055,0.00004,-0.062903,6.871938,6.923773,17105.6869,24807.44186,24263.33878
13.51,0.822373,-0.00002,0.000133,0.049862,7.024742,6.909042,17230.11078,24592.6933,24241.27144
13.52,0.822349,0.00003,-0.000123,-0.058836,7.098894,6.854113,17125.843,25001.86101,24001.33437
13.53,0.822244,0.000176,0.00017,-0.026357,6.98263,6.723529,17168.58632,24913.11301,23735.05332
13.54,0.821841,-0.000103,0.000078,-0.006771,7.23344,6.712865,17196.98729,25387.34364,23639.66278
13.55,0.821422,0.000035,0.000008,-0.003557,7.288898,6.717369,17421.13062,25274.37865,23168.87827
13.56,0.821142,0.00009,-0.000124,0.017484,7.297351,6.643587,17298.38761,25699.26049,23083.98823
13.57,0.820542,-0.00009,-0.000069,-0.034631,7.340897,6.504156,17386.30142,25780.40128,23473.17203
13.58,0.819832,-0.000048,0.000144,-0.046333,7.398599,6.516608,16778.56162,25864.64416,22927.29542
13.59,0.819033,0.000063,0.00023,0.088531,7.464577,6.457654,17345.55209,26486.81809,22483.12452
13.6,0.818407,0.000019,0.000052,-0.008768,7.40845,6.312365,17103.3126,26464.91865,22533.19871
13.61,0.817352,0.000018,0.000087,0.018798,7.503465,6.37255,17018.10022,26531.76105,21837.46957
13.62,0.816529,0.000195,0.000117,0.057859,7.573367,6.302271,17308.47239,26556.81973,22037.63807
13.63,0.815422,0.000108,-0.000064,0.030848,7.711569,6.149206,17151.08585,26976.53158,21655.6627
13.64,0.814117,-0.000061,-0.000004,0.037425,7.67229,6.096085,17231.96335,27209.34867,21307.11417
13.65,0.813019,-0.000056,0.000205,0.054839,7.823814,6.038842,17087.35913,27300.89512,21089.25699
13.66,0.811744,0.000039,0.00002,0.014353,7.739364,5.959858,17161.05173,27646.22161,21288.37012
13.67,0.810228,0.000042,-0.000039,0.02386,7.769881,5.886069,17045.23799,27015.93178,20973.30568
13.68,0.80868,0.000033,0.000073,-0.053054,7.88657,5.8858,17247.62475,27755.06678,20625.95514
13.69,0.807173,0.000077,-0.000018,0.016451,7.910661,5.731335,16996.14393,27768.79413,20522.15255
13.7,0.805344,-0.000102,0.000104,-0.076796,7.97117,5.788057,17349.67191,28134.53864,19966.31082
13.71,0.803467,0.000052,0.000087,-0.012481,8.012808,5.630086,16798.08643,28386.8977,20054.09763
13.72,0.801748,-0.000041,-0.000073,-0.053527,8.111913,5.620715,17349.51002,28362.37215,19595.26669
13.73,0.799851,-0.000044,0.000174,-0.070155,8.046242,5.586381,16985.07336,28772.95271,19830.39462
13.74,0.79768,0.00003,0.000213,-0.041708,8.147088,5.408264,16939.43587,28645.99312,19187.33038
13.75,0.79553,0.000094,-0.000076,0.015673,8.154943,5.363614,17239.12041,28738.22615,19193.08168
13.76,0.793348,-0.00005,0.000042,-0.052796,8.325668,5.451437,17204.20676,29077.18816,18972.09041
13.77,0.790956,0.000002,0.000198,0.01099,8.308879,5.289276,16931.38861,29034.11783,18841.71426
13.78,0.788391,-0.000025,-0.000009,0.000679,8.313901,5.179379,17087.55544,29194.36768,18272.63699
13.79,0.786165,-0.000066,0.000093,0.03801,8.300112,5.091106,16911.05543,29632.0626,17950.49563
13.8,0.783453,0.00003,0.000142,0.034162,8.331523,5.142866,17270.95165,29762.76499,17849.7091
13.81,0.780791,-0.000024,-0.00007,-0.012672,8.446983,5.063312,17477.45467,29765.1238,17717.99313
13.82,0.778106,0.000046,0.000005,-0.00181,8.482962,4.905759,17277.84867,29750.7291,17174.47886
13.83,0.775344,-0.00021,-0.000108,0.025111,8.547872,4.825891,17176.10918,29868.80061,16941.00314
13.84,0.772208,-0.000071,0.000055,0.03193,8.598612,4.824739,16916.6051,30316.66662,17304.40687
13.85,0.76932,-0.000035,0.000117,-0.035511,8.633431,4.801779,17114.07749,30269.6511,16777.62917
13.86,0.766199,-0.000139,-0.000055,-0.022967,8.537129,4.636495,17257.3619,30417.20448,16378.33145
13.87,0.763254,-0.000234,0.000038,0.00136,8.722515,4.661702,17256.00969,30444.48159,16101.76074
13.88,0.759943,0.000013,-0.000019,0.033389,8.664076,4.574964,16959.36742,30533.27646,15966.55875
13.89,0.756478,0.000047,0.000159,0.000117,8.679841,4.386642,17087.48121,30881.99056,15682.49405
13.9,0.752979,0.000038,0.000076,0.04851,8.684267,4.466697,17094.09671,30810.68575,15553.22718
13.91,0.749651,0.000093,0.000024,0.10874,8.796837,4.300381,17328.72791,30925.30652,14999.07297
13.92,0.745843,0.000006,0.000209,-0.030191,8.794724,4.293479,17277.46334,31206.06174,15172.11584
13.93,0.742362,-0.000009,0.000263,0.048582,8.822478,4.193504,16662.77595,31019.39375,14915.19176
13.94,0.738463,0.00005,0.000004,-0.030733,8.944712,4.190956,17068.9967,31282.0837,14818.71412
13.95,0.734728,-0.000021,0.000186,-0.040342,8.905085,4.086467,16891.93964,31343.14239,14431.80482
13.96,0.730732,-0.000075,-0.000085,-0.0856,8.923514,4.019857,16934.91529,31404.46017,14112.49008
13.97,0.726866,-0.000069,0.00009,-0.066861,8.988509,3.950273,16967.83701,31598.96921,14128.63647
13.98,0.72266,-0.00006,0.000144,-0.026277,9.056345,3.83798,16855.59625,31623.61698,13570.6222
13.99,0.718589,0.000026,0.0001,0.020785,9.02202,3.87087,17035.44476,31927.12787,13778.32943
14,0.714346,-0.000165,0.00014,-0.037225,9.090121,3.783176,17357.34505,32437.68228,12938.73126
14.01,0.710085,0.000057,-0.000122,0.055,9.165151,3.616097,16964.00743,32510.83708,13052.7598
14.02,0.705542,-0.000216,-0.000023,-0.003163,9.061566,3.671775,17159.94147,32097.77885,12712.77362
14.03,0.701315,0.000021,0.000051,0.065975,9.124295,3.572501,17384.096,32245.43469,12458.94027
14.04,0.696697,0.000038,0.000027,0.063412,9.173076,3.490819,17128.66802,32308.47435,12464.65714
14.05,0.692105,-0.000016,-0.000137,-0.07868,9.153089,3.481639,17217.7985,32459.76741,12097.47493
14.06,0.687346,0.00009,0.000019,-0.069884,9.224506,3.380868,17171.96615,32461.5143,11693.22117
14.07,0.682601,-0.000082,0.000011,-0.000224,9.271731,3.271382,17131.21781,32277.10622,11689.0913
14.08,0.677871,-0.000052,-0.000036,0.067116,9.234563,3.293645,16965.85435,32946.06542,11571.74345
14.09,0.672586,-0.000079,-0.000118,-0.027659,9.289829,3.166436,17050.00159,32643.74731,11421.07204
14.1,0.667709,0.000041,0.000115,0.081309,9.248166,3.089891,16936.90139,33074.60047,11293.95651
14.11,0.662638,0.000046,0.000094,0.070736,9.357742,3.056871,17245.80405,32786.9601,10940.55448
14.12,0.657602,0.000035,-0.000088,-0.012089,9.276758,2.98421,17066.79974,32591.75695,10416.00076
14.13,0.652358,-0.000154,-0.000043,0.017524,9.416069,2.981348,17337.26707,32971.19974,10280.73539
14.14,0.647261,-0.000145,-0.000047,0.070326,9.395369,2.841453,17375.80628,33174.27559,10306.1826
14.15,0.641752,-0.000012,0.000024,-0.016377,9.469004,2.820704,17188.12629,32888.32498,9937.124392
14.16,0.63649,-0.000091,-0.000059,0.06849,9.336423,2.732052,16822.07783,33399.20703,9578.546499
14.17,0.630881,-0.000026,-0.000028,-0.038142,9.442621,2.658218,17530.77179,32999.70815,9308.31123
14.18,0.625389,0.000129,0.000002,-0.063612,9.443016,2.526598,17300.08816,32943.39267,9277.626858
14.19,0.619741,0.000089,-0.000004,-0.028163,9.483433,2.523057,17138.84766,33865.28195,9165.464512
14.2,0.613967,-0.000125,0.000087,-0.002164,9.43591,2.503706,17178.55435,33393.27189,8859.980731
14.21,0.608323,-0.000043,0.000056,0.012006,9.516286,2.483695,16956.61803,33547.78803,8619.145901
14.22,0.602559,0.000045,-0.00007,-0.036064,9.582232,2.421341,17045.12823,33172.13083,8607.551056
14.23,0.596551,-0.000021,0.000115,-0.03095,9.587503,2.329555,17105.7031,33510.24801,8309.733021
14.24,0.590571,-0.000087,0.000011,0.095516,9.577484,2.287487,17360.4532,33104.17492,8261.8326
14.25,0.584409,-0.000033,-0.000001,-0.022646,9.509311,2.198922,17013.78999,33576.87701,7991.948427
14.26,0.578514,-0.000121,0.000013,-0.012703,9.62828,2.190589,17247.23416,33441.89359,7937.277056
14.27,0.572234,-0.000124,0.000112,-0.003046,9.595761,2.111889,16963.83144,34025.93688,7478.405384
14.28,0.566063,0.000007,-0.000047,-0.060111,9.514796,2.14229,17675.77028,33550.6791,7358.429826
14.29,0.559833,-0.000179,0.000009,-0.012519,9.676801,2.112012,17391.65441,33690.58998,7200.540363
14.3,0.553441,0.000019,0.000066,0.014908,9.647379,1.948814,16656.70569,33525.89132,6657.279836
14.31,0.547069,0.000041,0.000067,-0.005003,9.624516,1.913544,17024.01444,33596.6458,6806.20175
14.32,0.54067,0.000034,0.000044,0.074931,9.626052,1.905868,17015.20416,33365.86182,6668.76337
14.33,0.534078,-0.000004,0.000013,0.007385,9.671229,1.900404,17305.31421,34103.47792,6522.359459
14.34,0.527559,0.000064,0.000124,-0.074456,9.707236,1.729027,16992.20111,33916.20666,6207.390729
14.35,0.520855,-0.000145,0.000045,0.01126,9.642278,1.686003,17116.77633,34181.25023,6389.402939
14.36,0.514184,0.000064,0.000016,-0.065173,9.536592,1.764787,17317.09886,34000.99579,5353.391001
14.37,0.507427,0.000031,0.000008,0.04421,9.66428,1.519052,16749.48491,34130.58874,5433.003898
14.38,0.500626,0.000117,0.000179,0.034647,9.761752,1.583588,17447.64494,34022.21709,5437.102191
14.39,0.493834,-0.000009,-0.000035,-0.082936,9.665851,1.527368,17151.14788,34007.7978,5284.117728
14.4,0.486914,-0.000028,0.000069,-0.002062,9.753671,1.419227,17330.4754,34389.26192,5517.570109
14.41,0.479852,-0.000034,0.000033,-0.030225,9.582627,1.476437,17376.45734,34449.93754,4659.660685
14.42,0.472904,0.000092,0.000081,0.032963,9.690597,1.285333,17060.16298,34061.54884,4813.367821
14.43,0.46566,-0.000117,-0.000088,0.044282,9.648037,1.265637,17148.26012,34347.73326,4796.14041
14.44,0.458612,0.000016,0.000084,-0.094771,9.653302,1.237137,17305.44068,34405.67873,4790.384096
14.45,0.451455,-0.00001,-0.000016,-0.053431,9.784205,1.275555,16832.22867,34082.43594,4406.640644
14.46,0.44416,-0.000155,-0.000025,0.004418,9.706372,1.194385,17213.13039,33988.98564,3828.609051
14.47,0.437136,-0.00015,0.000158,-0.065556,9.759647,1.107233,17254.7991,34252.58134,4188.583272
14.48,0.429808,-0.000049,0.000045,-0.025127,9.76145,1.068218,17248.80328,34415.36229,3758.64374
14.49,0.422271,-0.000035,0.000107,-0.06924,9.80018,0.984371,17252.93436,34272.13738,3931.29353
14.5,0.414912,0.000054,0.000153,-0.063912,9.694728,0.993891,16797.28028,34450.38608,3618.999571
14.51,0.407482,-0.000005,0.000044,-0.006926,9.596105,0.965256,17012.76997,34501.58471,3554.849769
14.52,0.399979,-0.00013,0.000084,0.070478,9.820988,0.995557,17102.79597,34456.17785,3183.358373
14.53,0.392419,-0.000108,0.000237,-0.004131,9.775784,0.885088,17143.66196,34195.12915,2995.133579
14.54,0.384726,-0.000109,0.000073,-0.083977,9.786274,0.929516,17094.71157,34465.99989,2924.378412
14.55,0.377009,-0.000102,-0.000084,0.015017,9.770099,0.882116,16877.04539,34198.49846,2851.315367
14.56,0.36942,-0.000045,0.000077,0.015994,9.83102,0.781076,16948.7505,34751.70448,2576.030305
14.57,0.361886,0.000037,0.000152,-0.090425,9.801987,0.811727,17034.04742,34644.44609,2744.04984
14.58,0.354087,-0.000074,0.000146,-0.039208,9.791922,0.768825,17078.16697,34733.32167,2806.805367
14.59,0.3462,-0.000087,0.000182,-0.137628,9.906186,0.737793,17314.4247,34375.76136,2601.939447
14.6,0.33848,-0.000014,0.000114,-0.010076,9.72628,0.585622,17211.38595,34349.01002,2517.600486
14.61,0.33062,-0.000152,0.000041,0.168724,9.770421,0.668368,17132.76614,34380.05993,2263.611861
14.62,0.322536,-0.000023,-0.00001,-0.033438,9.772489,0.634653,17140.82422,34504.99484,2094.448021
14.63,0.314817,0.000012,-0.000022,-0.047723,9.786773,0.560339,16729.16329,34445.48373,1995.495125
14.64,0.306723,-0.000139,0.000052,0.024243,9.835938,0.531491,16700.35574,34615.40951,1878.671147
14.65,0.298764,-0.000011,-0.000119,0.07083,9.769833,0.491659,17207.29689,34563.18032,1742.592956
14.66,0.290646,0.000011,0.000075,0.004238,9.782425,0.522341,16716.63055,34434.29157,1451.513535
14.67,0.282704,-0.000146,0.000094,-0.144779,9.706936,0.344769,16924.60398,34395.28618,1499.462054
14.68,0.274443,-0.000017,0.000084,0.071337,9.839806,0.392955,17164.29444,34621.77611,1523.462799
14.69,0.266426,-0.000084,0.000065,0.019695,9.709393,0.386552,16870.87055,34404.57627,1495.507964
14.7,0.258101,-0.000157,0.000097,0.075188,9.833126,0.485527,17413.09166,34391.16352,1187.683051
14.71,0.250007,-0.000175,-0.000026,-0.025021,9.859747,0.357938,16946.03451,34495.10046,1362.988213
14.72,0.241795,0.000102,0.00014,0.016332,9.81516,0.368081,16937.54332,34420.37572,1049.902404
14.73,0.233617,-0.000189,0.00004,0.067708,9.806143,0.325401,17375.53161,34526.86661,1287.636068
14.74,0.225318,0.000001,0.000085,-0.004782,9.818328,0.243012,17290.83923,34521.86091,1055.8259
14.75,0.216961,0.00012,0.000177,0.051404,9.840236,0.279568,17031.49861,34478.93298,660.660324
14.76,0.208654,-0.000119,0.000228,-0.000094,9.771251,0.194509,16925.30241,34423.57509,981.557988
14.77,0.200272,0.000071,0.000215,-0.055961,9.765343,0.269744,16992.9573,34350.48889,845.124108
14.78,0.191873,-0.000008,0.000018,0.022498,9.7335,0.154979,16956.68553,34462.73649,528.954004
14.79,0.183615,-0.000006,0.000218,0.068912,9.891503,0.229494,17230.19841,34457.41202,701.058651
14.8,0.175217,-0.000035,0.000147,0.10861,9.77217,0.191946,16867.60508,34433.39544,-12.160735
14.81,0.166717,-0.000066,0.000244,-0.031016,9.920748,0.175701,17188.75913,34952.9291,157.287834
14.82,0.158226,-0.000076,0.000052,0.023342,9.827368,0.103679,17398.41509,34787.01117,654.350185
14.83,0.149745,-0.000218,0.000141,-0.000706,9.692907,0.101472,17021.25105,34461.72956,671.459017
14.84,0.141292,-0.000081,0.000016,-0.048626,9.849451,0.178576,16989.2945,34300.23526,247.247415
14.85,0.132783,-0.000128,0.000063,0.016602,9.757648,0.041956,17124.49534,34519.43403,289.578838
14.86,0.124571,0.00003,0.000114,0.040718,9.796546,0.07246,17090.77934,34927.88067,364.243455
14.87,0.11571,-0.000036,-0.000055,-0.051687,9.822853,0.084873,17167.16411,34353.23672,156.129291
14.88,0.107376,-0.000054,0.000052,0.044195,9.763069,0.06257,17283.65753,34644.14842,325.049331
14.89,0.098756,-0.000085,-0.000084,-0.068539,9.822339,0.054971,17036.29811,34271.53332,126.200115
14.9,0.090258,-0.000155,-0.000055,-0.015207,9.856659,-0.018839,17008.49907,34885.22759,-57.410348
14.91,0.081616,-0.000095,0.000071,0.082882,9.831957,0.067356,16957.76367,34908.52157,67.437464
14.92,0.073156,-0.000012,0.000066,0.017985,9.775623,0.002439,16974.11974,34715.36262,-34.036003
14.93,0.064487,0.000041,-0.000113,0.052504,9.8106,0.040885,17068.60604,34491.07246,192.259569
14.94,0.055928,-0.000115,-0.000059,-0.01359,9.854416,0.052492,17018.51605,34597.57274,-157.749464
14.95,0.0473,-0.000068,0.000099,-0.061683,9.911061,0.06776,16994.38802,34561.39535,-100.337374
14.96,0.038795,-0.000237,0.000042,0.046463,9.828357,0.008262,17193.83868,34536.45665,-390.876182
14.97,0.030264,0.000042,0.000175,0.047885,9.94303,0.003558,17419.59759,34468.99861,176.084054
14.98,0.021494,-0.000159,-0.00005,-0.051389,9.810182,0.009725,17196.73795,34561.73466,93.424938
14.99,0.012936,0.00005,-0.000015,0.052927,9.749357,-0.017682,17171.15744,34382.18325,155.389172
15,0.004238,-0.000011,-0.000104,-0.011884,9.861122,0.060461,16878.08749,34776.6973,-123.994695
15.01,-0.004382,0.000107,0.000239,0.014286,9.865775,0.009911,17149.2314,34521.30608,123.061181
15.02,-0.012973,0.000126,0.000003,0.009131,9.695491,-0.040021,17012.84633,34478.10871,-52.497955
15.03,-0.021645,-0.000229,0.000132,-0.053342,9.833863,0.011095,17134.47091,34781.1639,-191.208366
15.04,-0.030215,0.00017,0.000077,-0.051416,9.812711,0.003361,16530.20209,34513.11389,-75.374941
15.05,-0.038771,-0.000191,0.000179,0.022563,9.782192,-0.02305,17123.54623,34556.20196,-55.425024
15.06,-0.04742,-0.000048,-0.000144,0.064326,9.796603,0.069108,17032.96358,34521.73447,-119.886197
15.07,-0.055904,0.000053,-0.000004,-0.042264,9.798314,0.006609,16866.42602,34341.45247,-212.932332
15.08,-0.064566,0.000001,0.000133,-0.046842,9.845714,-0.038821,17050.94162,34716.20381,324.604155
15.09,-0.073148,0.000117,0.000028,0.014043,9.701563,0.071066,16952.38333,34619.29536,-86.08582
15.1,-0.081784,-0.000074,-0.000173,0.004021,9.866183,0.145827,17061.62705,34484.79251,461.507405
15.11,-0.090367,0.000054,0.000072,-0.032584,9.809696,-0.012057,16984.13963,34425.91285,-22.041568
15.12,-0.098924,-0.000003,-0.000127,-0.021337,9.812039,0.064295,16866.81515,34693.87046,486.78827
15.13,-0.107422,0.000012,0.00011,0.04129,9.83391,0.122151,16937.06593,34300.63307,105.848435
15.14,-0.115998,0.000046,0.000212,-0.032705,9.815956,0.031862,16781.17462,34493.00612,554.263127
15.15,-0.124488,0.000031,-0.000087,-0.007119,9.670939,0.09092,16881.51233,34529.87056,388.985842
15.16,-0.133129,0.00002,0.000053,0.003887,9.784866,0.088778,16784.64119,34495.21589,110.821525
15.17,-0.141432,-0.000084,0.000023,-0.084522,9.775138,0.092838,17154.72409,34569.74828,385.615694
15.18,-0.149855,0.000117,0.00003,0.012129,9.830427,0.115233,16606.00575,34393.63082,488.329833
15.19,-0.15853,0.000078,0.000102,-0.006133,9.825029,0.10816,16938.47187,34651.49352,574.452845
15.2,-0.16677,-0.000017,0.000252,0.051788,9.909107,0.188296,17165.04532,34536.95001,716.095561
15.21,-0.175247,0.000012,-0.000113,-0.023215,9.817578,0.244894,16974.41814,34454.06366,766.597033
15.22,-0.183709,-0.000093,0.000047,0.064552,9.738967,0.220664,16847.90869,34208.03997,824.503883
15.23,-0.192014,-0.000099,0.0002,-0.035515,9.783703,0.236803,17264.55018,34648.87826,1188.222658
15.24,-0.200501,-0.000072,0.00007,0.027662,9.791313,0.200348,17087.89922,34191.64601,739.223319
15.25,-0.20886,0.000017,0.000104,-0.009123,9.753202,0.350375,16665.28644,34476.13733,946.016648
15.26,-0.217095,0.000134,0.000056,-0.077087,9.834036,0.29002,17360.05861,34870.1317,1022.869019
15.27,-0.225341,-0.000117,-0.000097,0.00119,9.751171,0.282005,17337.43757,34676.52122,963.726194
15.28,-0.233691,-0.000061,0.000009,-0.016224,9.77563,0.317141,16955.61201,34200.01868,1091.646689
15.29,-0.241814,-0.000242,-0.00005,0.00603,9.779406,0.374822,17017.56237,34356.33723,1219.86829
15.3,-0.250259,0.000084,0,0.036837,9.773754,0.413896,16950.29763,34882.23765,1030.942809
15.31,-0.258336,-0.000129,0.000128,0.003207,9.771558,0.425862,17267.20207,34391.24028,1335.465441
15.32,-0.26649,-0.000014,-0.000128,0.055755,9.78236,0.337489,17139.59738,34104.54801,1388.36263
15.33,-0.274485,0.000001,0.000097,0.038875,9.846686,0.3999,17191.81221,34220.67447,1307.274285
15.34,-0.282583,-0.00005,0.000035,-0.006611,9.818579,0.364816,16569.51588,34387.13869,1384.636454
15.35,-0.290701,0.000004,0.000028,0.038796,9.830011,0.551715,16988.81127,34357.7396,1844.747957
15.36,-0.298801,-0.000077,0.000112,0.074232,9.739836,0.587564,17313.82855,34166.27111,1737.199713
15.37,-0.306731,-0.000033,0.000214,0.113037,9.677946,0.551657,16905.44604,34778.94631,1917.539597
15.38,-0.314921,-0.000053,0.000199,0.03453,9.752448,0.509573,16874.61753,34137.60566,2158.03147
15.39,-0.322763,-0.000173,0.000171,0.014976,9.794701,0.596063,16807.8351,34297.92465,2344.377158
15.4,-0.330583,-0.000137,0.000117,0.011339,9.829662,0.714675,17080.59127,34483.26358,2409.65104
15.41,-0.338588,-0.00015,0.000036,0.020058,9.719717,0.682085,16905.86274,34216.40335,2349.502232
15.42,-0.346372,-0.000129,0.000017,-0.11495,9.725675,0.739363,16872.80666,34606.3643,2660.176032
15.43,-0.354211,-0.000028,0.000047,0.026092,9.774815,0.764991,17061.62643,34483.86081,2606.845039
15.44,-0.361812,-0.000073,-0.000067,-0.099292,9.708931,0.743291,17016.52775,34590.46077,2511.175596
15.45,-0.369707,-0.000054,0.000184,-0.031243,9.740012,0.945954,17115.13833,34627.95032,2768.465362
15.46,-0.377192,-0.000089,0.000132,0.048624,9.715208,0.840093,17046.59559,34403.96223,3018.470876
15.47,-0.385,0.000056,0.000016,-0.029308,9.733573,0.884841,17219.67947,34449.60716,3214.782924
15.48,-0.392422,0.000022,0.000025,-0.104232,9.817627,0.983163,17008.23991,34157.69741,3458.529403
15.49,-0.400008,-0.000126,0.000043,0.029909,9.760403,1.011345,17023.72467,34230.67084,3418.615671
15.5,-0.407445,0.000326,0.000111,-0.020265,9.652015,1.033955,17414.24424,34209.49376,3791.79252
15.51,-0.414991,-0.000121,0.000142,-0.000974,9.680495,0.955804,16861.82248,34133.88886,4062.890797
15.52,-0.422557,-0.000103,0.000081,0.054611,9.690649,1.098952,16853.99554,34330.02671,4204.845647
15.53,-0.429885,0.000102,0.000145,-0.037361,9.821215,1.076342,16718.30033,34258.21093,4084.628713
15.54,-0.437149,-0.000081,-0.000066,0.05027,9.604798,1.239725,16950.21558,34404.5405,4254.794424
15.55,-0.444494,0.000006,0.000104,-0.027462,9.61319,1.239581,17026.53111,34349.72514,4298.659033
15.56,-0.451563,-0.000009,0.000001,-0.006375,9.639447,1.298325,16722.17836,34316.99438,4837.544058
15.57,-0.458736,-0.000162,0.00005,-0.00428,9.738412,1.254811,17225.37931,34266.82103,4398.131737
15.58,-0.465762,0.000083,0.000009,-0.040553,9.659391,1.376346,16930.08441,34335.35816,4868.921954
15.59,-0.472993,0.000088,0.000206,-0.02947,9.650964,1.485373,17299.04526,34104.23815,4659.716462
15.6,-0.480115,-0.00007,0.00007,-0.029584,9.749397,1.504595,16781.93072,34214.28869,5287.385683
15.61,-0.486845,-0.000106,0.000106,-0.03901,9.594807,1.52003,17042.46267,34195.57449,5362.563463
15.62,-0.493893,0.000175,0.000087,0.031204,9.738529,1.577377,17221.10206,33935.58412,5308.840459
15.63,-0.500739,-0.000062,0.000142,0.019038,9.639972,1.569888,16909.69277,34083.49199,5680.318485
15.64,-0.507473,-0.000128,0.000069,0.158865,9.720901,1.588556,16793.49168,34065.26518,5931.642354
15.65,-0.514399,-0.000099,-0.000064,0.012536,9.67796,1.61517,16925.56346,34064.66615,5802.184191
15.66,-0.521091,-0.000093,-0.000036,-0.017068,9.674356,1.839161,17107.86423,33759.02789,6206.009539
15.67,-0.527565,0.000037,0.000029,0.078983,9.618856,1.79048,16786.73225,33634.56287,6519.965572
15.68,-0.534288,0.000038,-0.000128,-0.025781,9.638371,1.90131,17068.81461,33769.37276,6728.448161
15.69,-0.540879,0.000031,0.000107,-0.054721,9.607886,1.880562,16659.99815,34019.96251,6792.666618
15.7,-0.547085,-0.000052,-0.000061,-0.041271,9.580397,2.055011,16979.40155,33866.14235,7131.123678
15.71,-0.553615,0.000017,-0.000017,0.0856,9.66924,1.932309,17184.0094,33811.378,7166.987397
15.72,-0.559972,-0.000155,-0.000052,0.013295,9.704857,2.090798,17309.79748,33610.58177,7418.415712
15.73,-0.566115,0.000007,-0.000052,-0.038011,9.602124,2.111047,16809.36517,34010.04623,7595.731952
15.74,-0.5725,-0.000082,0.000098,-0.022389,9.572663,2.202904,16956.0441,33781.39021,7589.108242
15.75,-0.578661,-0.000047,-0.000138,-0.010761,9.54601,2.18253,17125.3462,33427.80707,8001.972803
15.76,-0.584759,0.000004,0.000128,-0.00435,9.569786,2.294656,17130.93755,33610.49278,8148.326863
15.77,-0.590776,-0.0001,0.00012,-0.010876,9.447226,2.40319,16991.45892,33581.51186,8360.449511
15.78,-0.59667,-0.00008,0.000095,-0.060714,9.540191,2.384782,16935.29818,33378.69437,8806.252243
15.79,-0.602515,0.000065,0.000119,0.038554,9.543953,2.444421,16963.08707,33461.64899,8480.851985
15.8,-0.608412,-0.000043,0.000045,-0.15525,9.372881,2.468748,16810.97407,33611.79345,9076.19641
15.81,-0.614244,-0.000118,0.000135,-0.0486,9.475267,2.676254,16858.53599,32910.25229,8910.733553
15.82,-0.61996,0.000055,0.000075,0.031663,9.437531,2.703131,17505.67366,33372.99329,9294.031903
15.83,-0.62546,0.000015,0.000092,-0.011443,9.471181,2.712751,17019.69953,33222.00836,9465.917063
15.84,-0.630901,-0.000067,0.00003,-0.099414,9.459603,2.842439,17272.6845,33210.1127,9927.190777
15.85,-0.636519,0.000132,0.000133,-0.019105,9.431814,2.839489,17012.59573,33396.55517,9954.176582
15.86,-0.641998,-0.000062,-0.000012,-0.015111,9.355943,2.924111,16996.25359,32834.06224,9985.181668
15.87,-0.647266,-0.000014,0.000251,-0.033933,9.328903,2.977187,17160.41542,33128.72217,10215.49467
15.88,-0.652706,0.000058,0.000088,0.045357,9.415665,2.966043,16953.13124,33258.23193,10571.92808
15.89,-0.657815,-0.000045,0.000007,-0.068784,9.371936,2.979395,17227.29942,32811.64857,10565.75101
15.9,-0.662884,0.000056,-0.000083,-0.022146,9.285522,3.205375,16987.42189,32448.00206,10867.91758
15.91,-0.667836,-0.000065,0.000182,0.000128,9.214604,3.179388,16914.14911,32552.64818,11017.39386
15.92,-0.672904,0.000076,0.0001,0.065801,9.162902,3.17673,16768.24196,32609.73797,11493.07437
15.93,-0.67776,-0.000027,-0.000022,0.050473,9.237924,3.254585,17097.15098,32774.1786,11860.50877
15.94,-0.682637,0.00003,0.000234,-0.011664,9.21261,3.310759,17039.74842,32512.75066,11940.83762
15.95,-0.687637,-0.000049,0.000143,-0.030065,9.258836,3.44809,17255.53685,32266.23876,12446.23966
15.96,-0.692262,-0.000052,0.000236,0.055148,9.15988,3.46724,17093.82338,32523.23829,12157.13142
15.97,-0.696644,-0.000109,0.000175,0.014244,9.090953,3.57771,17021.16424,31966.74834,12538.12411
15.98,-0.701203,0.000036,0.000084,-0.016675,9.097078,3.609676,16992.74485,31987.82514,12919.11315
15.99,-0.705747,-0.000108,0.000006,-0.049074,9.154948,3.611519,16990.86563,32066.38686,12786.23308
16,-0.710088,-0.000019,0.000213,0.009927,8.995949,3.79745,16796.15619,32314.87929,13340.57104
16.01,-0.714487,-0.000241,0.000022,-0.012387,9.041928,3.840264,17164.09908,31644.24379,13533.22658
16.02,-0.718662,0.000002,0.000057,0.016869,9.014309,3.899842,17090.37694,31731.83457,13896.29595
16.03,-0.722907,0.000099,-0.000007,0.016274,8.953569,3.931546,17379.02873,31765.03605,13750.34164
16.04,-0.726843,-0.000056,-0.000053,-0.013301,8.911753,3.984375,16939.43684,31555.01154,13902.96458
16.05,-0.730772,-0.00025,-0.000023,0.06516,8.845999,4.161747,16968.64675,31245.20101,14465.07961
16.06,-0.734767,-0.000062,0.000117,-0.027569,8.919259,4.142475,17291.66508,31353.69107,14783.88129
16.07,-0.738643,-0.00007,0.00024,-0.010225,8.885217,4.293223,17040.88081,31230.02465,14904.47578
16.08,-0.742402,-0.000045,-0.000043,-0.006984,8.824081,4.246524,16989.42506,31208.47762,14945.65761
16.09,-0.746115,0.000026,0.000101,0.100672,8.852434,4.395575,16863.99652,31053.19985,15450.68692
16.1,-0.749635,-0.000092,0.000112,0.000592,8.665969,4.429202,17371.12497,30538.50249,15629.49181
16.11,-0.753287,-0.00006,0.00003,-0.090428,8.696026,4.519476,17370.88294,30882.95552,15689.64523
16.12,-0.756633,-0.000017,-0.000006,-0.0302,8.659064,4.430317,16716.47952,30764.48995,15659.90952
16.13,-0.759966,0.000127,0.000117,0.034835,8.679393,4.578393,17261.1144,30282.37104,16192.24297
16.14,-0.763046,-0.000026,0.000137,0.017109,8.542505,4.622032,16765.66259,30387.95563,16723.42977
16.15,-0.766252,0.000076,0.000259,0.008619,8.631224,4.733085,17120.63457,30248.67089,16645.83024
16.16,-0.769427,-0.000007,0.000048,-0.062772,8.525836,4.856325,16935.3349,30299.06333,16606.06715
16.17,-0.772716,-0.000151,0.000054,-0.031067,8.525684,4.888091,16896.60193,29962.59782,16860.03952
16.18,-0.775271,-0.00008,0.000152,-0.02868,8.476229,4.842532,16737.17392,29816.47405,17044.84341
16.19,-0.778047,-0.000065,0.000177,-0.03016,8.438039,5.029751,17388.57924,29886.96244,17890.47479
16.2,-0.780753,0.000011,-0.000032,0.063817,8.373119,5.087334,17350.56647,29772.02146,17673.90609
16.21,-0.783439,-0.000043,0.00002,-0.007624,8.31772,5.090383,17212.98884,29570.61389,18127.03858
16.22,-0.786132,-0.000076,0.000147,-0.004304,8.316733,5.157328,16953.01734,28813.08652,18414.84792
16.23,-0.788564,0.000078,0.000104,0.135805,8.27375,5.293345,17048.11451,29314.18719,18249.52734
16.24,-0.791104,-0.000043,0.00013,-0.014767,8.372649,5.213937,16881.8471,28743.15669,18748.46901
16.25,-0.793386,0.000226,0.000032,-0.019167,8.199944,5.450143,17189.04417,28840.21241,19290.45773
16.26,-0.795631,0.000072,0.000119,-0.004188,8.097916,5.533993,17303.06376,28829.49366,19441.6987
16.27,-0.797724,-0.000049,0.000091,0.031517,8.090682,5.507765,16965.15492,28601.94879,19725.57041
16.28,-0.799703,0.000038,0.000027,-0.014192,8.067013,5.499478,16948.95092,28579.66892,20014.83282
16.29,-0.801705,0.000045,0.00012,0.005058,7.983665,5.673556,17261.86068,28716.76253,19834.74289
16.3,-0.803891,-0.000106,-0.000014,0.014747,7.915826,5.780804,17085.88006,27923.09207,20377.13126
16.31,-0.805432,-0.000013,0.000134,0.035979,7.876966,5.724961,17137.92745,27933.23571,20640.34008
16.32,-0.807061,-0.00004,0.000056,-0.036,7.892254,5.904128,16948.84662,27828.46098,20805.56598
16.33,-0.808575,-0.000082,0.00008,-0.046803,7.788797,5.930455,16740.51627,27690.81864,20971.1982
16.34,-0.810117,0.000002,-0.000125,-0.00443,7.776656,5.961816,16812.48581,27715.94397,21117.80412
16.35,-0.811657,-0.000062,0.000044,-0.018035,7.81762,6.079415,16997.55967,27257.47378,21185.37814
16.36,-0.812945,0.000012,0.000031,-0.018397,7.743733,6.187407,17242.62206,27327.12845,21530.97603
16.37,-0.814217,0.000009,0.000063,0.021543,7.646647,6.131369,16984.23372,26811.43665,21707.74583
16.38,-0.815438,-0.000007,0.000024,0.004126,7.591873,6.282741,17102.37561,26606.95433,22202.10356
16.39,-0.816584,-0.000026,-0.00003,-0.04905,7.448836,6.254417,16688.18144,26636.66316,22443.95296
16.4,-0.817643,0.000085,0.000033,0.016303,7.378378,6.330727,16967.10275,26727.33017,22280.28632
16.41,-0.818436,-0.00004,0.000056,-0.042363,7.370079,6.408459,17231.68874,26258.70993,22380.70512
16.42,-0.819242,-0.000023,-0.000017,0.055677,7.305564,6.473623,17159.70813,26023.65437,22995.87234
16.43,-0.819884,-0.000089,0.000144,-0.010563,7.352154,6.522817,17186.25523,25756.26653,23151.77968
16.44,-0.820763,-0.000121,0.00014,-0.033639,7.310177,6.603663,17516.85842,25758.98881,23186.46305
16.45,-0.82115,-0.000087,0.000086,-0.053396,7.11216,6.606316,17130.79418,25451.53183,23326.29068
16.46,-0.821679,-0.000022,-0.00014,0.007506,7.195108,6.67216,16795.53428,25096.10685,23943.83331
16.47,-0.821988,-0.000085,0.000101,-0.021768,7.011231,6.736331,17334.72566,25137.77168,23924.36593
16.48,-0.822142,-0.000103,0.000194,0.002967,7.016141,6.812063,17437.62523,25111.24029,24008.99786
16.49,-0.822451,-0.000208,-0.000154,-0.051447,6.944024,6.888431,17114.47731,24783.22228,24130.4273
16.5,-0.822355,-0.000036,-0.000003,-0.080031,6.932758,6.991014,17180.23001,24532.00681,24506.59869
16.51,-0.822554,-0.000124,0.000172,-0.031232,6.850049,6.947274,17161.256,24323.14928,24691.76345
16.52,-0.822406,0.000128,0.000036,-0.067674,6.787845,6.981551,17127.03684,24065.93463,24807.65496
16.53,-0.822424,0.000045,0.000021,-0.014543,6.730901,7.044114,17154.12476,23757.81037,25037.88628
16.54,-0.821969,0.000108,0.000031,-0.002132,6.748888,7.194591,17062.95228,23682.86762,25259.92992
16.55,-0.821486,-0.000029,-0.000012,-0.017765,6.638812,7.158026,16937.13751,23660.31886,25163.69855
16.56,-0.821092,-0.000081,0.000161,-0.016403,6.612949,7.301616,17054.64668,23248.29124,25598.34827
16.57,-0.820512,-0.000023,0.000107,0.062365,6.445483,7.395056,17253.9149,23073.75214,26083.88496
16.58,-0.819916,-0.000053,0.000132,0.014357,6.536776,7.371033,16778.89536,22854.82042,26141.26874
16.59,-0.819264,0.000025,-0.000029,0.056271,6.398018,7.370926,17134.68297,22243.40682,26358.8127
16.6,-0.818425,0.000008,-0.000015,0.011036,6.313138,7.473551,17229.62728,22114.44691,26476.78133
16.61,-0.81757,-0.000075,0.000117,0.021091,6.315088,7.559249,16759.58258,22259.49049,26554.13736
16.62,-0.816606,0.00001,0.000187,0.043018,6.138156,7.635426,17071.97649,21910.09329,26602.25478
16.63,-0.815433,-0.000169,0.000065,-0.046017,6.15743,7.608264,16977.08897,21821.98133,26552.67306
16.64,-0.814204,-0.000053,0.000151,-0.062054,6.134321,7.627979,17204.22968,21507.76101,27330.87315
16.65,-0.812983,0.000009,0.000031,-0.032327,6.10005,7.616052,17193.17502,21669.89818,27605.10227
16.66,-0.811734,-0.00005,0.00006,-0.088315,6.012114,7.755914,17042.51683,21184.18015,27287.42578
16.67,-0.810207,0.000009,0.000028,0.034064,5.901079,7.800573,17194.42819,20892.69195,27540.77397
16.68,-0.808722,0.000006,-0.000087,0.029781,5.803354,7.844706,17309.629,20507.82323,27832.17652
16.69,-0.80718,-0.000097,0.000037,0.006697,5.720045,7.847691,17270.73998,20316.83396,27793.9065
16.7,-0.805435,-0.00005,-0.000021,-0.086851,5.756768,8.060752,17079.21441,20003.07045,28361.29727
16.71,-0.803562,-0.000003,-0.000089,0.053852,5.61464,7.985322,17180.16406,20080.23503,28193.18497
16.72,-0.80174,-0.000126,0.000203,-0.053893,5.581745,8.10757,16909.34078,19785.84087,28274.91148
16.73,-0.799814,-0.000062,0.000062,-0.008309,5.516217,7.940148,17131.51905,19294.92383,28349.63039
16.74,-0.797738,-0.000032,0.00019,0.010557,5.392916,8.131892,17236.93286,19195.55998,28646.97382
16.75,-0.795558,0.000046,0.000153,0.013408,5.3936,8.224538,17283.79117,18584.95541,29068.36164
16.76,-0.793434,0.00012,0.000115,0.071901,5.209416,8.153167,17081.86629,18513.42379,28755.15767
16.77,-0.790949,-0.000103,0.000126,0.078016,5.281691,8.236823,16956.06334,18598.11758,28864.00705
16.78,-0.788594,-0.000074,0.000254,-0.017092,5.192822,8.36637,17232.2319,18287.17968,29341.53996
16.79,-0.786091,-0.000048,0.000072,-0.019817,5.126788,8.288165,16973.63792,18016.03671,29563.24072
16.8,-0.783485,0.000072,0.000106,0.06958,5.084119,8.371392,17198.46049,17658.94441,29414.85335
16.81,-0.780797,0.000101,-0.000052,-0.070151,4.994848,8.478131,16983.32524,17932.88063,29627.70441
16.82,-0.778199,-0.000109,0.000064,0.111745,5.025903,8.454485,17327.11228,17372.81511,30198.53494
16.83,-0.775198,0.00003,-0.000036,-0.023822,4.816021,8.534427,17253.52544,17221.92836,29994.48514
16.84,-0.772432,0.000063,0.000009,-0.040548,4.827829,8.56513,17255.28428,17169.22411,30038.32869
16.85,-0.769413,0,-0.000104,0.018314,4.684616,8.643344,17166.5144,16436.38206,30043.82274
16.86,-0.76625,0.000003,0.000105,-0.012334,4.606803,8.620086,16986.60284,16732.95015,30462.50577
16.87,-0.763232,-0.000094,0.000003,0.00654,4.604667,8.704715,17021.87002,16577.92345,30333.63481
16.88,-0.759871,-0.000021,0.000067,0.058064,4.649835,8.687676,16981.44904,15929.6435,30591.09872
16.89,-0.756399,0.000087,-0.000007,0.058835,4.340515,8.820658,17097.64438,15683.92664,30870.69243
16.9,-0.753192,0.000123,0.000028,-0.002974,4.467976,8.748405,17064.71571,15517.4971,30744.77181
16.91,-0.749511,0.000113,0.000008,0.025421,4.370079,8.762522,16963.15897,15404.70448,30949.91026
16.92,-0.74607,-0.00002,-0.00002,-0.03029,4.128196,8.853162,17091.57756,14966.50645,30777.84153
16.93,-0.742465,-0.000062,0.00013,-0.009424,4.196144,8.918054,16999.62271,14316.95552,31228.79191
16.94,-0.73867,-0.000045,0.000015,0.015981,4.153675,8.792825,17272.27874,14402.23789,31054.7187
16.95,-0.73492,0.000103,-0.000149,0.006354,4.061902,8.967132,16898.49308,14407.39527,31393.6628
16.96,-0.730948,0.000022,-0.000066,-0.026364,3.949903,8.935915,17054.51879,13785.23391,31547.31215
16.97,-0.726848,0.000082,-0.00002,0.091176,3.902483,9.040908,17023.15761,13915.91587,31733.0115
16.98,-0.722813,-0.000124,0.0001,-0.009936,3.779443,9.035915,17220.10825,13683.34215,31512.32441
16.99,-0.718674,-0.000008,0.000175,0.116844,3.839194,8.978847,17199.28208,13532.80292,31841.80458
17,-0.714413,0.00009,0.000111,-0.012314,3.707429,9.203561,17288.2217,12994.53347,31923.29871
17.01,-0.710252,-0.000004,0.000098,0.026523,3.568342,9.127393,17231.88596,12878.4962,32030.8106
17.02,-0.705889,0.000089,0.000061,0.021303,3.571696,9.081058,17057.43643,12841.62855,31946.63037
17.03,-0.701269,-0.000105,0.000062,-0.004965,3.64579,9.110454,17430.92356,12275.25219,32207.5807
17.04,-0.696737,-0.000055,0.000062,-0.039442,3.543553,9.129586,16954.21491,12504.0545,31996.49182
17.05,-0.692333,0.000092,-0.000042,-0.053768,3.424965,9.226911,16863.29426,12164.28492,32121.92845
17.06,-0.687648,-0.000111,-0.000018,0.006062,3.349864,9.281163,16931.56105,11762.21356,32504.50271
17.07,-0.682644,-0.000107,0.00008,0.068605,3.225167,9.173485,17181.59476,11293.75078,32543.73431
17.08,-0.677934,0.000166,0.000103,-0.047719,3.232072,9.262345,17389.64843,11676.47364,32704.34285
17.09,-0.672764,-0.000116,0.000113,-0.005292,3.184346,9.298133,16824.38717,11385.5516,32540.86785
17.1,-0.668029,0.000023,0.000114,-0.065912,3.008938,9.311428,17115.24279,11077.47839,32728.37801
17.11,-0.663022,-0.000126,-0.000047,0.061286,3.066765,9.296354,17239.83453,10796.36816,32777.11793
17.12,-0.657879,-0.000091,-0.000029,0.026889,2.979456,9.271708,16962.42942,10493.00243,32757.50587
17.13,-0.652667,-0.000019,0.000103,-0.020331,2.973163,9.372839,16861.45407,10533.85937,33238.96127
17.14,-0.647377,-0.000076,0.000056,0.033213,2.849239,9.403337,17098.54026,9893.970798,32922.34381
17.15,-0.641933,-0.000089,0.000126,0.070651,2.797623,9.369023,17065.49308,9713.743582,33074.7638
17.16,-0.636418,0.000032,0.000037,0.060856,2.759439,9.352961,17138.52086,9458.23728,32846.29355
17.17,-0.630829,0.000124,0.00002,-0.021678,2.760831,9.447116,17221.23378,9556.594781,33362.74369
17.18,-0.625454,0.000076,-0.000015,0.092761,2.668045,9.458668,16980.2315,9199.810415,33624.26035
17.19,-0.619781,-0.000024,-0.000007,0.05228,2.547062,9.515485,17227.73076,9289.838417,33515.54712
17.2,-0.61414,-0.000165,0.000007,-0.004797,2.507018,9.497579,16949.75515,8915.007533,32974.95304
17.21,-0.608531,0.000171,0.000186,-0.023706,2.405577,9.448057,17321.13072,8266.278554,33530.86321
17.22,-0.60242,-0.000002,0.000142,0.025664,2.419732,9.511826,17001.37384,8666.934412,33619.57451
17.23,-0.596521,0.000061,0.000134,0.035817,2.303519,9.50145,17098.59383,8260.384795,33585.97612
17.24,-0.59075,0.000009,0.000008,0.08125,2.244328,9.599668,17152.58746,8120.159816,33754.02368
17.25,-0.584748,-0.000128,0.000091,-0.013482,2.262426,9.560858,17322.76316,7726.820501,33917.1349
17.26,-0.578463,-0.000148,0.000206,-0.012749,2.186538,9.609698,16864.59189,7829.670362,33527.83015
17.27,-0.572273,-0.000061,0.000014,-0.034841,2.078798,9.617194,17453.73858,7559.074948,33896.77523
17.28,-0.566191,0.000057,0.00002,-0.01974,2.063506,9.576823,17479.58925,7529.845518,34094.5508
17.29,-0.560003,0.000002,-0.000126,-0.021108,1.928414,9.592768,16843.69642,7001.623835,33865.99801
17.3,-0.553554,0.000073,0.00008,-0.023003,1.897893,9.580603,17026.56788,6846.234019,33775.08718
17.31,-0.547098,0.000014,0.000117,0.011845,1.998803,9.592218,16898.02246,7037.907035,34124.97847
17.32,-0.540693,-0.000101,0.000034,0.066831,1.837901,9.652567,17109.47038,6805.837659,33743.63798
17.33,-0.534192,0.000081,0.000196,-0.012568,1.846383,9.646236,17715.48073,6313.21894,34222.99777
17.34,-0.527571,-0.000094,-0.00001,-0.019296,1.681494,9.697941,16990.14307,6297.803557,34206.04835
17.35,-0.520988,0.000093,0.000083,-0.074575,1.677793,9.745822,17344.63837,5911.498696,34011.90452
17.36,-0.514283,-0.000095,0.000131,0.012182,1.662615,9.6728,17050.48564,6185.256587,34029.31996
17.37,-0.507503,-0.000033,0.000063,0.012496,1.592361,9.691833,16937.84333,5349.692953,33635.21816
17.38,-0.500576,-0.000043,0.000201,-0.007743,1.544425,9.706165,16771.57771,5615.854034,33894.13134
17.39,-0.493754,-0.000024,0.000131,0.031856,1.530681,9.737691,16992.36391,5195.250571,33921.45964
17.4,-0.486959,-0.000101,0.00003,0.093324,1.551504,9.702924,16922.74145,5256.721367,34090.90495
17.41,-0.480059,0.000016,0.000055,-0.053742,1.47654,9.71061,17223.23921,5025.762633,33906.49948
17.42,-0.47291,0.000043,-0.000219,0.039118,1.356296,9.754133,17011.69374,5015.508285,34532.72856
17.43,-0.46586,-0.000186,0.000068,-0.05431,1.337266,9.651349,16827.74449,4776.721647,34461.84178
17.44,-0.45884,-0.00002,0.000173,0.101188,1.271695,9.620532,17537.27616,4482.140681,34449.58511
17.45,-0.451739,-0.000012,0.000047,0.064506,1.288872,9.798192,16901.2555,4589.464589,34431.91331
17.46,-0.444532,0.000028,0.000057,-0.054321,1.216326,9.801019,16797.00351,4100.201994,34250.19631
17.47,-0.437139,-0.000092,0.000334,-0.007342,1.174529,9.730475,17152.97316,4096.142844,34386.21838
17.48,-0.429809,-0.000186,-0.000028,-0.013407,1.181604,9.70784,17177.27758,3715.906267,34087.00959
17.49,-0.42244,-0.000062,0.000047,0.003733,1.101009,9.752938,17157.66763,3561.186128,34252.06557
17.5,-0.415086,0.000019,0.000011,0.043628,0.934248,9.81161,17064.42056,3957.165047,34398.35917
17.51,-0.407654,-0.0001,0.00002,-0.056359,0.981828,9.74246,17373.65149,3652.141691,34204.41752
17.52,-0.399958,0.000014,0.000024,0.025328,0.944251,9.74231,17421.13732,3280.584328,34629.87365
17.53,-0.392483,-0.00001,0.000232,0.0361,1.01678,9.73696,17162.12792,3127.929047,34084.00893
17.54,-0.384948,0.000012,0.000117,-0.030513,0.848694,9.71016,17191.09835,3070.944732,34877.63202
17.55,-0.377345,-0.000012,0.000068,-0.057969,0.817155,9.808563,16987.55142,2969.703344,34332.47072
17.56,-0.369629,0.000021,0.000143,-0.023126,0.763682,9.771036,16960.43648,3086.291579,34688.14086
17.57,-0.361774,-0.000045,0.00007,-0.037343,0.902066,9.854927,16868.85784,2606.334932,34386.12978
17.58,-0.353914,-0.000125,0.000073,0.003222,0.65092,9.754058,16925.3391,2766.587226,34471.85088
17.59,-0.346248,-0.000016,0.000111,-0.043286,0.656708,9.677015,17011.90526,2507.383673,34545.44818
17.6,-0.33848,0.000037,0.000166,-0.02427,0.637534,9.753023,17043.33564,2322.092804,34591.89938
17.61,-0.330646,-0.000011,0.000049,-0.06205,0.652188,9.74598,17211.09826,2106.529224,34610.6407
17.62,-0.322757,-0.00003,-0.000045,-0.109831,0.551916,9.829346,16746.72155,2085.936097,34701.93541
17.63,-0.314717,0.00012,0.000202,0.059729,0.51582,9.783381,17506.70329,2155.297413,34588.63364
17.64,-0.306697,-0.000113,0.000186,0.028024,0.586379,9.770322,17568.35612,2215.245041,34556.01075
17.65,-0.298863,-0.000033,0.000215,0.014877,0.490649,9.705914,17082.48276,1407.630004,34677.30208
17.66,-0.290853,0.000045,0.000078,0.045473,0.480011,9.816502,16948.55755,1780.224309,34261.75112
17.67,-0.2827,-0.000105,0.00009,-0.00984,0.412527,9.773142,16946.65283,1803.400567,34653.74249
17.68,-0.274624,0.000063,0.00016,0.01683,0.366275,9.873955,17660.13633,1697.625165,34888.67899
17.69,-0.26657,-0.000073,0.000026,0.112085,0.290893,9.844521,17183.89693,1409.026923,34492.1107
17.7,-0.25839,-0.000126,0.000061,-0.021072,0.407183,9.809701,17109.10821,1478.153667,34984.2829
17.71,-0.250114,-0.000173,0.000007,-0.008692,0.396954,9.806135,17119.96783,1067.687513,34565.02751
17.72,-0.241831,-0.000134,-0.000027,0.073227,0.345187,9.731844,16766.48981,1257.549562,34053.86957
17.73,-0.233493,0.000086,-0.000088,-0.007443,0.306594,9.775302,16666.71282,1175.250232,34665.07642
17.74,-0.225479,0.000004,-0.00005,-0.059329,0.380586,9.800573,16948.12912,995.450003,34632.37446
17.75,-0.217087,-0.000068,0.000103,-0.000746,0.18363,9.832081,17195.81556,729.959003,34534.84677
17.76,-0.208967,-0.000221,-0.000053,-0.004831,0.296519,9.888293,16726.84702,637.373783,34408.94877
17.77,-0.200315,-0.000042,-0.000095,-0.030608,0.187867,9.862738,17083.23845,941.129962,34510.75721
17.78,-0.191997,0.000033,0.000032,0.05388,0.219968,9.84205,17020.30079,744.643941,34508.19727
17.79,-0.183683,0.00001,0.000159,-0.014195,0.185479,9.806738,17003.86298,881.464973,34598.7658
17.8,-0.175236,0.000018,0.000049,-0.103268,0.205646,9.845351,17250.49324,309.100677,34375.31087
17.81,-0.166858,-0.000109,0.000076,-0.043939,0.12647,9.822097,16998.69538,394.573054,34551.22819
17.82,-0.158408,-0.00005,0.000135,0.036462,0.138327,9.785281,17053.68333,592.580535,34866.73036
17.83,-0.149879,0.000047,-0.000084,0.021782,0.128999,9.759264,16981.43878,468.641629,34658.68115
17.84,-0.141396,-0.00008,-0.000017,-0.014534,0.090989,9.840522,17354.28014,174.880844,34589.08976
17.85,-0.133027,0.000077,0.000126,-0.062913,0.056616,9.789118,17051.33518,461.603782,34815.02817
17.86,-0.124508,-0.000128,0.000055,0.002473,0.199633,9.79967,16951.50449,233.112544,34639.32741
17.87,-0.115966,0.000116,-0.000074,0.052608,0.110379,9.871346,17200.41248,-88.684549,35123.15325
17.88,-0.107552,-0.000051,0.000055,0.085653,0.089973,9.761257,17020.12053,140.699461,34573.88264
17.89,-0.098836,0.000037,0.000235,-0.016124,0.125429,9.913526,17203.04784,187.802617,34780.14067
17.9,-0.090322,-0.000076,-0.0001,0.063625,0.16061,9.842219,17103.53911,145.036381,34467.74587
17.91,-0.081705,0.000046,0.000031,-0.039446,0.040295,9.82302,17159.6686,429.4904,34592.75282
17.92,-0.073049,-0.000026,0.000186,0.046435,0.070249,9.76575,17308.8155,109.153646,34857.50379
17.93,-0.06454,-0.000121,-0.000002,0.058917,-0.005532,9.822296,17047.06377,-341.893473,34431.4213
17.94,-0.056113,-0.00018,0.000077,0.033195,0.050744,9.834047,17048.66358,41.514809,34668.88785
17.95,-0.047308,0.000142,0.000049,-0.025297,0.005333,9.854419,17018.51738,-165.922605,34658.62138
17.96,-0.038803,-0.000125,0.00014,-0.021231,-0.049437,9.68409,17031.83462,313.833349,34600.55372
17.97,-0.030144,-0.000081,0.000114,0.001948,-0.039219,9.808582,17187.08732,-12.298453,34453.97026
17.98,-0.02152,-0.000192,0.000118,-0.05126,-0.018844,9.790181,17269.9389,-13.529678,34347.47884
17.99,-0.012946,-0.000063,0.000017,0.047374,-0.041755,9.749903,17192.8629,-16.175981,34502.11768
18,-0.004193,0.000105,0.000213,0.006246,0.041163,9.763478,17235.66818,-250.204066,34659.60584
18.01,-0.00014,0.004221,0.000133,0.0253,0.001327,9.832621,17116.8856,13.968742,34562.74537
18.02,-0.000145,0.012827,-0.000104,-0.092261,0.005242,9.795523,16955.26116,-126.334192,34597.4716
18.03,0.000122,0.021594,0.000094,0.006962,-0.032812,9.802151,17088.42294,197.96284,34427.64869
18.04,-0.00002,0.030073,0.000019,-0.113428,-0.000454,9.874769,17240.44132,351.010449,34301.51734
18.05,0.000014,0.038653,0.000161,-0.000537,0.003892,9.824736,17315.8262,87.473725,34556.80108
18.06,-0.000082,0.047239,0.000167,0.054576,-0.032927,9.735514,17035.25803,196.966998,34271.55883
18.07,-0.000052,0.05596,0.000017,-0.07491,-0.032759,9.812324,17203.85948,85.698928,34785.94856
18.08,-0.000236,0.064549,-0.000064,0.013751,-0.035897,9.757698,16587.2225,-484.364153,34705.38843
18.09,0.000055,0.072948,-0.000109,0.009919,0.052976,9.769597,16702.86177,86.717585,34573.96965
18.1,-0.000013,0.081695,0.000063,-0.004623,-0.008888,9.78337,16697.68682,-315.898245,34814.42528
18.11,-0.000145,0.090301,-0.000074,-0.057318,-0.042226,9.723356,16901.40971,-248.676633,34740.1428
18.12,-0.00008,0.098711,0.000021,-0.130651,-0.037404,9.821766,16629.64938,94.659633,34427.04847
18.13,0.000035,0.107269,0.000103,-0.052017,0.042126,9.767888,16831.26621,153.164987,34497.70548
18.14,0.000021,0.115708,-0.000048,-0.084386,-0.071598,9.758108,16873.1078,-210.472272,34857.95861
18.15,-0.000073,0.124326,0.00008,-0.044512,-0.007106,9.899608,16596.03179,2.784963,34517.10024
18.16,-0.000208,0.132947,0.000119,-0.074642,-0.023812,9.771907,16887.99846,623.112119,34649.6619
18.17,-0.000054,0.141256,0.000054,-0.224668,0.064364,9.85531,16593.68794,-70.894993,34575.73749
18.18,-0.000086,0.149903,0.000046,0.041026,0.102167,9.822521,16343.23248,176.167459,34476.04781
18.19,0.000024,0.158276,0.00018,-0.204079,-0.087998,9.786772,16830.76336,-159.87529,34666.83262
18.2,-0.000241,0.166668,0.000096,-0.170203,-0.073354,9.840075,16373.32262,-188.158721,34820.99754
18.21,-0.000171,0.175245,-0.000053,-0.137716,-0.049162,9.792635,16345.80834,-280.141869,34873.90762
18.22,-0.000031,0.183506,0.000015,-0.273854,0.04981,9.760412,16270.18536,243.500504,35125.78115
18.23,-0.000024,0.191962,0.00002,-0.27925,-0.098325,9.753362,16010.28599,17.095172,34998.38538
18.24,0.000148,0.200336,-0.000031,-0.328821,0.052135,9.83532,16118.88463,-120.74054,34985.89361
18.25,0.000042,0.208749,0.00016,-0.324312,-0.045085,9.799397,16141.78807,-247.45844,34987.88087
18.26,0.000117,0.216915,0.000146,-0.278975,-0.053614,9.869818,16048.81279,103.352617,34959.35567
18.27,0.00006,0.225293,0.000075,-0.274866,0.099958,9.663332,15707.47839,-36.921126,35135.90182
18.28,-0.000301,0.233513,0.00021,-0.408486,0.035193,9.81225,15679.60271,1.184124,35176.59341
18.29,-0.000195,0.241762,0.000079,-0.367306,-0.058477,9.825557,15704.37747,-265.140093,35242.97798
18.3,0.000011,0.25017,-0.0001,-0.403432,0.067261,9.854838,16135.46792,355.649427,35077.96791
18.31,-0.000036,0.258294,-0.000061,-0.356949,-0.093014,9.814611,15510.09263,-239.403238,35252.4922
18.32,-0.000043,0.266546,0.000169,-0.340873,0.091633,9.859991,15489.08982,-84.299944,35436.09858
18.33,0.000008,0.274287,0.000042,-0.39855,-0.038887,9.870006,15420.1859,361.640379,35269.34699
18.34,-0.000006,0.282592,0.000048,-0.389003,0.021,9.821012,15324.37605,-133.040384,35630.76266
18.35,0.00023,0.290673,-0.000031,-0.518996,0.009192,9.778408,15296.47817,214.557204,35256.99796
18.36,-0.000018,0.298704,0.000027,-0.516991,-0.008981,9.715862,15153.63157,139.091794,35120.92111
18.37,-0.000047,0.306807,0.000074,-0.602074,0.020233,9.800981,15120.48143,110.918765,35262.53239
18.38,-0.000144,0.314703,0.000095,-0.528639,0.048047,9.853733,15036.05138,-156.024119,35437.65678
18.39,-0.00008,0.322754,0.000121,-0.635829,0.053519,9.751134,14721.68093,176.062664,35446.45242
18.4,-0.000126,0.330586,0.000227,-0.699505,0.044607,9.79666,14627.0252,54.993829,35514.89962
18.41,0.000097,0.338422,0.000132,-0.738615,0.047625,9.855443,14735.63935,-130.708872,35628.13035
18.42,-0.000098,0.346131,0.000102,-0.69407,0.065741,9.826417,14460.32824,40.404154,35772.85665
18.43,-0.000018,0.354096,0.000051,-0.720873,-0.04069,9.683275,14643.60118,-161.872123,35963.57341
18.44,-0.000011,0.36176,0.000095,-0.819908,-0.163308,9.746186,14670.29475,98.058585,35875.32434
18.45,0.000033,0.369514,0.000125,-0.895121,0.005283,9.73512,14041.50127,37.811118,36024.66451
18.46,-0.000194,0.377125,0.00018,-0.875941,-0.045595,9.754812,14061.45723,-127.860768,36119.40469
18.47,0.000114,0.384848,0.000045,-0.838478,-0.0525,9.676495,13800.32919,-261.601289,35646.55049
18.48,-0.00015,0.392448,0.000122,-0.880948,0.038161,9.758688,13785.22235,-15.668233,36160.07124
18.49,-0.000169,0.400013,0.000096,-1.011396,0.014705,9.738107,13248.13026,226.86325,36020.87572
18.5,-0.000001,0.407369,0.000101,-0.982171,-0.015879,9.720803,13061.86015,-170.391432,36361.14838
18.51,-0.00017,0.415056,0.000065,-1.043504,-0.041183,9.775909,13528.8246,37.189743,36108.95978
18.52,-0.000141,0.422457,0.000154,-1.171859,-0.028067,9.752572,13337.46525,244.038022,35798.03482
18.53,-0.000096,0.429899,-0.000034,-1.189621,0.048708,9.734026,12917.70665,108.486888,36296.77155
18.54,-0.000012,0.43713,-0.000145,-1.186353,-0.099667,9.761662,13115.93808,-107.760354,36550.88935
18.55,0.000048,0.444293,0.000052,-1.235862,-0.100531,9.740516,12534.38643,35.986923,36522.63041
18.56,-0.000133,0.451551,-0.000043,-1.267388,-0.036674,9.667295,12582.84146,-152.207142,36728.23961
18.57,-0.000124,0.458657,-0.000053,-1.399647,0.000354,9.717786,12351.46104,331.106886,36289.32024
18.58,0.000098,0.465703,-0.000012,-1.38477,0.100585,9.708691,11949.90866,96.085702,36579.92002
18.59,-0.000067,0.472892,0.000123,-1.412073,-0.080747,9.718577,11516.43625,-278.07019,36270.87856
18.6,0.000032,0.479886,0.00002,-1.419919,-0.045816,9.801516,11696.50413,67.92913,36073.69318
18.61,-0.000036,0.486952,0.000114,-1.542136,0.006202,9.670303,11557.49206,167.27586,36650.55716
18.62,-0.000085,0.493615,0.000241,-1.581279,-0.145494,9.724513,11245.20938,213.571228,36377.93122
18.63,0.000044,0.500678,0.000083,-1.720345,0.061339,9.617636,11244.77772,165.470345,36891.877
18.64,-0.000085,0.507373,0.000025,-1.68583,0.124927,9.616319,11133.0886,277.007534,36888.81416
18.65,-0.000059,0.514155,-0.000074,-1.720161,-0.064058,9.646929,10931.48019,42.126937,37027.92966
18.66,-0.000067,0.520954,0.00001,-1.738755,0.077515,9.515798,10793.10464,381.496706,36935.99245
18.67,-0.000038,0.527359,0.000036,-1.813926,0.028741,9.682907,10646.82765,-236.608746,37261.96791
18.68,-0.00005,0.534011,-0.000097,-1.900513,0.002997,9.722056,10454.0737,-120.307279,36797.53698
18.69,-0.000004,0.540567,0.000096,-1.895018,0.105183,9.557382,10050.45131,-154.922074,37454.39195
18.7,-0.000076,0.547153,0.000024,-2.001958,0.000592,9.55594,10141.40629,173.312204,37405.94373
18.71,-0.000171,0.553491,0.000025,-1.986771,-0.057358,9.613482,9432.71354,-88.09201,37416.1917
18.72,0.000018,0.559799,0.000019,-2.148593,-0.043875,9.597762,9213.56832,206.137501,37176.33682
18.73,0.000036,0.566219,0.00012,-2.097226,-0.049422,9.497271,9240.311454,-40.964875,37505.57826
18.74,0.000051,0.572373,0.000121,-2.154023,-0.051453,9.580843,8560.0612,45.135509,37348.39246
18.75,0.000037,0.578522,0.000059,-2.171931,0.031533,9.471689,8502.127814,-86.317538,37318.35194
18.76,-0.000027,0.584787,0.000055,-2.230665,0.055275,9.50511,8657.83064,-431.5365,37709.74248
18.77,-0.00006,0.590571,0.000051,-2.370555,0.070902,9.537372,8605.102924,-58.508436,37608.14237
18.78,-0.000018,0.596466,-0.000119,-2.384277,0.054256,9.534476,8033.77421,75.188561,37712.59401
18.79,-0.000014,0.60232,0.000076,-2.321104,0.069401,9.500791,7685.644788,93.634339,37735.46218
18.8,-0.000027,0.60839,0.000199,-2.514084,-0.015016,9.539227,7456.389726,51.479451,37860.00318
18.81,-0.000007,0.614004,-0.000049,-2.638104,0.04473,9.432858,7305.185663,244.690252,37634.25486
18.82,-0.000109,0.619752,-0.000127,-2.729482,0.049595,9.468199,6902.468361,399.021989,37462.04944
18.83,-0.000033,0.625375,0.00011,-2.68119,-0.015409,9.428825,6475.180946,79.558468,37851.53385
18.84,-0.000069,0.630944,-0.000011,-2.786836,0.067781,9.481802,6668.496676,-324.715363,37692.16041
18.85,-0.00008,0.636271,0.000064,-2.816903,0.001157,9.409829,6143.767217,-128.623004,37857.04299
18.86,0.000096,0.64186,0.000086,-2.829072,0.012192,9.354292,6340.412619,-25.468431,38181.7514
18.87,-0.000125,0.64732,-0.000013,-2.946872,0.015014,9.35131,5939.481558,-362.796718,38147.66296
18.88,0.000031,0.652484,-0.00003,-3.015542,0.062984,9.360487,5327.935908,109.714105,38294.07285
18.89,0.00005,0.657683,0.000069,-3.011166,-0.043377,9.361613,5291.323862,267.925527,38284.36577
18.9,0,0.662815,0.000021,-3.117437,-0.011491,9.264939,5182.086596,8.231027,38138.00016
18.91,0.000001,0.667844,0.000059,-3.212779,-0.022308,9.28413,5191.634524,1.916407,38447.40265
18.92,-0.000098,0.672738,-0.000005,-3.247164,0.10237,9.280876,4867.981083,-116.928078,38328.49825
18.93,-0.000083,0.677785,0.000157,-3.293274,-0.003028,9.194535,4414.253139,337.482588,38191.31801
18.94,-0.000187,0.682636,-0.000139,-3.409166,0.019477,9.135338,4139.614066,-1.497008,38041.02235
18.95,-0.000131,0.687347,-0.000143,-3.350083,0.080427,9.114048,3820.189672,20.322231,37988.92005
18.96,-0.000202,0.692095,0.00006,-3.434174,0.057187,9.22143,3821.763346,-215.071568,38702.02867
18.97,-0.000049,0.696626,0.000242,-3.524676,0.084386,9.099557,3524.66111,-1.208959,38437.86967
18.98,-0.000054,0.70116,0.0002,-3.645694,0.032395,9.117575,2779.787166,-332.484838,38691.2422
18.99,0.000014,0.705664,0.000158,-3.758763,0.043056,9.140765,2914.446106,-103.436234,38375.4559
19,-0.000026,0.710137,0.000074,-3.761987,0.021039,9.110862,2798.411383,155.998019,38367.89028
19.01,-0.000129,0.714472,0.000068,-3.921792,-0.026083,8.991944,2119.027621,123.363393,38478.30314
19.02,-0.000128,0.718549,0.000137,-3.888041,-0.060362,8.944149,2060.570688,-13.388516,38427.38072
19.03,-0.000072,0.722769,0.000111,-3.934749,0.093689,8.9177,2056.096701,144.268054,38416.55676
19.04,-0.000028,0.726701,0.000109,-3.93009,0.050144,9.001364,1597.265015,100.825689,38141.86104
19.05,0.000042,0.7309,0.000195,-4.009873,-0.019162,8.977956,1123.914472,81.750643,38687.69251
19.06,-0.000008,0.734803,0.000192,-4.217248,-0.038004,8.907852,858.914278,131.036998,38286.30371
19.07,-0.000065,0.738716,0.000205,-4.16815,-0.06703,8.764894,813.082799,330.952194,38419.65317
19.08,0.000029,0.742473,0.000128,-4.251861,0.016822,8.863902,295.942714,446.301453,38436.03857
19.09,-0.000116,0.746079,0.000082,-4.342038,-0.063515,8.85363,-39.434658,206.501196,38135.22773
19.1,-0.000003,0.749579,0.000172,-4.36502,0.010734,8.873467,-730.814087,-251.800437,39020.48186
19.11,0.000009,0.753008,0.000096,-4.45787,0.078178,8.723871,-881.615034,-125.35096,38606.6802
19.12,0.000024,0.756426,0.000016,-4.681771,-0.056048,8.558568,-1171.73367,-178.739622,38487.71941
19.13,-0.000073,0.759773,0.000084,-4.613436,0.061327,8.576141,-862.284375,-128.244695,38760.78233
19.14,0.000049,0.763246,0.000158,-4.631239,-0.011707,8.67217,-1531.145979,63.815786,38663.07752
19.15,0.00005,0.766351,0.00017,-4.714635,-0.047795,8.619649,-1942.049047,86.056101,38658.76474
19.16,-0.000072,0.769398,0.000082,-4.801197,0.047516,8.651563,-1708.520738,34.170581,38747.50176
19.17,-0.000051,0.7723,0.00001,-4.875064,0.084833,8.511857,-2132.49592,-65.20349,38616.26061
19.18,-0.000063,0.77515,0.000099,-4.900299,0.012058,8.445074,-2627.017617,303.880983,38210.372
19.19,-0.000041,0.778099,0.000083,-4.990148,-0.019834,8.468681,-2665.274484,-47.4104,38560.54233
19.2,0.000024,0.780785,0.000044,-5.115485,-0.045769,8.444721,-3105.498813,-333.789854,38253.02974
19.21,-0.00018,0.783305,-0.000116,-5.100959,0.031253,8.389589,-3639.380255,325.576071,38234.58506
19.22,0.000095,0.785915,0.000095,-5.141001,0.02672,8.366829,-3684.939983,244.441389,38448.81023
19.23,0.000089,0.788523,0.000196,-5.297754,0.02877,8.242317,-4436.351211,-190.892252,38364.77143
19.24,0.000122,0.791049,0.000261,-5.386212,-0.008415,8.270132,-4442.60211,-146.894521,38390.56672
19.25,0.000015,0.793219,0.000099,-5.388116,0.092571,8.229213,-4732.601813,73.022697,38538.74887
19.26,-0.000078,0.795398,-0.000057,-5.432637,0.008775,8.084565,-5132.395879,32.031255,37929.19895
19.27,0.000163,0.797607,0.000052,-5.516191,0.004339,8.196034,-5427.397025,66.002143,38645.39587
19.28,-0.000097,0.79972,0.000034,-5.623102,-0.003149,8.027593,-5636.645339,89.069881,38000.11657
19.29,-0.000074,0.80157,-0.000069,-5.640355,-0.083675,8.033758,-6029.530691,-24.504554,38090.84247
19.3,-0.000103,0.80358,0.000236,-5.711411,0.012275,8.105302,-6315.878295,210.248718,38022.56778
19.31,0.000054,0.805504,0.000097,-5.780267,0.027486,7.92593,-6700.044327,362.219902,37702.14109
19.32,-0.000046,0.806932,0.000055,-5.785235,0.115711,7.965255,-6684.995141,89.386185,37912.01641
19.33,-0.000225,0.808635,0.000197,-5.886582,-0.060753,7.854281,-7249.554715,-132.067003,37602.42905
19.34,-0.000009,0.810285,0.000022,-6.049819,-0.041102,7.754604,-7322.001957,350.207616,37552.85802
19.35,-0.000158,0.811582,0.000021,-6.085507,0.003096,7.717251,-7962.759841,-23.965124,37757.99594
19.36,0.000068,0.813143,-0.000009,-6.129644,0.021825,7.64925,-7936.563874,-134.387859,37348.0926
19.37,-0.000069,0.814216,0.000025,-6.090074,0.03489,7.614387,-8392.26042,-107.415359,37608.65467
19.38,-0.000146,0.815406,0.000087,-6.194717,-0.03146,7.554036,-8932.660597,2.553324,37774.93371
19.39,-0.000004,0.816372,0.000046,-6.22708,-0.077732,7.557883,-9017.198877,189.891615,37207.53728
19.4,-0.000189,0.817547,-0.000033,-6.243268,-0.109346,7.60398,-9128.366485,-110.948069,37438.09947
19.41,-0.000061,0.818329,0.000005,-6.498499,-0.110766,7.323949,-9925.121445,156.454013,37266.67999
19.42,-0.000129,0.819024,0.000207,-6.520905,-0.027665,7.281268,-9770.557057,37.263583,37048.82561
19.43,-0.000015,0.819923,0.000239,-6.532691,0.043282,7.284876,-10027.46972,243.267769,37182.30054
19.44,-0.000046,0.820579,0.000058,-6.576488,0.033297,7.35816,-10612.6699,115.25623,37129.11215
19.45,0.000067,0.821115,0.000084,-6.646528,0.038442,7.24204,-11003.30516,-245.836154,37132.41612
19.46,-0.000059,0.821546,0.000158,-6.698454,-0.015344,7.17954,-11295.0881,-179.767782,36914.00584
19.47,-0.000218,0.821871,0.00002,-6.724594,-0.065044,7.086824,-11444.65765,-188.986705,36676.49728
19.48,-0.000063,0.821981,0.00012,-6.800752,0.01707,7.066775,-11747.93204,-579.990459,36573.97198
19.49,-0.00011,0.822314,0.000012,-6.792572,0.0553,6.929697,-12312.096,131.076358,36550.39865
19.5,-0.000182,0.822385,-0.000104,-6.852478,-0.033994,6.894482,-12262.01806,95.965684,36316.12955
19.51,-0.000119,0.822396,0.000056,-6.934902,-0.014962,6.793316,-12456.45821,-29.410158,36428.16216
19.52,-0.000032,0.822322,0.000243,-7.014687,0.024585,6.849017,-13286.94885,-63.974817,36392.44695
19.53,0.000001,0.822047,0.000003,-7.17392,0.042611,6.731768,-13351.76475,199.822784,36007.787
19.54,-0.000094,0.821867,0.000004,-7.111643,-0.061902,6.655585,-13713.47287,-227.971027,35845.12141
19.55,-0.000111,0.821666,0.00006,-7.312883,-0.038232,6.699835,-14344.75864,-226.396841,36276.82945
19.56,-0.000066,0.821049,0.000038,-7.254875,-0.027569,6.655946,-14053.49412,-93.025144,36118.32574
19.57,0.000085,0.820572,0.000155,-7.310111,0.040689,6.543365,-14552.70456,-153.396751,35573.9972
19.58,-0.000309,0.819928,0.000149,-7.379213,0.008341,6.488104,-14548.86024,84.102977,35554.2865
19.59,0.000136,0.819182,-0.000093,-7.368936,0.032109,6.450313,-15080.55416,-104.303857,35584.44295
19.6,0.000015,0.818316,-0.0001,-7.53577,-0.094802,6.360229,-15185.09986,122.223206,35491.42099
19.61,-0.00009,0.817561,0.000162,-7.522733,0.023616,6.231264,-15513.80439,-129.589632,35037.0703
19.62,0.000027,0.816387,0.000276,-7.574502,-0.0532,6.225182,-16056.57788,-139.712465,35505.26984
19.63,-0.000138,0.815392,-0.000069,-7.636105,-0.007937,6.174579,-16103.92195,197.212748,34882.96551
19.64,0.000079,0.814269,0.000134,-7.707745,-0.000149,6.132015,-16281.99243,6.259327,35064.11143
19.65,-0.000028,0.812966,0.000072,-7.654393,0.021748,6.075408,-17015.01375,279.184623,34791.01414
19.66,-0.000201,0.811712,0.000137,-7.750493,0.086114,6.077749,-17161.22347,77.649411,34400.05689
19.67,-0.00007,0.810188,0.000083,-7.860958,0.036317,5.922896,-17134.99444,203.489318,34358.55482
19.68,0.000101,0.808701,0.000061,-7.794968,-0.123951,5.811045,-17660.2602,19.687558,34281.57535
19.69,-0.00008,0.806919,0.000005,-8.011395,0.071416,5.794513,-17628.80935,-140.251052,34066.87383
19.7,-0.00003,0.805326,0.000064,-7.935024,0.022067,5.730695,-18185.44429,221.668636,34272.63919
19.71,0.000029,0.803595,0.000081,-7.993634,-0.020182,5.547797,-18128.11476,-282.161663,34271.45647
19.72,0.000022,0.801695,0.000055,-8.043018,-0.002039,5.5587,-19207.46048,25.95995,33728.51687
19.73,0.000006,0.799561,0.000167,-8.135102,0.067832,5.485107,-18922.42428,450.826926,33802.26562
19.74,-0.000148,0.79773,0.000059,-8.201966,0.034818,5.532932,-18978.99546,-135.924,33859.49797
19.75,0.000061,0.795519,-0.000025,-8.257266,-0.049654,5.339315,-19659.41302,135.899916,33564.32437
19.76,0.000058,0.793303,0.000068,-8.214197,0.029425,5.399859,-19585.66973,79.385013,33258.15323
19.77,-0.000028,0.791058,0.000129,-8.278495,-0.011864,5.231742,-20173.82258,151.092488,32962.67116
19.78,-0.000015,0.788432,0.000023,-8.259335,-0.029724,5.154623,-20051.77925,-33.312603,32987.60593
19.79,-0.000026,0.786235,0.000092,-8.369322,-0.000715,5.151685,-20696.21714,196.053177,32869.62954
19.8,-0.000043,0.783607,0.000049,-8.429727,0.089874,5.163548,-20964.42248,-142.782207,32232.0176
19.81,-0.000037,0.780855,-0.000072,-8.494345,0.007911,4.948435,-21050.53882,-392.719031,32276.75138
19.82,0.000049,0.778132,0.000034,-8.489904,-0.062361,4.919577,-21409.17193,56.213314,32124.45959
19.83,-0.000134,0.775281,0.000181,-8.499883,0.009195,4.799601,-21103.76111,124.234592,32027.49866
19.84,-0.000091,0.772252,0.000095,-8.653388,-0.093966,4.864462,-21668.31517,195.178766,31876.46886
19.85,-0.000174,0.769149,0.00002,-8.596937,0.004163,4.810445,-22105.8908,208.227813,31781.19737
19.86,-0.000095,0.766232,0.00001,-8.674925,0.02174,4.635859,-22659.20136,-146.364297,31532.77389
19.87,-0.000006,0.763066,0.000006,-8.649583,-0.095623,4.583756,-22188.06436,209.541465,31339.0416
19.88,-0.000074,0.759887,0.000142,-8.697665,0.005962,4.465069,-22670.24599,151.166462,31130.80526
19.89,0.000044,0.756555,-0.000229,-8.74074,0.045576,4.467707,-22762.02916,-175.510414,31090.00136
19.9,-0.000122,0.753046,0.000077,-8.71783,0.034125,4.418979,-23394.32287,-103.474571,30791.44004
19.91,-0.000175,0.749695,0.000085,-8.813176,0.004215,4.293058,-23195.29521,-461.52346,30824.80263
19.92,-0.000088,0.745999,0.000029,-8.792515,0.016897,4.335705,-23822.68824,11.079274,30772.0283
19.93,-0.000101,0.742362,0.000019,-8.742831,0.043647,4.238352,-23995.52307,-456.479379,30569.87363
19.94,-0.000157,0.738514,0.000049,-8.879012,0.043883,4.2144,-24126.11567,-35.154156,30200.24013
19.95,-0.000128,0.73485,-0.000036,-8.93335,-0.064367,4.008815,-24523.56345,-196.734425,29623.76461
19.96,0.000119,0.730908,-0.000023,-8.897608,0.024257,4.040565,-24544.53185,-144.67003,29698.96305
19.97,-0.000023,0.726943,0.000042,-9.063373,-0.028406,3.868366,-24662.50789,-156.991911,29459.14431
19.98,-0.000138,0.72278,0.000233,-9.064296,-0.028742,3.847917,-24914.19298,-330.251948,29682.13446
19.99,-0.000164,0.718669,0.00006,-8.952477,-0.064616,3.786355,-24834.71204,-17.208031,29320.98977
20,-0.000044,0.714359,0.000032,-9.09896,0.004036,3.790824,-25270.61874,-281.056164,28881.19908
20.01,0.000057,0.710139,-0.000028,-9.128068,-0.085057,3.667093,-25563.11622,-105.481994,29126.51661
20.02,0.000102,0.705589,0.000117,-9.092455,-0.055356,3.674462,-25732.72328,54.685082,28383.93911
20.03,-0.000017,0.701346,0.000091,-9.190183,-0.032763,3.537625,-26264.48326,-116.501835,28698.81999
20.04,0.000059,0.696701,0.000145,-9.064752,0.040273,3.515077,-26451.68373,-46.33056,28355.8424
20.05,-0.000003,0.692275,-0.000001,-9.238401,-0.056915,3.397634,-26521.16148,-169.006908,27993.86977
20.06,0.000071,0.687438,0.000075,-9.128112,0.066947,3.377665,-26807.13532,-496.35388,27603.19845
20.07,-0.000083,0.68267,-0.000069,-9.268949,-0.089995,3.283935,-26565.22759,-306.157508,27902.45945
20.08,-0.000153,0.677852,-0.000076,-9.228382,0.028697,3.26461,-27366.8911,-75.659782,27284.21522
20.09,0.000092,0.672851,0.000082,-9.312686,0.026336,3.174063,-27349.08982,100.067199,27221.14226
20.1,-0.000026,0.667922,0.000036,-9.252786,0.013199,3.159721,-27321.92402,-532.0405,26869.49731
20.11,-0.000065,0.662812,0.000152,-9.301151,-0.023954,3.118773,-27282.39626,111.716764,26893.08162
20.12,0.000066,0.657799,0.000092,-9.391175,0.034486,2.974599,-27710.43359,20.487718,26814.87242
20.13,-0.00005,0.652334,0.000116,-9.376153,0.014182,2.909592,-27872.01018,5.200469,26685.12849
20.14,0.000041,0.647167,0.000131,-9.428344,-0.047079,2.81808,-27747.9905,-91.008542,26007.90526
20.15,0.00008,0.64186,0.000152,-9.393087,0.016381,2.811038,-28100.4449,331.600942,26645.41673
20.16,-0.000006,0.636281,0.000019,-9.491511,0.007101,2.80378,-28330.8516,89.105409,26603.88767
20.17,-0.000069,0.630988,-0.000015,-9.487496,-0.045646,2.742736,-28833.1508,79.540747,25986.87657
20.18,-0.000071,0.625299,0.000057,-9.454623,0.05536,2.619938,-28867.4993,86.969461,25751.89048
20.19,-0.000027,0.61984,0.00013,-9.535286,-0.001728,2.575737,-29034.77091,-36.312489,25993.04464
20.2,-0.000018,0.614081,0.00007,-9.462809,-0.042938,2.496845,-29000.42716,-68.793582,25641.67565
20.21,-0.000023,0.608431,-0.000157,-9.389291,-0.028024,2.543331,-29105.05145,124.462264,25327.82642
20.22,-0.000048,0.602494,0.000159,-9.564919,0.012019,2.424344,-29341.21146,141.042644,24863.76654
20.23,-0.000128,0.596601,0.000136,-9.477412,0.000129,2.315673,-29365.50624,-116.451516,25223.16651
20.24,-0.000072,0.590443,0.000029,-9.530117,-0.075007,2.1654,-29392.72994,308.810128,24826.68374
20.25,-0.000138,0.58464,-0.000014,-9.627309,0.080239,2.279098,-29501.07073,-118.994901,24172.96003
20.26,0.000123,0.578506,-0.00001,-9.467564,0.025449,2.106753,-29581.57058,49.392896,24364.59095
20.27,-0.000077,0.572245,0.000094,-9.624255,0.016221,2.084172,-30505.99769,493.907184,24192.89414
20.28,0.000097,0.566105,0.000141,-9.633986,-0.054746,2.033545,-30111.34852,-91.182672,24163.59041
20.29,-0.000115,0.559872,0.000261,-9.694077,0.021787,1.981937,-30258.66892,-619.748319,23648.33408
20.3,-0.000155,0.553613,0.000163,-9.544107,0.084341,1.9619,-30319.78521,84.951733,23365.99918
20.31,-0.000197,0.54698,-0.000025,-9.565785,0.056095,1.923372,-30479.91342,-55.517017,22941.58516
20.32,0.000052,0.540607,0.000046,-9.638085,0.065243,1.894275,-30549.75447,-187.370196,23133.29284
20.33,0.000029,0.534135,0.00008,-9.648042,-0.025152,1.809473,-30768.68248,-418.133089,23273.81709
20.34,-0.000061,0.527644,-0.000008,-9.600781,0.035175,1.728474,-30735.10758,-107.548271,23228.57711
20.35,0.000113,0.52088,-0.000009,-9.664949,0.00868,1.687368,-30806.56635,-324.879733,22669.93829
20.36,0.000024,0.514256,-0.000113,-9.670327,-0.049101,1.617618,-31172.57036,44.209028,22434.49366
20.37,-0.000014,0.507349,-0.000012,-9.659661,0.012372,1.59402,-31460.5489,-23.127943,22626.38792
20.38,0.000036,0.500586,0.000091,-9.57262,-0.008192,1.596327,-31368.50734,215.558364,22502.43655
20.39,-0.000066,0.49397,0.000052,-9.675576,-0.023446,1.547737,-31405.75272,-45.696962,21984.00632
20.4,-0.000136,0.48679,-0.000019,-9.641456,0.001099,1.491329,-31206.80783,-190.636478,21950.97603
20.41,-0.000022,0.479918,0.000144,-9.560601,-0.044009,1.409308,-31652.3958,-183.430588,21982.50612
20.42,-0.000019,0.472909,0.000088,-9.681442,0.000699,1.332689,-31932.52446,18.379422,22113.91766
20.43,-0.000045,0.465851,0.000128,-9.740814,-0.010987,1.314854,-31898.94081,18.736684,21830.12168
20.44,0.000035,0.458654,-0.000095,-9.719738,0.08054,1.295382,-31933.36602,130.122271,21204.65982
20.45,-0.000104,0.451552,-0.000158,-9.746943,0.035535,1.272607,-32244.28725,206.040268,21235.04903
20.46,-0.000075,0.444344,0.00001,-9.787044,-0.029755,1.142008,-32279.08828,383.139432,21109.33999
20.47,-0.000132,0.437185,0.00018,-9.721775,0.044045,1.143321,-32073.79188,52.087625,21028.86746
20.48,-0.000057,0.429828,0.000172,-9.681334,-0.02782,1.096597,-32329.59048,-30.853861,20683.65001
20.49,-0.000133,0.422579,-0.000023,-9.751308,0.010136,1.15466,-32286.31731,-6.39662,21039.44379
20.5,-0.000057,0.414836,0.000065,-9.807904,0.029166,1.034982,-32513.61449,-69.085367,20173.14158
20.51,-0.000149,0.407472,0.000153,-9.697199,-0.065855,0.93333,-32675.61379,152.506004,20426.52471
20.52,-0.000016,0.399946,0.000193,-9.674745,0.064076,1.006366,-32698.72304,-387.306524,20450.33993
20.53,-0.000113,0.392506,0.000032,-9.769899,0.054225,0.914616,-32853.70875,-266.638137,20496.1572
20.54,-0.000016,0.384834,0.000069,-9.821599,-0.005778,0.863161,-32786.45376,-0.241622,20062.58523
20.55,-0.00004,0.37713,0.000008,-9.822407,-0.027651,0.80479,-33035.50827,-39.133153,20072.34624
20.56,0.000003,0.369514,-0.000044,-9.747416,0.049715,0.859265,-33075.56572,68.39323,20143.69356
20.57,-0.000097,0.361749,0.000053,-9.721501,-0.052365,0.796718,-33049.78284,129.219381,19947.32871
20.58,-0.00002,0.354063,0,-9.738357,0.021658,0.686271,-33180.71441,108.699805,19676.39572
20.59,-0.000034,0.346142,-0.000194,-9.927152,0.008839,0.657986,-33340.20563,-119.015371,20070.52689
20.6,-0.000041,0.338286,-0.000026,-9.739017,-0.072796,0.693655,-33336.18905,145.620258,19307.50627
20.61,-0.000141,0.330617,-0.000049,-9.807766,-0.065519,0.611384,-33527.33331,-383.636942,19269.92909
20.62,-0.000012,0.322614,-0.000051,-9.795689,0.042434,0.642298,-33078.943,46.252358,18988.83791
20.63,-0.000174,0.314757,0.00009,-9.728056,0.038627,0.548616,-33354.1692,94.45471,19098.14614
20.64,0.000031,0.306902,0.00008,-9.813654,0.008771,0.524079,-33814.92104,-23.189454,19196.03069
20.65,-0.000013,0.298723,0.000065,-9.875926,-0.102339,0.550118,-33622.76908,339.35578,18939.37431
20.66,-0.000068,0.290615,0.000229,-9.789076,0.099411,0.458083,-33713.59333,17.522035,19047.97763
20.67,-0.0002,0.282642,0.000094,-9.74411,0.008056,0.480242,-34041.96181,-122.608454,18440.59098
20.68,-0.000025,0.274433,0.000038,-9.793951,0.055938,0.454735,-33734.79765,131.531973,18596.83283
20.69,-0.000079,0.266289,0.000051,-9.822156,-0.004573,0.391309,-33981.80763,73.56943,18145.54435
20.7,-0.000074,0.258171,0.000114,-9.795522,0.011957,0.356085,-33671.52736,-97.363496,18710.84883
20.71,-0.000131,0.250066,0.000001,-9.829373,0.000175,0.264209,-34022.4616,308.685445,18542.12246
20.72,-0.000002,0.241815,0.000075,-9.781022,0.019239,0.173911,-33892.87928,-433.082137,18197.2499
20.73,-0.000125,0.233496,-0.000021,-9.856862,-0.000531,0.193697,-33881.07462,-147.590779,18369.66835
20.74,-0.000024,0.225358,0.000147,-9.780919,0.049826,0.307836,-34190.93261,-110.073704,18546.23042
20.75,-0.000083,0.217004,-0.000088,-9.756216,-0.00477,0.305636,-34085.3668,-150.157568,17961.48523
20.76,-0.000233,0.208602,-0.000005,-9.768969,-0.005924,0.246746,-33915.00347,-226.789504,17905.66097
20.77,-0.000175,0.20018,0.000099,-9.88781,-0.067274,0.273209,-34085.56056,-18.5674,17960.33719
20.78,-0.00011,0.191824,0.000255,-9.753003,-0.040657,0.127163,-34411.91372,264.877747,17946.06992
20.79,-0.000026,0.183557,0.000111,-9.90463,0.058128,0.202929,-33928.25511,218.48121,17955.58231
20.8,-0.000107,0.175318,-0.000082,-9.71003,0.063873,0.270293,-34311.79043,127.947426,17520.40484
20.81,-0.000155,0.166743,-0.000015,-9.764346,-0.027876,0.13516,-34178.18348,-194.154212,17826.133
20.82,0.000081,0.158172,-0.000012,-9.750574,-0.071283,0.165137,-34072.70894,-147.557726,17495.4047
20.83,-0.000021,0.1499,0.000139,-9.827245,0.064671,0.093943,-34436.16802,-335.790087,17488.49945
20.84,-0.000012,0.141566,0.00001,-9.843509,0.048078,-0.053488,-34687.97771,-202.864546,17260.494
20.85,-0.000027,0.132956,0.000023,-9.753501,0.01476,0.064831,-34338.46537,148.047227,17529.07406
20.86,-0.000068,0.124335,-0.000005,-9.773757,-0.024258,0.114013,-34540.90042,129.120633,17672.24733
20.87,-0.000141,0.115806,-0.000084,-9.802599,0.037959,0.023407,-34707.12434,366.085512,17483.58148
20.88,-0.00001,0.107183,0.00023,-9.841075,0.092492,0.076187,-34470.12742,-10.510475,17184.01115
20.89,0.000105,0.098872,0.000032,-9.816457,-0.045514,0.024807,-34412.57925,547.397906,16913.87097
20.9,-0.000094,0.090327,0.000066,-9.795663,-0.060873,0.039853,-34470.48873,-36.256786,16941.65625
20.91,0.000005,0.081592,0.000142,-9.820492,-0.098485,0.034468,-34490.28809,-47.920996,17533.75287
20.92,-0.000113,0.073089,-0.000101,-9.746241,-0.022035,0.016081,-34530.90901,187.877002,17122.47624
20.93,-0.0001,0.064541,0.00001,-9.794648,-0.030469,-0.067042,-34629.17869,134.883534,17000.24684
20.94,-0.000082,0.055976,0.000043,-9.806145,-0.022639,-0.017502,-34527.67085,22.125635,17049.3415
20.95,0.000064,0.047101,0.000099,-9.738088,0.005265,-0.02712,-34517.77502,429.516604,16980.27413
20.96,0,0.038576,-0.000064,-9.84215,0.079577,0.047112,-34743.10738,275.653976,16898.64471
20.97,0.000032,0.030012,-0.000006,-9.896907,0.030075,-0.021424,-34828.5635,-167.020952,17174.26309
20.98,0.000008,0.021468,0.000091,-9.83699,0.056044,0.037358,-34395.88262,-90.978057,17160.20405
20.99,-0.000119,0.012911,0.000143,-9.850252,-0.001175,0.032138,-34804.65577,173.941385,17163.40405
21,-0.000016,0.004082,0.000106,-9.813638,0.020542,-0.035263,-34593.96305,-29.963816,17330.47467
21.01,-0.000039,-0.004418,0.00017,-9.74283,0.072647,-0.03293,-34544.24446,-107.995554,17287.22648
21.02,-0.000196,-0.012789,-0.000006,-9.878924,-0.023932,0.044939,-34792.49676,-186.146892,17256.00781
21.03,0.000093,-0.021567,-0.000067,-9.797255,-0.002973,0.012685,-34697.02883,-287.776153,16803.03351
21.04,-0.000036,-0.030143,0.000096,-9.881853,-0.002428,0.001359,-34541.94921,-33.382841,16900.46056
21.05,0.000048,-0.038855,0.000092,-9.839387,0.039498,-0.02258,-34483.28731,-268.509092,16744.0668
21.06,0.00002,-0.047401,-0.000032,-9.839745,0.034921,0.046772,-34524.43853,-438.493559,17045.84837
21.07,-0.000127,-0.055908,0.000118,-9.803966,0.011417,0.040129,-34417.4607,-309.293933,16713.26975
21.08,-0.000116,-0.06468,0.000156,-9.790638,-0.049368,0.068769,-34456.00984,85.853505,17550.54621
21.09,-0.000179,-0.073132,-0.000021,-9.706402,0.019218,0.020831,-34564.605,-37.481903,16977.13459
21.1,-0.000197,-0.08171,0.000032,-9.748485,0.031442,0.004476,-34297.66679,248.181181,17151.90008
21.11,0.000081,-0.090089,0.000032,-9.812193,-0.028933,0.102478,-34415.54868,255.290083,17258.71547
21.12,0.000045,-0.098751,0.000003,-9.873179,0.062899,0.026656,-34139.17994,256.213923,17266.01501
21.13,-0.00012,-0.107247,0.000017,-9.792261,-0.021928,0.090454,-34528.80434,-127.263976,17129.50162
21.14,-0.000047,-0.115945,0.000037,-9.748847,0.031489,0.021549,-34048.33925,-74.186777,17218.3307
21.15,-0.000097,-0.124375,0.000158,-9.819968,0.006751,0.189272,-34621.07848,-124.979915,17553.98102
21.16,-0.000077,-0.133067,0.000053,-9.832594,-0.020151,0.068965,-34293.82296,-477.582407,17507.18893
21.17,-0.000174,-0.141494,0.000156,-9.809333,0.033151,0.071954,-34235.03319,129.302653,17755.13846
21.18,0.000157,-0.149883,-0.000044,-9.735997,0.063359,0.176862,-34222.54098,470.658594,17421.52969
21.19,0.000023,-0.158571,-0.000012,-9.774892,0.122808,0.098752,-34059.579,-154.534644,17512.1213
21.2,0.000088,-0.166754,-0.000071,-9.833622,0.108165,0.106689,-33915.05162,184.26138,17539.49652
21.21,-0.000189,-0.175169,0.000045,-9.789882,-0.008632,0.138467,-34124.39355,-337.918729,17582.16463
21.22,-0.000096,-0.183613,-0.000001,-9.852969,-0.010789,0.217105,-34341.72093,-326.096809,17903.96439
21.23,-0.000211,-0.191964,-0.000008,-9.780166,0.029805,0.225819,-34416.63981,-30.89406,18121.34946
21.24,-0.000131,-0.200514,0.00007,-9.802846,0.030711,0.21002,-34009.10926,-146.79572,17838.91021
21.25,-0.000114,-0.208686,0.000026,-9.870736,0.042112,0.157841,-34011.39831,-269.839306,18096.51243
21.26,0.00005,-0.217093,-0.000008,-9.775246,0.064169,0.220846,-33950.77397,269.020977,18095.8984
21.27,-0.000215,-0.22545,0.000111,-9.914915,-0.043009,0.321168,-33979.16785,-342.342856,18198.83331
21.28,0.000221,-0.233734,-0.000041,-9.850694,0.051844,0.360963,-33771.14574,23.730769,18200.4153
21.29,-0.000015,-0.241829,-0.00001,-9.850969,0.038511,0.279806,-34011.89898,-131.83902,18329.23412
21.3,-0.000037,-0.250229,0.000023,-9.823129,0.011335,0.443539,-34147.13905,129.594308,18337.78177
21.31,0.000034,-0.258139,0.000034,-9.759492,0.075361,0.329048,-33730.32622,-54.230471,18472.15243
21.32,-0.000067,-0.266404,0.000145,-9.636424,-0.04458,0.442135,-34012.95255,389.032539,18778.71783
21.33,-0.000002,-0.274642,0.00008,-9.718137,0.025828,0.515936,-33687.19242,-203.189872,19043.46267
21.34,0.00004,-0.282743,-0.000067,-9.857568,-0.056903,0.460401,-33574.15398,-38.569761,18629.96326
21.35,0,-0.290722,0.000133,-9.822767,0.005462,0.494772,-33636.51529,254.209988,18693.03784
21.36,-0.000036,-0.29885,0.000011,-9.851531,0.011029,0.469465,-33581.49208,-11.822989,19072.89821
21.37,-0.000133,-0.306884,0,-9.826149,0.015827,0.525094,-33284.56161,15.596243,19135.13247
21.38,-0.000086,-0.314679,-0.000057,-9.790168,0.032752,0.676266,-33371.23854,-146.186084,19157.36682
21.39,-0.000048,-0.322767,0.000178,-9.726436,0.044492,0.6579,-33615.0995,38.4513,19275.32814
21.4,-0.000021,-0.330653,0.00012,-9.848627,-0.043516,0.621005,-33282.76335,-128.358565,19844.74037
21.41,-0.000038,-0.33853,0.000183,-9.81034,-0.007259,0.649935,-33035.25643,-53.311191,19327.44327
21.42,0.000018,-0.346169,0.00015,-9.802502,0.055974,0.709729,-33186.24863,-50.214354,19611.29256
21.43,0.000024,-0.354101,-0.000045,-9.875758,-0.0148,0.759105,-33041.70268,-221.480931,19581.21188
21.44,0.000018,-0.36186,0.000108,-9.793265,0.107618,0.848829,-33029.9059,-378.555828,20301.24034
21.45,-0.000044,-0.369641,-0.000038,-9.686351,-0.03162,0.876275,-32795.38969,56.103921,20157.39334
21.46,0.000017,-0.377143,0.000025,-9.756341,-0.005013,0.832456,-32853.64939,-10.278625,20181.52584
21.47,-0.000004,-0.384767,-0.000023,-9.754648,-0.098636,0.960617,-32789.53793,210.4625,20224.89433
21.48,-0.000073,-0.392575,0.000152,-9.621329,0.074362,0.844609,-32506.96574,338.519357,20483.89082
21.49,-0.00002,-0.400065,-0.000094,-9.748427,-0.03888,0.958348,-32623.79311,-236.905233,20372.09476
21.5,-0.000059,-0.407442,0.000024,-9.767763,0.058312,1.065897,-32778.01216,-22.02388,20805.03867
21.51,-0.00008,-0.414932,-0.000057,-9.792236,0.027263,1.077295,-32804.76058,72.236792,20412.83959
21.52,-0.000038,-0.422349,-0.000017,-9.642539,-0.075142,1.104652,-32482.59702,135.513498,20779.53622
21.53,-0.000115,-0.429746,0.000042,-9.788275,-0.002749,1.050329,-32049.77987,33.583139,20982.45551
21.54,-0.000063,-0.43707,0.00007,-9.782271,-0.006833,1.164677,-32212.88829,-23.699571,21229.90398
21.55,-0.000123,-0.444417,0.000089,-9.77471,-0.007683,1.209509,-32368.41065,-26.637075,21165.38745
21.56,0.000054,-0.451465,-0.000023,-9.77129,-0.013819,1.283005,-31999.83509,-151.266356,21471.37217
21.57,0.000052,-0.458691,0.000048,-9.702123,-0.088929,1.305716,-31556.59048,390.612979,21535.47524
21.58,0,-0.465808,0.000205,-9.653194,-0.074132,1.377985,-31801.14693,142.850353,21656.58277
21.59,-0.000134,-0.4729,0.000039,-9.730544,0.052894,1.478928,-31705.73614,-117.118809,22047.16893
21.6,-0.00006,-0.479873,0.000121,-9.685617,-0.026852,1.384452,-31792.48136,409.016901,21863.07904
21.61,-0.00013,-0.486965,0.00007,-9.718309,-0.04395,1.513034,-31502.53659,290.453138,22294.78385
21.62,-0.000165,-0.49378,0.000044,-9.606446,0.093803,1.574355,-31843.38836,150.221004,22377.08822
21.63,-0.000028,-0.500686,0.000207,-9.669837,-0.008135,1.622522,-31172.16819,-335.869392,22980.78124
21.64,-0.000039,-0.507551,0.000201,-9.677898,0.086396,1.619165,-31479.68569,258.94031,22448.08941
21.65,-0.000086,-0.514315,-0.000069,-9.653138,-0.032141,1.753768,-31282.52003,171.801764,22710.9824
21.66,0.000051,-0.52094,0.000092,-9.559634,0.031929,1.766756,-30518.84288,292.030384,23096.18412
21.67,-0.000028,-0.527611,-0.000017,-9.637584,0.02778,1.784722,-30900.64161,-78.613747,23253.08912
21.68,-0.000109,-0.534141,0.000062,-9.547791,0.087289,1.910091,-30608.69696,-83.271408,23341.86047
21.69,0.000099,-0.540763,0.000009,-9.579035,-0.020592,2.003131,-30510.48871,205.155246,23359.81002
21.7,-0.00013,-0.547039,-0.000055,-9.677793,-0.036391,2.070574,-30433.47749,176.785986,23773.11101
21.71,0.000025,-0.553434,0.000039,-9.618215,-0.040574,1.935961,-30822.26238,139.468786,23730.09736
21.72,0.000021,-0.560082,0.000018,-9.534421,0.059381,2.082679,-29948.38368,-73.547889,23792.88363
21.73,-0.000185,-0.566162,0.000052,-9.654889,-0.003955,2.087593,-29434.86348,-189.122369,23891.22569
21.74,-0.000108,-0.572311,0.000082,-9.516393,0.073461,2.20354,-29871.51235,169.226442,24442.72462
21.75,-0.000087,-0.578591,-0.000076,-9.527195,0.077563,2.321514,-29707.89037,-207.414632,24923.93356
21.76,-0.000058,-0.584454,-0.00001,-9.594069,0.023334,2.234691,-29933.94521,58.849302,24386.99527
21.77,-0.000005,-0.59071,0.000121,-9.559079,0.057849,2.29421,-29405.02265,3.650009,24955.23026
21.78,-0.000004,-0.596644,-0.000102,-9.514948,0.063093,2.429167,-29509.5687,-166.652957,24612.39413
21.79,-0.000086,-0.602416,0.00003,-9.57332,-0.003507,2.452533,-29321.40236,-219.623024,25132.29183
21.8,0.000013,-0.608391,-0.00011,-9.521317,0.102938,2.524624,-29209.40247,55.563899,25392.68144
21.81,-0.000005,-0.614085,0.000002,-9.458054,0.053012,2.588272,-28689.0692,186.094246,25476.56606
21.82,-0.000074,-0.619783,0,-9.509699,0.002405,2.660078,-28500.82399,127.76101,25438.15487
21.83,-0.000012,-0.625453,-0.000152,-9.419291,0.054876,2.741528,-28248.01096,-183.878483,25906.54644
21.84,-0.000054,-0.631046,-0.000021,-9.384278,-0.005369,2.760052,-28085.97126,-92.293618,26301.22888
21.85,-0.000007,-0.636527,0.000098,-9.29609,-0.078625,2.873857,-28314.16705,-106.066553,26511.90791
21.86,0.000053,-0.641893,-0.000082,-9.351237,-0.031109,2.878004,-28079.10705,214.693302,26761.69737
21.87,-0.000105,-0.647176,0.000029,-9.324375,-0.065986,2.947503,-27716.50611,121.14561,26525.79409
21.88,-0.000111,-0.652541,0.000095,-9.306323,-0.040645,3.006976,-27799.95001,36.476422,26928.88343
21.89,-0.000019,-0.657685,-0.000019,-9.245789,0.013275,3.01945,-27774.30078,-85.10801,27015.97322
21.9,-0.000065,-0.662897,0.00005,-9.372891,-0.083629,3.172157,-27143.33495,-20.540199,26991.74141
21.91,-0.000222,-0.667959,-0.000064,-9.283045,-0.001238,3.175161,-27116.99676,-160.060694,27244.3976
21.92,0.000079,-0.672793,0.000197,-9.2879,0.090181,3.282307,-26876.23386,468.998923,27973.98843
21.93,0.000029,-0.677885,0.000135,-9.156082,-0.055582,3.34037,-27024.51177,476.199895,27431.63611
21.94,-0.000058,-0.682631,-0.000026,-9.174182,-0.052262,3.330702,-26664.16873,-120.164565,28176.42607
21.95,-0.000092,-0.68741,0.000205,-9.223614,0.05395,3.447992,-26474.31802,195.491327,28008.56112
21.96,-0.000043,-0.691946,0.00029,-9.194278,0.038072,3.467908,-26222.38209,-124.328652,28244.01989
21.97,-0.000152,-0.696758,-0.00003,-9.128375,0.00007,3.522082,-26118.01578,433.268189,28775.09246
21.98,-0.000053,-0.70134,0.000046,-9.062618,0.006314,3.515614,-25569.48975,490.799229,28616.77652
21.99,0.000042,-0.705675,0.000075,-9.092812,0.077526,3.58214,-25737.7431,-158.037349,28523.64315
22,-0.000041,-0.71013,0.000063,-9.012421,0.015005,3.696549,-25442.15693,57.38285,28802.73417
22.01,0.000009,-0.714446,0.000096,-9.031133,-0.052239,3.746103,-25130.38899,29.488216,29057.09466
22.02,-0.000154,-0.718606,0.000203,-8.983493,0.01747,3.797578,-25200.08705,35.685975,29338.79934
22.03,-0.000025,-0.722945,0.000169,-9.00069,0.005019,3.873634,-24920.21131,-312.563776,29869.9517
22.04,-0.000069,-0.727151,0.000034,-8.892104,-0.032856,4.035826,-24368.53684,-83.125744,29576.31232
22.05,0.000012,-0.73085,0.000159,-8.884028,-0.042757,4.098554,-24177.2975,-107.217624,29958.6078
22.06,0.000013,-0.734783,-0.000118,-8.879859,0.023405,4.125564,-24545.35031,48.526561,30253.34629
22.07,-0.000137,-0.738607,0.000111,-8.807041,0.038704,4.288247,-23649.97282,99.819228,30420.74826
22.08,-0.000129,-0.742424,0.000093,-8.770744,-0.063071,4.250409,-23582.61101,21.649264,30378.74684
22.09,-0.000205,-0.746207,0.000033,-8.769946,0.052713,4.309645,-23790.56316,-198.548268,30677.06251
22.1,-0.000019,-0.749665,-0.000146,-8.757706,0.018768,4.404499,-23583.32394,235.062727,30953.22041
22.11,-0.000039,-0.753242,0.000109,-8.675485,-0.045123,4.500589,-23207.16684,170.969419,30892.74905
22.12,-0.000049,-0.756525,0.000108,-8.729772,0.024621,4.496074,-22411.60747,-128.283966,31363.08379
22.13,-0.000086,-0.759813,0.00016,-8.670015,0.049137,4.560411,-22747.71042,-225.47362,30866.24893
22.14,-0.000006,-0.763024,-0.000002,-8.617072,0.035006,4.667916,-22212.2205,-238.155952,31755.8604
22.15,0.000039,-0.766286,-0.000033,-8.597963,0.003999,4.695797,-22318.94607,138.504867,31773.16493
22.16,-0.000047,-0.769442,0.000005,-8.510884,0.039089,4.890451,-21910.80974,-14.45116,32253.48654
22.17,-0.000033,-0.772307,0.000025,-8.496827,0.057055,4.846744,-21608.3244,203.436784,32153.78244
22.18,-0.00003,-0.775443,0.000062,-8.449027,-0.041353,4.948977,-21202.1245,-377.963671,32037.15682
22.19,0.000059,-0.778078,0.000094,-8.449508,0.050528,4.903405,-20959.02336,206.387904,32156.08408
22.2,-0.000086,-0.78098,0.000045,-8.402886,-0.01107,5.101117,-21147.71326,-337.039331,32469.84959
22.21,-0.000156,-0.783663,0.000134,-8.38972,-0.017149,5.195875,-20687.25118,126.995644,32725.17209
22.22,-0.00012,-0.785977,-0.000071,-8.344788,-0.015359,5.255541,-20329.17588,-304.140897,32791.44411
22.23,-0.000003,-0.788723,0.000068,-8.375634,0.023358,5.281959,-19926.23279,-3.151643,33083.89939
22.24,-0.00013,-0.791021,0.000039,-8.218312,-0.083444,5.261234,-19866.93032,133.083114,33242.88711
22.25,-0.000079,-0.793296,0.000183,-8.228985,-0.038217,5.428347,-19492.25559,-20.540118,33128.57521
22.26,-0.000092,-0.795493,0.00006,-8.166972,0.072899,5.459443,-19294.06663,-167.36792,33649.33483
22.27,-0.000043,-0.797522,-0.000135,-8.071665,-0.028781,5.496445,-18912.66323,-251.628746,33526.9305
22.28,-0.000099,-0.799923,0.000026,-8.036069,0.046317,5.558032,-18407.51496,308.487714,33965.49125
22.29,-0.00006,-0.801403,0.000083,-7.949421,-0.008074,5.730926,-18653.72123,142.066585,33604.49642
22.3,0.000115,-0.803499,0.000015,-8.026401,-0.013325,5.750545,-17761.19215,393.602763,33762.67228
22.31,0.000001,-0.805258,0.000068,-7.923566,-0.024423,5.814447,-17799.38189,-266.624754,34198.1865
22.32,-0.000022,-0.807061,-0.000077,-7.827055,-0.015908,5.884032,-17707.36896,-213.583861,34495.98773
22.33,-0.000111,-0.808689,0.0001,-7.846626,-0.034876,5.972825,-17267.54348,192.380677,34542.1405
22.34,-0.00012,-0.810272,0.000042,-7.805028,-0.020146,6.010616,-17235.11493,-140.725824,34790.81038
22.35,-0.000054,-0.81162,0.000062,-7.776573,-0.042227,6.023689,-16515.40541,-86.899188,35146.05328
22.36,-0.000026,-0.81315,-0.000039,-7.675171,0.049018,6.089855,-16330.16067,337.995817,34973.12518
22.37,-0.000013,-0.814424,0.000076,-7.661413,-0.058914,6.145659,-15893.65569,-106.796464,34980.0137
22.38,-0.000098,-0.815525,0.000108,-7.601847,0.057377,6.144948,-16204.97312,44.123489,34866.55249
22.39,-0.000099,-0.816608,-0.000006,-7.614866,-0.08741,6.273248,-15530.8144,-99.123043,35043.21226
22.4,-0.000036,-0.817286,-0.000131,-7.45569,0.082016,6.267217,-15386.33483,-113.257635,35141.13607
22.41,-0.000043,-0.818445,0.000135,-7.417274,-0.026942,6.485909,-14702.91972,-200.690405,35731.10513
22.42,-0.000073,-0.819449,0.000167,-7.35543,0.07727,6.466328,-14454.14613,178.976634,35525.45005
22.43,-0.000136,-0.819961,-0.000067,-7.266894,0.020551,6.496684,-14593.67379,-266.434626,35483.50689
22.44,-0.000136,-0.82063,0.000126,-7.219422,-0.012023,6.477748,-14401.46916,-120.698326,35885.07598
22.45,0.000032,-0.82118,0.000095,-7.216193,-0.056975,6.672765,-13672.89931,-259.804059,36143.94791
22.46,-0.000074,-0.821569,0.000065,-7.081258,0.017509,6.733144,-13743.70533,488.135428,36339.75979
22.47,0.000012,-0.821993,0.00004,-7.16112,-0.035802,6.735815,-12849.12382,69.49856,36013.08124
22.48,-0.000023,-0.822202,-0.000018,-6.949323,-0.017691,6.836192,-13263.49898,25.297525,35986.05464
22.49,0.000108,-0.82243,0.000117,-7.078654,-0.02192,6.886442,-12525.41048,129.996932,36232.85519
22.5,-0.000024,-0.822375,-0.000138,-6.93894,-0.011567,6.958829,-12132.75055,18.209976,36571.43406
22.51,0.000136,-0.822499,-0.000056,-6.851158,-0.056484,6.928911,-11930.77919,-170.813815,36592.9292
22.52,-0.000031,-0.822195,0.000095,-6.790083,0.042118,6.983872,-11961.6675,96.597062,36541.80794
22.53,-0.000149,-0.82225,0.000167,-6.726103,-0.065995,7.098116,-11189.67809,201.946397,36664.87932
22.54,-0.000164,-0.821955,0.000026,-6.638157,-0.077651,7.161278,-11170.2432,-25.376763,37163.99134
22.55,0.000146,-0.821605,0.000165,-6.652397,-0.053392,7.253689,-10747.54372,42.878352,37437.17883
22.56,-0.000101,-0.821198,0.000138,-6.628445,-0.030572,7.216302,-10514.99748,43.268399,37072.65926
22.57,0.000012,-0.820738,0.000106,-6.501243,0.029507,7.391018,-10153.59935,-224.092969,37445.06025
22.58,0.000014,-0.82001,0.00007,-6.474441,-0.038757,7.450681,-10132.51624,-301.808509,37431.94066
22.59,-0.000019,-0.819278,0,-6.432321,0.035324,7.509447,-9373.703227,16.271451,37179.63013
22.6,-0.0001,-0.818449,-0.000064,-6.30202,-0.087828,7.430495,-9757.498706,166.643979,37215.45122
22.61,-0.000046,-0.817655,0.000057,-6.318465,0.042905,7.495048,-8942.319623,-108.971919,37646.42543
22.62,-0.00005,-0.816625,0.000125,-6.180349,0.012233,7.592336,-8846.785223,69.827939,37454.78542
22.63,0.000126,-0.815341,-0.000068,-6.157361,-0.035778,7.7021,-8463.388769,-185.309751,37852.64988
22.64,0.000068,-0.814268,0.000046,-6.087975,0.075536,7.639512,-8472.141292,138.727113,37481.44086
22.65,-0.000094,-0.81303,0.000171,-6.115169,0.070213,7.675848,-7872.488082,196.681503,37472.30767
22.66,0.000005,-0.811718,-0.000007,-5.963238,-0.017683,7.774329,-7284.122571,-101.387216,37978.57348
22.67,-0.000078,-0.810195,0.000212,-5.922195,-0.053583,7.770631,-7008.299895,204.709718,37794.35237
22.68,-0.000134,-0.808721,0.000017,-5.832103,-0.034828,7.962259,-6804.481012,-134.222268,37949.09875
22.69,-0.000108,-0.807072,0.000098,-5.775064,0.069378,7.900429,-6639.112521,160.033346,38548.59913
22.7,-0.000165,-0.805494,0.000154,-5.675625,-0.029386,7.923527,-6064.992471,-209.291307,38023.09514
22.71,-0.000015,-0.803568,0.000007,-5.662987,-0.009903,8.144077,-5982.287876,-290.367765,37863.15944
22.72,-0.000075,-0.801695,0.000008,-5.652574,-0.032545,8.095793,-5545.947152,-281.660399,38559.09341
22.73,-0.000138,-0.799768,0.000129,-5.530275,0.006838,8.143207,-5685.280425,-36.503174,38504.98309
22.74,-0.000132,-0.797622,0.000111,-5.464316,-0.035807,8.081292,-4944.464509,178.199454,37809.57578
22.75,-0.000117,-0.795571,0.000047,-5.395924,0.026483,8.201965,-4816.334941,-300.207465,38103.5315
22.76,0.000012,-0.793285,-0.000062,-5.269448,-0.021105,8.247914,-4395.434526,-191.67811,38463.74737
22.77,-0.000159,-0.790938,0.00006,-5.303641,-0.095842,8.304582,-4336.68953,10.893192,38213.05365
22.78,-0.000006,-0.788595,0.000183,-5.220045,0.031144,8.286422,-4031.55377,-249.375963,38224.42608
22.79,-0.000147,-0.78604,-0.00002,-5.207995,-0.045808,8.342687,-3252.049705,-266.939659,38455.3339
22.8,0.00002,-0.783443,-0.000069,-5.100006,-0.014953,8.424563,-3681.095675,113.638034,38230.77778
22.81,-0.000008,-0.780921,0.000026,-5.001108,0.02224,8.428946,-3013.422372,64.189996,38400.33714
22.82,-0.000039,-0.778241,-0.000033,-4.968479,-0.04977,8.366166,-2554.242808,-45.087463,38477.32875
22.83,0.000014,-0.775245,0.000002,-4.839677,0.053282,8.463832,-2617.797053,-107.784081,38384.1275
22.84,-0.000168,-0.7722,0.000146,-4.850187,-0.043823,8.566951,-2343.013342,51.669242,38520.34687
22.85,-0.000011,-0.769487,0,-4.732428,-0.012983,8.584258,-1968.719987,-43.385746,38562.57494
22.86,-0.000021,-0.766394,0.000189,-4.753815,-0.007867,8.613385,-1557.690388,79.671812,38622.14999
22.87,-0.000031,-0.763107,-0.000038,-4.58145,-0.036892,8.631859,-1391.420284,145.828466,38785.74135
22.88,-0.000121,-0.759955,0.000074,-4.529067,0.131085,8.663015,-1020.25289,106.106083,38140.28169
22.89,-0.000065,-0.756574,0.000078,-4.372645,-0.047175,8.729844,-1044.693447,-30.093359,38296.87551
22.9,-0.000023,-0.753001,0.000034,-4.453736,0.066308,8.76722,-119.440732,324.051084,38455.41752
22.91,-0.00013,-0.749627,0.000177,-4.331754,0.049736,8.858172,-129.190712,96.556339,38650.4024
22.92,-0.00009,-0.746036,0.00002,-4.308346,0.011316,8.801479,407.025705,-207.973137,38622.54297
22.93,-0.000008,-0.742351,-0.000019,-4.152484,-0.105078,8.965665,606.7998,-316.126783,38404.61239
22.94,-0.000062,-0.738544,0.000145,-4.155659,-0.103552,8.902279,1042.002541,-137.915013,38159.67275
22.95,0.000037,-0.734721,0.000022,-4.120467,0.000815,8.92473,1260.035882,135.276018,38392.84083
22.96,-0.000074,-0.730805,-0.00005,-3.96058,-0.09137,8.967695,1387.417056,23.261394,38287.52057
22.97,-0.000047,-0.727054,0.000018,-3.891094,-0.065118,9.014136,1737.888297,238.886421,38622.92571
22.98,-0.000103,-0.722928,0.0001,-3.843099,-0.027376,8.910547,1993.595408,-117.967897,38915.79426
22.99,-0.000105,-0.718707,0.000029,-3.810851,-0.024201,9.110606,1897.069911,-59.758923,38296.39395
23,-0.000105,-0.714326,0.000008,-3.765363,0.034309,9.077573,2343.512946,-78.882093,38364.68827
23.01,-0.000025,-0.710253,0.00001,-3.679771,-0.062075,9.050673,3083.33991,298.302973,38653.73848
23.02,-0.00007,-0.705783,0.000001,-3.61993,-0.004645,9.10724,3194.505586,-118.552317,38287.58506
23.03,-0.00003,-0.701162,0.000039,-3.522863,0.001794,9.173228,3664.23565,89.558303,37991.35497
23.04,-0.000054,-0.69679,0.000268,-3.492889,0.018135,9.136426,3508.743158,-318.146235,38365.3062
23.05,0.000096,-0.692094,0.000111,-3.508136,0.041482,9.229152,4075.611286,232.389485,38296.67884
23.06,-0.000103,-0.687464,0.000069,-3.338451,-0.040525,9.264267,4143.512134,-72.736783,37964.57534
23.07,-0.000032,-0.682758,-0.000016,-3.302773,0.007811,9.199234,4291.159466,-63.49829,38313.59631
23.08,0.000002,-0.677817,-0.00013,-3.269257,-0.031893,9.272895,4758.287463,-60.126321,38322.9921
23.09,-0.000034,-0.672819,-0.000004,-3.216608,-0.001928,9.249172,4595.13502,-5.166832,38179.21895
23.1,-0.000022,-0.668064,0.000122,-3.184087,0.002062,9.303676,5536.273471,-155.215284,38395.29612
23.11,-0.000138,-0.662984,0.000024,-3.055186,-0.146917,9.369025,5399.826352,2.150441,38188.41208
23.12,0.000161,-0.657794,-0.000057,-2.997981,-0.047988,9.432308,5849.836541,-336.394439,37691.87363
23.13,-0.000003,-0.652515,0.000193,-2.935285,0.036032,9.363473,6179.504416,131.494803,38296.12876
23.14,-0.000151,-0.647392,0.000024,-2.990467,0.058681,9.319489,6107.969251,237.241,37627.44004
23.15,-0.00001,-0.641875,0.000144,-2.762061,-0.006964,9.351553,5975.716683,-514.459751,38208.45782
23.16,-0.00017,-0.636556,0.00004,-2.877028,-0.024032,9.36197,6690.315356,69.375632,37828.47726
23.17,0.00003,-0.630955,0.000015,-2.69486,-0.055037,9.464385,6699.334586,65.342196,37671.65524
23.18,-0.000129,-0.625361,0.000132,-2.663758,-0.022951,9.543838,7092.8064,-33.369177,38164.75544
23.19,0.00019,-0.619824,0.00019,-2.54003,-0.032652,9.479855,7592.639782,39.515335,37857.12441
23.2,-0.000146,-0.614159,-0.000007,-2.600555,-0.037826,9.46866,7234.570982,140.114622,37840.68333
23.21,-0.000082,-0.608425,0.000005,-2.49982,-0.050394,9.524151,7950.906944,-58.292968,37676.21647
23.22,-0.000047,-0.602558,0.000107,-2.43569,-0.040869,9.477408,8201.877505,-71.975832,37511.48052
23.23,-0.000049,-0.596624,0.000177,-2.381655,0.038022,9.535623,8307.83502,-22.174973,37488.47741
23.24,-0.000015,-0.59065,0.000049,-2.366936,0.064994,9.588094,8206.093181,193.462255,37205.30263
23.25,-0.000037,-0.584588,-0.000018,-2.251255,-0.04977,9.549108,9000.362238,-13.194217,37505.5897
23.26,0.000056,-0.578412,0.00015,-2.210275,0.024407,9.558886,8891.653282,-95.410732,37286.45004
23.27,-0.000084,-0.572529,0.000014,-2.064781,-0.080971,9.542802,9098.998056,-166.757117,37556.03955
23.28,-0.000029,-0.566106,0.000035,-2.059199,-0.025427,9.564284,9026.940974,-177.776731,37219.78691
23.29,-0.000068,-0.559768,-0.000006,-2.076078,0.092755,9.587502,9920.521024,82.370524,37361.10016
23.3,0.000049,-0.553481,-0.000063,-1.932072,-0.03941,9.584597,10042.57717,-151.067395,37053.22178
23.31,-0.000018,-0.547206,-0.00003,-1.917284,0.079476,9.685207,10139.13762,-80.57264,37389.02864
23.32,-0.0002,-0.540832,0.000087,-1.759602,0.073415,9.701122,10641.31328,34.346293,37348.12469
23.33,-0.000075,-0.534154,-0.00004,-1.820602,-0.035128,9.702225,10377.09023,-57.227715,37146.58138
23.34,-0.000069,-0.527623,-0.000081,-1.794335,0.025009,9.617347,10913.55229,36.468681,37327.28936
23.35,-0.000184,-0.520926,0.000064,-1.76039,0.001829,9.612635,10763.12664,-140.86186,36878.88274
23.36,-0.000122,-0.514278,0.000108,-1.674324,0.041722,9.655654,11045.08351,-63.597613,36782.60014
23.37,0.000115,-0.507596,0.000104,-1.561192,-0.023077,9.690311,11212.36336,-55.795998,37099.84134
23.38,0.000139,-0.500709,0.000177,-1.611247,0.063341,9.581509,11212.10365,295.448099,37018.10891
23.39,-0.000263,-0.49373,0.00005,-1.500028,0.026167,9.561281,11772.74636,140.734476,37102.2042
23.4,-0.000202,-0.486873,0.000141,-1.547012,-0.075786,9.691951,11759.08466,-119.647335,36379.00978
23.41,0.000061,-0.479869,0.000049,-1.433187,-0.017873,9.732902,12082.93066,193.052122,36740.27418
23.42,-0.000106,-0.472991,0.000048,-1.263015,-0.050985,9.727007,12055.93492,119.896777,36675.56421
23.43,-0.000007,-0.46592,0.000055,-1.327,0.05192,9.611798,12045.98188,260.847388,36528.71305
23.44,0.000033,-0.458728,0.000247,-1.363755,-0.054012,9.668673,12370.81687,71.39651,36826.64825
23.45,0.000143,-0.45168,0.000002,-1.228969,-0.024776,9.628831,12464.97156,-35.585875,36341.16505
23.46,-0.000154,-0.444458,0.000098,-1.234139,-0.080684,9.695277,12550.46427,-365.061089,36505.99803
23.47,-0.000127,-0.437176,0.000028,-1.164636,-0.040138,9.797407,12767.06148,79.347263,36645.7476
23.48,0.000027,-0.429797,0.00002,-1.003127,0.022783,9.66689,13083.08996,2.147343,36118.88947
23.49,0.000037,-0.422359,0.00009,-1.002291,0.100778,9.738004,13225.48191,-244.086915,35889.71007
23.5,0.000039,-0.415073,0.00007,-1.013271,0.051997,9.76126,13179.07334,-3.738268,36061.24129
23.51,-0.000096,-0.40744,0.000121,-0.930552,0.025462,9.725633,13450.99794,-159.751294,35911.31273
23.52,-0.000132,-0.399909,-0.000049,-0.976932,-0.013972,9.726041,13754.84176,166.892436,36244.55443
23.53,0.000058,-0.392459,-0.000024,-0.850504,0.01403,9.753521,13932.05999,-27.544331,35446.75382
23.54,-0.000138,-0.384912,0.000049,-0.837537,0.002061,9.817487,13881.92143,170.044291,35617.73518
23.55,-0.000103,-0.377205,-0.000069,-0.761117,0.006702,9.741091,13684.75005,9.915244,35756.38648
23.56,-0.000043,-0.369579,-0.00011,-0.861833,0.084766,9.791543,14058.08263,175.904019,35851.00482
23.57,-0.000015,-0.361973,-0.000163,-0.798051,-0.006511,9.720306,14228.45089,-150.338096,35633.34013
23.58,-0.000095,-0.35413,0.000129,-0.668564,0.013217,9.760354,14603.03008,-15.876389,35954.58654
23.59,-0.000084,-0.346191,0.000175,-0.772452,0.10157,9.786609,14187.9222,115.701232,35663.98121
23.6,0.000052,-0.338373,0.000081,-0.775983,-0.029994,9.78158,14681.65968,131.633201,35408.71922
23.61,-0.00009,-0.330563,0.000134,-0.627515,-0.055191,9.841453,14756.38474,-32.270212,35692.04158
23.62,-0.000022,-0.322735,-0.000084,-0.574799,0.000292,9.754851,14928.80276,-15.403427,35186.07417
23.63,0.000016,-0.314744,-0.000061,-0.65956,-0.024397,9.778681,14973.0491,-40.757894,35560.1
23.64,-0.000034,-0.306738,0.000042,-0.600546,0.012437,9.829461,14787.98258,70.978919,35619.14855
23.65,0.000025,-0.298727,-0.000076,-0.536504,-0.021849,9.791162,15360.34298,48.837487,35434.67768
23.66,-0.000068,-0.29071,0.00013,-0.403639,0.067791,9.712376,15288.48953,-334.010544,35227.30488
23.67,0.000079,-0.282844,0.000045,-0.481415,0.1228,9.778734,15471.90462,-147.600255,35417.79972
23.68,0.00002,-0.27447,0.000196,-0.344481,0.022722,9.857933,15666.98909,-327.56011,35359.62567
23.69,-0.000123,-0.266474,-0.00004,-0.421548,0.002405,9.823999,15982.38798,-180.529098,35311.21969
23.7,0.000028,-0.258393,0.000153,-0.379408,-0.00444,9.868284,15914.8987,-250.026932,35230.61034
23.71,0.000039,-0.250045,-0.000136,-0.362067,0.063,9.770153,15989.79891,-124.928911,35224.26731
23.72,-0.0001,-0.241804,-0.000071,-0.345703,0.0339,9.825302,15964.26811,166.209636,34929.62027
23.73,-0.000063,-0.233632,0.000128,-0.260014,0.000355,9.799711,16098.13788,361.535341,34751.10373
23.74,-0.000018,-0.225329,0.000013,-0.30835,-0.07863,9.781522,16194.31959,356.708541,35142.45347
23.75,-0.000042,-0.217069,0.000114,-0.213283,-0.004854,9.81229,16283.2682,117.730948,34840.50049
23.76,-0.000058,-0.208649,-0.000095,-0.18254,-0.046372,9.820026,15920.50007,-191.894339,34946.23221
23.77,0.000061,-0.20041,0.000148,-0.251129,0.053707,9.731934,16364.58847,-123.147374,35110.92536
23.78,-0.000035,-0.191958,0.00018,-0.222107,-0.02634,9.787441,16571.70972,-106.421928,34845.53128
23.79,-0.00009,-0.18364,0.000036,-0.214134,0.089936,9.793582,15946.95613,-37.634629,34884.24588
23.8,-0.000024,-0.175381,0.000036,-0.176935,-0.07159,9.739943,16895.11119,-124.020728,35099.29785
23.81,-0.000064,-0.166884,0.000034,-0.190287,-0.060569,9.82967,16703.26181,106.47231,34972.52959
23.82,-0.000175,-0.158253,0.000089,-0.166359,-0.023468,9.79818,16787.92106,16.245244,34984.5016
23.83,0.00012,-0.149989,-0.00005,-0.167553,-0.062961,9.77227,16250.58106,27.343243,34803.08847
23.84,-0.000018,-0.141581,0.00007,-0.099403,-0.006756,9.764032,17013.38161,130.723922,34681.59465
23.85,-0.000103,-0.132974,0.000073,-0.018997,0.016491,9.838043,16640.74254,-133.301708,34920.28802
23.86,-0.000038,-0.124278,0.000105,-0.009484,-0.046083,9.8522,16667.48585,-1.308008,34334.30928
23.87,-0.000154,-0.115833,-0.000065,-0.060369,0.012785,9.731927,16656.03741,-143.248519,34995.23717
23.88,-0.000035,-0.107492,-0.000021,-0.101455,-0.001111,9.803646,16880.48781,-144.662375,34620.14213
23.89,0.000071,-0.098888,-0.000005,0.022563,-0.019635,9.817886,17392.2121,-32.110093,34847.40546
23.9,-0.000091,-0.090311,0.000175,-0.058543,-0.064458,9.789259,16759.82078,-66.599739,34502.29241
23.91,-0.000144,-0.081825,0.0001,-0.030595,0.082962,9.86631,16846.37865,352.054271,34508.44602
23.92,-0.00018,-0.073176,0.000148,-0.054267,-0.0447,9.80496,17116.5473,-187.180904,34487.5573
23.93,-0.000043,-0.064603,-0.000011,-0.049268,0.118116,9.847315,16950.61635,105.164153,34578.10774
23.94,-0.000122,-0.056023,0.000062,-0.018752,-0.026975,9.754681,16786.20285,-140.892376,34587.45118
23.95,0.000064,-0.047293,0.000001,-0.015981,-0.125477,9.787796,16856.15093,145.431969,34320.31593
23.96,-0.000106,-0.038716,-0.000107,-0.029758,0.072904,9.721659,16786.87396,50.735619,34927.255
23.97,-0.000081,-0.030199,-0.000046,0.039174,-0.017172,9.844276,17479.32645,273.149065,34428.08892
23.98,-0.000129,-0.021532,-0.000093,-0.038247,0.019017,9.847312,17201.27968,-406.7677,34412.61262
23.99,-0.000123,-0.013008,0.000056,0.122396,-0.039617,9.800578,17581.4729,140.324319,34607.83535
24,-0.000162,-0.004246,0.000022,-0.005666,-0.029122,9.802286,17089.69553,76.184974,34583.39411
24.01,0.003997,-0.001748,0.001674,0.000924,-0.016628,9.723712,16760.26313,470.525206,34563.22165
24.02,0.012061,-0.004984,0.005115,0.012872,-0.06913,9.802682,17023.7474,-134.378525,34378.31775
24.03,0.020261,-0.008363,0.008402,0.049719,-0.058649,9.80054,17100.19633,82.145956,34313.12116
24.04,0.028447,-0.011812,0.011751,0.011685,0.003637,9.784344,17078.29261,-213.524406,34932.9971
24.05,0.036578,-0.015306,0.015247,0.004449,0.042302,9.758162,17348.50738,-81.670901,34567.73627
24.06,0.044552,-0.018504,0.018671,-0.002573,0.048435,9.778192,17169.05956,-173.133952,34812.93004
24.07,0.052788,-0.021951,0.021909,-0.050252,0.056032,9.840527,17206.86298,-166.579164,34441.58596
24.08,0.060812,-0.025357,0.025173,0.056396,0.02452,9.775802,17086.95415,-81.183411,34324.80313
24.09,0.068946,-0.028565,0.028471,0.086288,0.091876,9.84566,16948.40752,-202.262644,34760.42364
24.1,0.077027,-0.031919,0.031983,-0.007665,0.045222,9.76468,17160.5696,-254.43333,34348.47237
24.11,0.085029,-0.035222,0.035217,-0.030667,0.052351,9.82252,17145.38351,195.881944,34714.59195
24.12,0.093244,-0.038517,0.03849,0.050584,0.062079,9.905567,17213.8382,428.155707,34671.86632
24.13,0.101273,-0.041968,0.042024,-0.019333,0.130334,9.787589,17251.13978,131.772379,34943.32083
24.14,0.109236,-0.045357,0.04522,0.077438,0.033628,9.913021,17307.95001,221.807555,34542.48824
24.15,0.117353,-0.048614,0.048613,0.106523,0.012414,9.870093,17310.04235,406.119246,34525.42706
24.16,0.125289,-0.052026,0.051994,0.051527,0.145725,9.807231,16884.1761,376.683146,34210.80338
24.17,0.133387,-0.055314,0.05532,0.041887,0.048778,9.784683,17384.38899,518.307089,34544.73621
24.18,0.141268,-0.058852,0.05868,0.053222,0.048693,9.759698,17299.15812,250.454445,34280.98925
24.19,0.149485,-0.062046,0.061876,0.061056,0.165599,9.785188,16964.75667,525.102738,34625.81361
24.2,0.157355,-0.065143,0.065289,0.134727,0.134736,9.836811,17208.61855,589.848848,34552.54429
24.21,0.165388,-0.068522,0.068561,0.137502,0.138039,9.862505,17348.38527,165.635244,34521.02471
24.22,0.173245,-0.07184,0.071914,0.074972,0.152091,9.88422,17356.56238,908.054236,34475.79534
24.23,0.181175,-0.074996,0.075055,0.168428,0.196032,9.858151,17288.77958,905.838849,34400.51528
24.24,0.189102,-0.078439,0.078391,0.145088,0.228577,9.91212,17344.90813,558.562191,34374.53159
24.25,0.196662,-0.081696,0.081681,0.100163,0.217239,9.807204,17516.52111,606.148415,34322.77873
24.26,0.204697,-0.084847,0.084731,0.10924,0.248185,9.791708,17305.96407,571.482103,34358.57471
24.27,0.212695,-0.088053,0.088109,0.058853,0.319545,9.739002,17420.45094,857.889192,34260.36013
24.28,0.220403,-0.091308,0.091465,0.186114,0.34534,9.785171,17320.86625,762.335619,34337.75964
24.29,0.228166,-0.094685,0.094545,0.123794,0.302265,9.80352,17836.08026,935.937826,34074.98704
24.3,0.236012,-0.097723,0.097743,0.237326,0.372959,9.781831,17619.84212,634.949229,34369.79635
24.31,0.243684,-0.100963,0.101032,0.247728,0.361564,9.784389,17246.92472,1346.927588,34345.60254
24.32,0.251199,-0.10424,0.104228,0.277333,0.437878,9.858432,17791.45423,1224.820967,34111.66915
24.33,0.25899,-0.107312,0.107517,0.214687,0.456718,9.832323,17801.87728,1413.759086,34270.76625
24.34,0.266629,-0.110489,0.11047,0.23297,0.563571,9.741403,17634.21389,1499.990706,34365.41551
24.35,0.274219,-0.113671,0.113548,0.092622,0.4698,9.724679,17744.90571,1643.082027,34360.73114
24.36,0.28168,-0.116691,0.116806,0.227275,0.453043,9.796523,17878.90394,1143.027829,34344.66965
24.37,0.289512,-0.119927,0.119958,0.285406,0.513994,9.757117,17659.78952,1536.68039,33817.36486
24.38,0.296998,-0.122993,0.122959,0.282987,0.531038,9.787086,17669.16794,1647.805695,33590.69359
24.39,0.304536,-0.12624,0.126182,0.250845,0.534722,9.834577,18086.11081,2035.755272,34141.04545
24.4,0.312109,-0.12924,0.129397,0.218356,0.670795,9.804912,17950.03164,1537.949497,33886.65946
24.41,0.319286,-0.13227,0.132334,0.23308,0.640965,9.825818,18250.42382,1850.509794,33961.15847
24.42,0.32674,-0.135456,0.135312,0.285202,0.796293,9.733474,18377.75706,1899.894132,33908.22293
24.43,0.334087,-0.138562,0.138364,0.371395,0.641476,9.766237,17916.64258,2155.26711,33693.13275
24.44,0.34143,-0.141512,0.141391,0.37674,0.661842,9.788791,18235.96295,2041.651479,34101.05276
24.45,0.34856,-0.144462,0.144451,0.289776,0.723536,9.73668,18572.86491,2530.510027,33874.97195
24.46,0.355908,-0.14749,0.147639,0.332086,0.798006,9.739684,18135.25815,1892.153367,34264.02334
24.47,0.36306,-0.150624,0.150475,0.332715,0.72988,9.830536,18542.38149,2311.734129,34026.67085
24.48,0.37026,-0.153411,0.153295,0.49342,0.914448,9.747405,18285.88539,2590.734732,33631.0668
24.49,0.377478,-0.156376,0.156378,0.359356,0.941938,9.770767,18252.37116,2513.799855,33723.56065
24.5,0.384327,-0.159266,0.159309,0.380458,0.956547,9.78899,18750.68124,2609.455004,34054.53049
24.51,0.391615,-0.162257,0.162124,0.456021,1.000106,9.754235,18608.7294,2762.79311,33396.96123
24.52,0.398506,-0.165197,0.165162,0.423969,1.037939,9.746895,18667.41431,3037.030765,33472.5683
24.53,0.405355,-0.16801,0.167987,0.441421,1.073569,9.782558,18669.35244,2897.165785,33732.29443
24.54,0.412351,-0.170903,0.170799,0.546733,1.011925,9.662839,19107.38778,2970.937843,33583.56892
24.55,0.41921,-0.173751,0.173723,0.563571,1.17929,9.748616,18889.3468,2878.342266,33652.14362
24.56,0.426008,-0.176716,0.176528,0.466046,1.202458,9.749591,18850.70358,3342.18366,33228.04328
24.57,0.432918,-0.179303,0.179388,0.574617,1.204774,9.686916,19120.37431,3092.360869,33559.1385
24.58,0.439561,-0.182153,0.182008,0.588793,1.29072,9.771698,19331.61672,3505.382317,33093.99485
24.59,0.446264,-0.184788,0.184933,0.483436,1.294983,9.761841,19381.85633,3557.531356,33156.94788
24.6,0.452856,-0.187588,0.187627,0.55871,1.371943,9.764273,19629.57623,3561.178897,33119.63407
24.61,0.459418,-0.190344,0.19038,0.586355,1.426222,9.780376,19231.17619,3869.821564,32940.505
24.62,0.465839,-0.1931,0.193103,0.594946,1.356968,9.730265,19691.86008,3656.031596,32979.69703
24.63,0.472364,-0.195932,0.195747,0.655164,1.495739,9.673879,19439.51288,4147.010156,32896.06207
24.64,0.478621,-0.198227,0.198457,0.761448,1.52897,9.710262,19267.25995,4166.837429,32813.53857
24.65,0.48524,-0.201082,0.20094,0.760959,1.588071,9.704184,19570.38981,4095.131879,32844.12437
24.66,0.491481,-0.203641,0.203586,0.761321,1.62985,9.791042,19825.58049,4511.966686,33092.024
24.67,0.497774,-0.206178,0.206295,0.671995,1.624278,9.583425,19926.66761,4737.552663,32809.74536
24.68,0.503881,-0.208989,0.208816,0.772657,1.736055,9.612178,19777.33596,4514.395329,33170.93589
24.69,0.510065,-0.211318,0.211502,0.928328,1.749664,9.559368,20194.47989,4431.53961,32966.82891
24.7,0.516354,-0.213856,0.213982,0.842389,1.801326,9.577348,19777.22011,4733.089339,32538.63277
24.71,0.522394,-0.216378,0.216414,0.911452,1.886219,9.644935,19883.7155,4949.673906,32295.47559
24.72,0.52831,-0.218863,0.218827,0.839088,1.949339,9.57848,20492.99255,5353.970836,32778.97325
24.73,0.5341,-0.221313,0.221271,0.886276,1.891374,9.56133,20214.78585,5257.333765,32428.04248
24.74,0.540095,-0.223771,0.223875,0.885499,2.053268,9.574782,19672.81584,5156.664801,31979.79516
24.75,0.545936,-0.226251,0.226248,0.992116,2.204773,9.601288,20240.4383,5991.150975,32321.45296
24.76,0.551548,-0.228414,0.228581,0.895932,2.147287,9.535525,20596.36684,5934.631162,32189.20018
24.77,0.557264,-0.230827,0.230848,1.032407,2.144362,9.556003,20454.12831,5450.309263,31967.1453
24.78,0.562921,-0.233181,0.233212,0.91076,2.154403,9.526273,20480.67844,5923.27506,32140.92596
24.79,0.568489,-0.2356,0.235575,1.08604,2.316274,9.462054,20546.41355,6259.27669,32014.78781
24.8,0.573857,-0.237743,0.237847,1.078371,2.361381,9.47302,20942.55353,6130.371605,32283.98516
24.81,0.579455,-0.240094,0.240313,1.047846,2.421434,9.39508,20909.17914,6312.810317,32081.03238
24.82,0.584752,-0.242261,0.242224,1.205152,2.436746,9.460228,21239.59945,6636.334688,31681.27668
24.83,0.5902,-0.244512,0.244569,1.240925,2.430295,9.446568,21037.62871,6691.141721,31756.14279
24.84,0.595249,-0.24662,0.246629,1.217122,2.52062,9.396769,21092.21703,7044.943947,31387.16423
24.85,0.600585,-0.248815,0.248734,1.224886,2.588532,9.390054,21369.27005,7090.362809,31363.5221
24.86,0.60566,-0.251008,0.250845,1.248338,2.69382,9.363762,21507.48484,7182.679794,31155.15042
24.87,0.610734,-0.253155,0.253078,1.255875,2.71635,9.365099,21315.41321,7227.69714,31489.69108
24.88,0.615618,-0.255139,0.255099,1.270392,2.762165,9.300769,21919.18232,7179.001481,31152.83906
24.89,0.620618,-0.257146,0.257099,1.384589,2.793721,9.317695,21902.42474,7520.736753,31261.23101
24.9,0.625477,-0.259042,0.259117,1.41242,2.744683,9.281215,21690.6528,7487.0717,30827.43048
24.91,0.630124,-0.261161,0.261051,1.462059,2.946869,9.316435,21805.9356,7780.194636,30250.01016
24.92,0.634952,-0.262985,0.263076,1.483785,3.030867,9.275295,21734.87445,7871.019593,30597.89152
24.93,0.639649,-0.264979,0.26494,1.476219,2.987072,9.272795,22393.33716,8038.645687,30485.09097
24.94,0.644071,-0.266688,0.266694,1.566782,2.990402,9.13436,22262.5931,8501.202675,30137.1474
24.95,0.648624,-0.268672,0.268732,1.622394,3.139715,9.076956,22211.71295,8241.479605,30332.97542
24.96,0.653219,-0.270445,0.270624,1.620183,3.236139,9.169255,22588.78415,8507.265152,30362.31214
24.97,0.657307,-0.272304,0.272334,1.629667,3.233185,9.085334,22647.333,8484.78507,29865.42055
24.98,0.661668,-0.274102,0.274099,1.640496,3.312017,9.209675,22532.90917,8693.929749,29902.06319
24.99,0.665926,-0.275728,0.275968,1.827742,3.346088,8.985458,22597.87563,8809.151477,29910.98136
25,0.670029,-0.277735,0.277686,1.730001,3.39629,9.018762,22875.78523,9200.599344,29801.21174
25.01,0.674164,-0.279275,0.279241,1.686987,3.462499,8.970993,22851.6136,9094.245173,29627.72796
25.02,0.678119,-0.280978,0.280998,1.806671,3.445579,8.976018,23012.00019,9326.993954,29688.1666
25.03,0.681891,-0.282608,0.282556,1.779763,3.536729,8.912801,22999.85489,9552.579788,29078.96058
25.04,0.685701,-0.284123,0.284189,1.848144,3.60684,8.887099,23346.93803,9730.070164,29063.49531
25.05,0.689478,-0.285607,0.285659,1.880741,3.655091,8.85577,23543.71468,9713.489644,29134.91517
25.06,0.693321,-0.287193,0.287196,1.929988,3.838652,8.89823,23483.19311,9914.099868,28757.92733
25.07,0.696846,-0.288847,0.288673,1.954114,3.733947,8.876987,23590.19152,9701.884837,28718.84931
25.08,0.700363,-0.290038,0.290279,2.019628,3.874814,8.845644,23775.33616,9751.907488,28847.61652
25.09,0.703775,-0.29154,0.291647,1.963099,3.883216,8.76424,23900.01123,10032.46536,28426.00565
25.1,0.707239,-0.292969,0.293095,2.16325,3.964898,8.724943,23781.32817,10308.89617,28686.7042
25.11,0.710529,-0.294398,0.294413,2.129939,4.022581,8.693925,24397.77752,10399.09615,28134.57024
25.12,0.713723,-0.295698,0.29573,2.141089,4.044976,8.632367,24007.57413,10603.34736,28106.53523
25.13,0.716897,-0.297086,0.297066,2.238059,4.193282,8.621675,24361.72099,11056.33423,27761.34472
25.14,0.720095,-0.298262,0.298243,2.231821,4.251588,8.606186,24393.90469,10417.75907,27712.57659
25.15,0.723076,-0.299514,0.299601,2.319941,4.239864,8.520764,24363.28666,10700.11716,27829.04636
25.16,0.726023,-0.300808,0.300747,2.346235,4.293216,8.561288,24435.00161,11106.69593,27514.85146
25.17,0.728711,-0.301979,0.302096,2.317213,4.372035,8.465786,24791.85143,11099.05837,27020.54206
25.18,0.73159,-0.303192,0.303107,2.349562,4.392852,8.373866,25090.76894,11335.26548,27098.82399
25.19,0.73414,-0.304061,0.304186,2.421364,4.451478,8.516368,25230.54893,11138.16714,27096.27608
25.2,0.736764,-0.305217,0.305285,2.426658,4.55071,8.322435,24701.14791,11678.61489,26965.10823
25.21,0.739292,-0.306287,0.306282,2.535367,4.556087,8.264252,24970.46235,11521.7586,26709.46853
25.22,0.741761,-0.307368,0.3073,2.627419,4.681613,8.17608,25328.77275,11895.39854,26514.60066
25.23,0.744059,-0.308288,0.308333,2.58956,4.66217,8.140864,25384.00752,11992.3559,26522.98058
25.24,0.746231,-0.309217,0.309143,2.644878,4.757834,8.178631,25951.81865,12053.01021,26356.46617
25.25,0.748566,-0.310131,0.310122,2.699377,4.87287,8.110065,25589.62738,12111.0567,26419.20824
25.26,0.750656,-0.311094,0.311026,2.778521,4.945783,7.944875,25731.98717,12653.29112,26035.31711
25.27,0.752585,-0.311822,0.311817,2.746096,4.957283,8.059611,26139.41587,12213.11893,25428.13295
25.28,0.75465,-0.312544,0.312773,2.767661,5.012809,8.040939,26380.50282,12476.61149,25444.54788
25.29,0.756455,-0.313412,0.313357,2.759242,5.034532,7.941921,26115.13548,12655.20461,25032.60992
25.3,0.758266,-0.313977,0.31416,2.889119,4.987201,7.930669,26537.60451,12735.92001,25350.87378
25.31,0.759856,-0.314785,0.314853,2.928043,5.049537,7.839657,26730.33949,12968.161,24812.29482
25.32,0.761512,-0.315533,0.31529,3.031073,5.222032,7.734471,26624.62927,12906.82238,24848.04951
25.33,0.762988,-0.316017,0.316145,3.026772,5.181673,7.734032,26640.5826,13097.87997,24421.71087
25.34,0.764291,-0.316699,0.316574,3.055203,5.320923,7.73708,26383.03354,13286.51966,24294.31231
25.35,0.765989,-0.317245,0.317188,3.036834,5.297946,7.681972,26937.78176,13159.23519,24186.57666
25.36,0.767163,-0.317851,0.317858,3.180198,5.34068,7.616047,27185.19108,13082.96203,23964.0152
25.37,0.768287,-0.318375,0.318358,3.17828,5.424488,7.465389,27129.10891,13524.85858,23746.37784
25.38,0.769279,-0.318627,0.318766,3.276555,5.456089,7.506909,27154.25381,13256.46117,24013.69092
25.39,0.770323,-0.319306,0.319314,3.195585,5.500586,7.55161,27144.89512,13772.83232,23254.97519
25.4,0.771459,-0.319647,0.319704,3.261341,5.454102,7.422751,27323.47215,13612.27709,23129.05606
25.41,0.772204,-0.319915,0.319914,3.33346,5.578443,7.272427,27374.94914,13968.27073,23020.92499
25.42,0.772933,-0.320097,0.320251,3.394241,5.658237,7.080345,27392.95132,14140.094,23064.63988
25.43,0.773485,-0.320324,0.320592,3.422752,5.709784,7.194592,27825.06564,14099.34801,22748.17915
25.44,0.774141,-0.320771,0.320693,3.350811,5.721362,7.289824,27721.91755,14271.86834,22575.71838
25.45,0.774744,-0.320921,0.320997,3.515482,5.872587,7.145158,28043.00061,14301.53287,22345.79002
25.46,0.775117,-0.321194,0.321223,3.528152,5.766389,7.142309,27982.30943,14431.17279,21951.93496
25.47,0.775498,-0.321087,0.321229,3.514505,5.817761,6.99501,27976.72408,14562.4536,21771.31195
25.48,0.775825,-0.321372,0.321339,3.636308,5.893082,6.885225,28370.37612,14676.93181,21720.12602
25.49,0.776042,-0.321436,0.321398,3.604747,6.01775,6.905458,28567.97397,14337.54457,21312.17688
25.5,0.775991,-0.321399,0.321407,3.704294,5.957094,6.857121,28376.28665,14651.91472,21205.76794
25.51,0.776129,-0.321426,0.321484,3.708246,6.070472,6.827052,28595.58079,14724.45602,20841.85116
25.52,0.776042,-0.321304,0.32152,3.786067,6.101086,6.717663,28925.71049,14924.47824,21051.59243
25.53,0.775775,-0.321225,0.321523,3.806667,6.144341,6.661785,29210.42835,14795.20776,20521.71403
25.54,0.77543,-0.321287,0.321277,3.828285,6.213335,6.597499,29060.63064,14759.07755,20220.82733
25.55,0.775132,-0.321251,0.321228,3.931869,6.247892,6.483612,29331.00324,14868.76962,20386.72767
25.56,0.774747,-0.320945,0.321093,3.934968,6.258908,6.471323,29491.57722,14457.2975,19839.16771
25.57,0.774184,-0.320746,0.320789,3.968885,6.240917,6.41016,29271.73491,15081.80308,19667.84852
25.58,0.773599,-0.320504,0.320583,4.016096,6.304888,6.368323,29584.85203,15132.17868,19549.7278
25.59,0.772954,-0.320104,0.320177,4.157453,6.337008,6.385189,29631.27253,14891.18011,19199.0804
25.6,0.772207,-0.320013,0.319912,4.119297,6.44252,6.233812,29815.95669,14966.9888,19232.86491
25.61,0.771283,-0.319433,0.319631,4.213395,6.399197,6.258224,29901.16358,15088.846,18715.52702
25.62,0.770448,-0.319007,0.319301,4.154224,6.402301,6.134979,30125.39951,15566.03635,19174.00092
25.63,0.769447,-0.318793,0.318642,4.185406,6.531216,6.04382,30152.872,15530.86038,18325.77008
25.64,0.768282,-0.318308,0.318251,4.299001,6.54225,6.019339,30044.03082,15507.16162,18209.74663
25.65,0.767074,-0.317923,0.317935,4.276075,6.457758,5.843145,30303.63546,15717.34029,18067.76623
25.66,0.765733,-0.317316,0.317332,4.307079,6.517702,5.822681,30344.653,15429.21233,18006.55346
25.67,0.764337,-0.316624,0.316801,4.413565,6.518282,5.7177,30612.78858,15615.36271,17537.28853
25.68,0.763006,-0.316192,0.316089,4.438687,6.703869,5.687761,30390.06764,15778.76343,17920.86917
25.69,0.761357,-0.315358,0.315502,4.462897,6.642125,5.722715,30906.33933,16083.65575,17156.45591
25.7,0.759842,-0.314882,0.314879,4.550086,6.651379,5.649665,30886.22132,15295.83323,17278.71485
25.71,0.758337,-0.314212,0.314085,4.549201,6.74121,5.628891,30984.37012,15523.77821,16633.77628
25.72,0.756295,-0.313317,0.313411,4.475869,6.65834,5.407138,30877.78994,15779.57046,16569.01189
25.73,0.754771,-0.312614,0.312593,4.560599,6.760348,5.414702,31029.10713,15568.14431,16446.19297
25.74,0.752587,-0.311731,0.311692,4.745713,6.851098,5.357533,31214.61166,15738.6921,15906.97351
25.75,0.750687,-0.310944,0.310947,4.690894,6.839254,5.298704,31536.18305,15559.93824,16000.70686
25.76,0.748447,-0.310006,0.310272,4.711285,6.865,5.18689,31443.51791,15751.59574,15680.82114
25.77,0.746299,-0.309144,0.309357,4.767047,6.847114,5.116624,31695.00991,15598.98454,15776.99631
25.78,0.744017,-0.308269,0.308172,4.776487,6.881008,5.073979,31267.56872,15698.8061,15403.66481
25.79,0.741708,-0.307282,0.307266,4.784172,6.98245,5.098025,31984.35391,16424.80651,14772.60887
25.8,0.739228,-0.3064,0.306182,4.962474,6.980156,4.94323,31610.4346,15972.37968,15116.44231
25.81,0.736697,-0.305175,0.305211,4.870799,6.893221,4.796214,31919.60993,16276.57007,14788.62884
25.82,0.734115,-0.3041,0.304226,4.937098,6.878881,4.820997,31845.6232,15627.09334,14325.63265
25.83,0.731451,-0.3031,0.303128,5.001826,6.957025,4.722816,32168.83194,15974.47435,13689.76774
25.84,0.728791,-0.301977,0.301952,5.020719,7.030623,4.666692,32132.00903,15899.14947,13975.2356
25.85,0.725925,-0.300642,0.300687,5.142173,6.977439,4.586795,32223.5526,15568.61625,13911.02806
25.86,0.723089,-0.299492,0.299469,5.069851,7.029115,4.561513,31910.08805,15749.04023,14011.8039
25.87,0.720111,-0.298213,0.298204,5.154635,7.040147,4.562703,32239.95566,15687.12996,13496.88118
25.88,0.717118,-0.297112,0.296965,5.070818,7.085812,4.420915,32611.67451,16351.49559,13071.90909
25.89,0.713777,-0.295648,0.295786,5.128831,7.018332,4.357848,32685.87038,15647.13487,13083.89398
25.9,0.710568,-0.294261,0.294434,5.285253,7.123173,4.282702,32748.4996,15803.35027,13035.02873
25.91,0.707387,-0.292771,0.293047,5.24657,7.093872,4.201169,32843.88532,16077.68334,12612.04435
25.92,0.703673,-0.291643,0.29154,5.326079,7.18444,4.181665,32887.15976,15882.50597,12442.87494
25.93,0.700435,-0.290163,0.290094,5.29378,7.173243,4.139855,33137.55809,15671.32157,12200.24672
25.94,0.696794,-0.288729,0.288715,5.270309,7.173573,3.997771,33048.65207,15711.68079,11828.73197
25.95,0.693058,-0.287128,0.287237,5.397183,7.108104,3.907266,33561.19965,15879.06532,11702.42232
25.96,0.689586,-0.285656,0.28562,5.417686,7.154873,3.869808,33210.0166,16073.94291,11109.36218
25.97,0.685818,-0.284035,0.284237,5.411491,7.213871,3.881058,33001.45819,15787.5065,11491.55241
25.98,0.682021,-0.282555,0.282487,5.438635,7.215616,3.742768,33370.94756,15760.42633,11021.92686
25.99,0.678178,-0.280865,0.280899,5.528549,7.266885,3.712348,33248.15805,15911.76447,10663.40352
26,0.673894,-0.27933,0.279119,5.540525,7.171019,3.690274,33049.30374,15515.27265,10751.3164
26.01,0.670119,-0.277558,0.277536,5.656251,7.137669,3.600035,33813.04126,15575.87614,10467.66608
26.02,0.665853,-0.27564,0.275988,5.597697,7.176919,3.592169,33366.40281,15743.15143,10306.16272
26.03,0.661553,-0.274127,0.274037,5.66108,7.347852,3.40662,33835.7676,15539.29945,10018.51696
26.04,0.657237,-0.272328,0.272573,5.641899,7.180669,3.385168,33840.13872,15538.50631,9808.961184
26.05,0.653163,-0.270535,0.270532,5.61147,7.244466,3.374516,34029.06325,15566.34641,9936.413065
26.06,0.648621,-0.268617,0.268605,5.747372,7.312707,3.262778,33632.73412,15699.25436,9698.500967
26.07,0.643946,-0.266682,0.266891,5.786648,7.26554,3.132919,33707.2102,15555.62165,8997.096602
26.08,0.639676,-0.26493,0.265102,5.800427,7.273229,3.093829,34338.81981,15507.31585,9031.547168
26.09,0.634848,-0.262986,0.263187,5.750753,7.339454,2.99102,33904.00554,15833.97689,9065.172866
26.1,0.63028,-0.261119,0.261181,5.790858,7.302142,3.039346,34353.16046,15574.666,8789.510313
26.11,0.625358,-0.259223,0.259171,5.869371,7.214736,3.001836,34282.75349,15432.50738,8688.36819
26.12,0.62069,-0.25702,0.25701,5.87868,7.219794,2.941184,33953.18974,15444.85948,8550.937568
26.13,0.615731,-0.255,0.255043,5.905274,7.204497,2.699783,34291.26343,15464.91258,8343.710424
26.14,0.610461,-0.252907,0.253097,5.927656,7.264998,2.782246,34181.97435,15275.96327,8269.048419
26.15,0.60567,-0.251054,0.2508,5.967886,7.259432,2.730692,33882.29012,15436.88821,8137.438039
26.16,0.6006,-0.248716,0.248853,5.996381,7.247186,2.689377,34577.74117,15621.21653,7814.114969
26.17,0.595311,-0.246606,0.246618,6.019685,7.290496,2.609922,34738.43527,15474.66366,7534.857985
26.18,0.59006,-0.244542,0.244514,5.994889,7.261261,2.529925,34277.30969,15177.7836,7584.675256
26.19,0.584741,-0.242185,0.242355,6.012117,7.373618,2.489887,34554.33318,14962.87981,6992.687972
26.2,0.579332,-0.239882,0.239969,6.116537,7.386829,2.491425,35070.76996,15040.20444,6850.047151
26.21,0.574004,-0.237695,0.237925,6.206669,7.257628,2.445241,34664.35783,15132.55435,6781.541471
26.22,0.568272,-0.235423,0.235641,6.107722,7.288447,2.319806,34944.52587,14961.70568,6644.709669
26.23,0.563025,-0.233399,0.233172,6.154519,7.296495,2.269589,34942.73738,15299.38548,6367.13644
26.24,0.557267,-0.230915,0.231018,6.246762,7.189344,2.128857,34627.93953,15256.02705,6627.643008
26.25,0.55153,-0.228414,0.228595,6.131302,7.308199,2.150904,34925.31857,15049.95473,6228.128661
26.26,0.545716,-0.226227,0.226125,6.234702,7.383587,2.093355,35175.34553,14572.55398,6085.383104
26.27,0.540045,-0.223649,0.223744,6.167685,7.309765,2.126874,35450.25197,14737.27812,5699.93316
26.28,0.53425,-0.221443,0.221065,6.353838,7.282664,1.993395,35188.37403,14606.28593,5957.796361
26.29,0.528217,-0.218812,0.218845,6.293942,7.311568,1.926901,34959.60406,14257.58964,5732.032568
26.3,0.522176,-0.216337,0.216567,6.274704,7.354459,1.956824,35324.25745,14921.29691,5269.331279
26.31,0.516216,-0.213936,0.213823,6.318333,7.246616,1.800895,35137.64637,14555.35752,5563.701741
26.32,0.5103,-0.211351,0.211426,6.280809,7.211003,1.767353,35172.29269,14586.55057,5215.761478
26.33,0.504083,-0.208705,0.208743,6.320303,7.279919,1.705837,35268.52347,14684.98047,5175.088225
26.34,0.497853,-0.206154,0.206295,6.329043,7.242921,1.559763,35010.69086,14820.03562,4841.753648
26.35,0.491595,-0.203683,0.203652,6.409657,7.245025,1.699417,35485.14124,14703.76696,4642.653965
26.36,0.485146,-0.200952,0.200986,6.387898,7.244367,1.540273,35698.20627,14627.55702,4439.867609
26.37,0.478857,-0.198475,0.198394,6.528445,7.259839,1.59647,35761.29024,14593.67529,4342.742662
26.38,0.472369,-0.19573,0.195756,6.427915,7.269575,1.444281,35666.25952,14405.38196,3866.085937
26.39,0.465912,-0.193058,0.192883,6.431018,7.220577,1.400662,35395.50319,14243.73861,3977.360789
26.4,0.4595,-0.19039,0.19034,6.512713,7.270126,1.456042,35765.32116,13974.09639,3964.690473
26.41,0.452756,-0.187525,0.187559,6.449043,7.195068,1.351171,35484.79699,14273.70784,4006.670161
26.42,0.446248,-0.184766,0.185037,6.540729,7.155835,1.295846,35652.35187,14170.80555,4001.346614
26.43,0.439634,-0.18205,0.182025,6.574311,7.215544,1.259933,35694.74392,14202.2256,3842.491403
26.44,0.432922,-0.179217,0.179419,6.484612,7.188068,1.255868,35566.31234,13778.64736,3206.594048
26.45,0.42611,-0.17651,0.176497,6.603457,7.116159,1.198996,35851.13046,13944.11189,3707.01541
26.46,0.419319,-0.173582,0.173628,6.550557,7.145515,1.227189,35737.29766,14037.04332,3265.558658
26.47,0.412442,-0.170829,0.170954,6.614599,7.131602,1.04724,35646.88871,13793.38649,3417.016281
26.48,0.40548,-0.167893,0.168105,6.60455,7.105367,1.046329,35480.39657,14054.51466,2953.075768
26.49,0.398582,-0.16523,0.165208,6.633394,7.106001,1.025032,35889.02554,13640.72956,2984.909939
26.5,0.391514,-0.16231,0.162301,6.643287,7.131255,0.995711,35962.45148,13711.54752,2732.191273
26.51,0.384353,-0.159219,0.159471,6.667105,7.176719,0.906871,35345.30267,13681.26225,2676.025215
26.52,0.377348,-0.156284,0.156431,6.688944,7.133111,0.91196,36062.99628,13843.35348,2560.848956
26.53,0.370326,-0.153531,0.153495,6.662816,7.141853,0.767627,36105.81015,13668.43212,2635.974181
26.54,0.36312,-0.150383,0.150476,6.722222,7.158298,0.835342,36297.45482,13770.03257,2446.513116
26.55,0.356001,-0.14744,0.147551,6.713109,7.107746,0.786725,35906.56564,13807.14894,2439.841419
26.56,0.348784,-0.144448,0.144579,6.719352,7.016577,0.72332,36362.05711,13260.83363,1984.469191
26.57,0.341405,-0.141403,0.141432,6.677052,7.099404,0.699392,35813.34817,13489.87809,2002.152183
26.58,0.334136,-0.138312,0.13844,6.679052,7.118868,0.73023,36428.29151,13244.11076,2079.81987
26.59,0.326784,-0.135335,0.135306,6.74908,7.149678,0.684748,36297.77208,13311.43179,2001.36798
26.6,0.319357,-0.132197,0.132299,6.808942,7.170201,0.606237,36221.84119,13264.07522,1910.850476
26.61,0.311749,-0.129218,0.12921,6.708118,7.057863,0.580726,36001.82246,13439.49948,1809.097123
26.62,0.304607,-0.126149,0.126176,6.792318,7.105163,0.577946,36431.67368,12866.733,1656.159371
26.63,0.296898,-0.123021,0.123025,6.734146,7.053015,0.528609,36149.81993,13126.39099,1239.485411
26.64,0.28935,-0.119931,0.119887,6.786401,6.920751,0.521799,36088.78341,13063.99862,1553.674494
26.65,0.281985,-0.116896,0.11682,6.808389,7.025163,0.550824,36141.89643,12813.47121,1339.236379
26.66,0.274225,-0.113771,0.113827,6.83041,7.087636,0.377739,36156.1883,12948.32281,1321.863965
26.67,0.266487,-0.110373,0.110408,6.839847,7.054924,0.438004,36397.49192,12826.67341,1323.505427
26.68,0.259028,-0.107137,0.107179,6.698087,6.965935,0.388013,36505.61094,12931.0871,1291.550182
26.69,0.251228,-0.104039,0.104197,6.751981,7.098613,0.323459,36201.50509,12823.61644,1048.758073
26.7,0.243597,-0.100964,0.10091,6.860588,7.046806,0.491329,36105.80418,12771.65929,825.694885
26.71,0.235925,-0.097632,0.097758,6.834389,7.095595,0.309631,36280.95101,12860.84477,1138.522028
26.72,0.228171,-0.094444,0.094748,6.783434,7.035037,0.370719,36291.48219,12755.68228,1053.520955
26.73,0.220329,-0.091299,0.091308,6.819518,7.062956,0.315457,36506.79637,12657.71394,666.630342
26.74,0.21252,-0.088126,0.088069,6.85306,7.017205,0.272898,36273.96184,12792.02801,807.116463
26.75,0.204599,-0.08502,0.084818,6.829144,7.009051,0.266623,36030.60697,12724.34453,628.675411
26.76,0.196909,-0.081494,0.081584,6.828874,6.869859,0.258117,36557.52039,12596.05355,367.634301
26.77,0.189011,-0.078281,0.078432,6.837209,7.01905,0.166558,36540.62329,12940.13664,938.130176
26.78,0.181124,-0.075073,0.07526,6.894529,6.975989,0.174767,36343.1845,12667.273,495.328025
26.79,0.173193,-0.071833,0.071683,6.878364,6.99987,0.087852,36178.43108,12795.3364,966.661846
26.8,0.165327,-0.068529,0.0687,6.946344,7.0275,0.172878,36596.91746,12454.1472,586.887377
26.81,0.157312,-0.065144,0.065324,6.810751,7.014918,0.141815,36466.07011,12756.79131,268.215587
26.82,0.149515,-0.062025,0.062078,6.974963,6.947272,0.117649,36241.03271,12379.82246,455.634538
26.83,0.141392,-0.058616,0.058611,6.947009,6.861461,0.09396,36063.4801,12117.96144,213.619077
26.84,0.133359,-0.055323,0.055125,6.894311,6.849385,0.053843,36495.82473,12603.19935,212.451794
26.85,0.125423,-0.051969,0.051924,6.917999,6.975216,0.168432,36292.8432,12637.33727,248.496762
26.86,0.117347,-0.048453,0.048713,6.956507,6.890177,0.114678,36158.80395,12474.65561,58.709598
26.87,0.10928,-0.045174,0.045283,6.932095,6.957811,0.00988,36223.67205,12468.27724,340.339372
26.88,0.101248,-0.042032,0.041995,7.007426,7.035679,0.070412,36148.11942,12370.87716,207.206769
26.89,0.09326,-0.038595,0.038613,6.879301,6.891571,-0.008182,36797.68642,12237.51977,182.810997
26.9,0.085114,-0.035293,0.035297,6.965125,6.861657,0.094101,36431.01818,12720.92222,313.647276
26.91,0.077039,-0.032014,0.031921,6.915387,6.960077,0.068027,36665.81437,12306.25767,427.850528
26.92,0.068955,-0.02869,0.028668,7.043012,6.977097,0.015889,36547.65603,12220.40811,-235.598178
26.93,0.060837,-0.025326,0.025226,6.946192,6.946077,0.019997,36523.69168,12283.50656,189.020699
26.94,0.052707,-0.021904,0.02193,6.934502,6.889105,0.028553,36636.8088,12539.14228,355.575226
26.95,0.044619,-0.018604,0.018682,6.864415,6.991972,-0.00963,36366.09428,12274.50686,-231.785881
26.96,0.036598,-0.015159,0.01528,6.874757,6.967785,0.038532,36309.39731,12232.01345,-280.283848
26.97,0.028429,-0.011827,0.011843,6.937986,6.860886,-0.06123,36821.06443,12177.05894,84.432092
26.98,0.020504,-0.008357,0.008559,6.95986,7.044746,0.013162,36418.43425,12156.89094,231.9354
26.99,0.01212,-0.005024,0.005297,6.948196,6.962765,-0.042947,36455.33275,12413.2434,112.694618
27,0.004063,-0.001618,0.001846,6.988329,6.903339,0.001128,36435.07309,12533.05988,-139.863949
27.01,-0.004046,0.001791,-0.001607,6.894174,6.874969,-0.038028,36584.57822,12253.63347,110.411109
27.02,-0.012185,0.00497,-0.00477,6.888114,6.91484,0.076233,36423.21128,12393.04042,-34.115944
27.03,-0.020326,0.008398,-0.008241,6.947471,6.90766,0.023001,36684.20589,12209.31669,109.127027
27.04,-0.028516,0.011753,-0.011789,6.904325,6.991305,0.044562,36375.22039,12312.02412,16.006108
27.05,-0.036593,0.015084,-0.015041,6.913915,6.934937,0.01304,36339.70248,12482.63705,-288.867535
27.06,-0.044721,0.018428,-0.018473,6.880544,6.882318,0.007224,36629.26673,12500.72011,555.077033
27.07,-0.052832,0.021795,-0.021729,6.884663,6.938899,0.060652,36399.58943,12228.63252,129.209996
27.08,-0.06087,0.025207,-0.025266,6.916209,6.970589,0.11114,36512.04302,12429.51555,-52.590033
27.09,-0.068981,0.028442,-0.028504,6.904027,7.014256,-0.008347,36626.00216,12616.34698,233.17966
27.1,-0.077112,0.031851,-0.031941,6.866973,6.955126,0.031868,36504.18421,12419.48696,356.522866
27.11,-0.085257,0.035422,-0.035241,6.848851,7.011933,0.089915,36904.03598,12679.66224,162.824088
27.12,-0.093289,0.038674,-0.038528,6.870439,6.941736,0.053385,36643.02046,12412.11857,457.536704
27.13,-0.101245,0.041829,-0.041995,6.854379,6.970239,0.00108,36306.5888,12194.66362,535.973018
27.14,-0.109106,0.045264,-0.045262,6.827241,7.027932,0.047178,36455.88403,12853.50091,253.426437
27.15,-0.117412,0.048681,-0.048668,6.871305,6.949609,0.054321,36210.22797,12598.20568,243.061229
27.16,-0.125429,0.05192,-0.051836,7.00968,6.986595,0.142803,36599.29375,12445.78729,287.054591
27.17,-0.133451,0.055197,-0.055285,6.94446,7.071957,0.005523,36417.77375,12321.41945,520.357259
27.18,-0.14167,0.058637,-0.058649,6.934793,6.980312,0.132867,36485.21854,12798.87528,339.329548
27.19,-0.149481,0.062001,-0.061867,6.949618,7.006326,0.059051,36621.60833,12774.06443,294.244511
27.2,-0.157363,0.065144,-0.065073,6.899909,6.971876,0.213613,36394.28039,12864.04022,87.659581
27.21,-0.165361,0.068411,-0.068311,6.7808,7.015721,0.182463,36481.46301,12528.90835,389.815184
27.22,-0.173317,0.071627,-0.071737,6.909895,7.008283,0.090071,36595.70839,12848.94271,700.194106
27.23,-0.181162,0.074923,-0.074921,6.90623,6.992125,0.171522,36584.2493,12406.977,665.555696
27.24,-0.189035,0.078464,-0.07831,6.912839,6.996659,0.309891,36153.318,12871.46395,789.622002
27.25,-0.196915,0.081406,-0.081552,6.913479,6.949469,0.286557,36444.71964,12893.95881,316.109643
27.26,-0.204812,0.084832,-0.084773,6.854437,7.007887,0.261035,36489.64046,12979.10502,36.266723
27.27,-0.212656,0.087989,-0.088048,6.898092,6.975303,0.310652,36417.50295,12940.18798,950.352991
27.28,-0.220427,0.09132,-0.09119,6.765989,7.036199,0.248966,36229.2972,12692.18209,944.14562
27.29,-0.228149,0.094595,-0.094617,6.772052,7.023736,0.278264,36265.62035,12478.321,919.082232
27.3,-0.236032,0.097694,-0.097732,6.881333,6.977933,0.435266,36442.19487,13051.64487,1009.329821
27.31,-0.243629,0.100972,-0.100889,6.860058,7.042576,0.411814,36339.33839,12773.36932,1195.572114
27.32,-0.251409,0.104205,-0.104099,6.822297,7.159964,0.430275,36437.02637,12917.1668,1261.147815
27.33,-0.259121,0.107354,-0.10721,6.775251,7.069139,0.414546,36231.30789,12793.01239,1385.748439
27.34,-0.266622,0.110477,-0.110354,6.792498,7.02767,0.431345,36392.19403,12830.3177,1339.345816
27.35,-0.274404,0.113522,-0.113572,6.828782,7.060953,0.522387,36077.23085,13151.90526,1374.023544
27.36,-0.282167,0.116778,-0.116633,6.763483,7.065224,0.489346,35832.12154,13089.55641,1096.495095
27.37,-0.289495,0.119855,-0.119753,6.832686,7.156813,0.536889,36035.62158,13106.56958,1381.555879
27.38,-0.297029,0.123072,-0.122778,6.804172,7.01229,0.508287,35858.16661,12977.0426,1656.804442
27.39,-0.304457,0.126172,-0.126023,6.786744,7.004247,0.737879,36324.68102,12994.95719,1746.54364
27.4,-0.311955,0.129206,-0.129148,6.790382,7.181991,0.627496,36143.72379,13027.68216,1601.614335
27.41,-0.31931,0.132124,-0.132251,6.664036,7.060061,0.620504,35870.31997,13466.39233,1328.810354
27.42,-0.326735,0.135249,-0.135298,6.761829,7.05961,0.655856,36030.53941,13259.05602,1779.207449
27.43,-0.334201,0.138402,-0.138263,6.786594,7.057634,0.697678,35983.69172,13317.10121,2222.391805
27.44,-0.341339,0.141438,-0.141426,6.765666,7.248058,0.681575,36183.50429,13385.40446,2310.026025
27.45,-0.348719,0.144458,-0.144264,6.56737,7.097054,0.807773,35776.01169,13747.94758,2339.56458
27.46,-0.35616,0.147441,-0.147533,6.673082,7.110929,0.768912,35859.43906,13185.74849,2493.604003
27.47,-0.363123,0.150431,-0.150322,6.70516,7.120037,0.836196,35894.14307,14009.52404,2680.193705
27.48,-0.370271,0.153392,-0.153385,6.653008,7.224602,0.914276,35713.63585,13600.62889,2442.156109
27.49,-0.377437,0.15641,-0.15629,6.766924,7.143655,0.973341,36034.38603,13599.7445,2623.304208
27.5,-0.384545,0.159142,-0.159117,6.519176,7.134171,0.979845,35938.02888,14055.67696,2809.815987
27.51,-0.391627,0.162096,-0.162166,6.57759,7.134473,0.992222,36145.41982,13677.15496,2938.15839
27.52,-0.398652,0.165035,-0.16492,6.55053,7.153379,1.063303,35736.13175,13781.85699,2912.990093
27.53,-0.405466,0.168054,-0.167782,6.60367,7.133333,1.08945,35854.03427,13492.0521,3153.776231
27.54,-0.412513,0.170836,-0.170642,6.530884,7.239009,1.227305,36006.27553,13679.77472,3189.03799
27.55,-0.419109,0.17352,-0.173727,6.56634,7.22107,1.169035,35862.56904,13936.15715,3497.929379
27.56,-0.426077,0.176433,-0.176515,6.566352,7.196494,1.161553,35800.21125,13939.49779,3570.786511
27.57,-0.432854,0.1792,-0.179425,6.588842,7.325402,1.299121,36131.89589,14088.48646,3762.068236
27.58,-0.439609,0.18206,-0.181967,6.511296,7.243392,1.395391,35761.89196,14072.23334,3679.02611
27.59,-0.446202,0.184829,-0.184804,6.472547,7.262696,1.364714,35233.15613,14390.12518,3779.235493
27.6,-0.452961,0.18742,-0.187565,6.371228,7.214066,1.429296,35725.11726,13978.41182,3905.04265
27.61,-0.459397,0.190335,-0.190081,6.481179,7.231937,1.384105,35629.27516,14291.32464,4361.50892
27.62,-0.466017,0.192835,-0.192885,6.4594,7.252395,1.520031,35269.50385,14128.25081,4418.599597
27.63,-0.472392,0.195567,-0.19577,6.519312,7.251292,1.594739,35163.63433,14516.53189,4503.041073
27.64,-0.478887,0.198384,-0.198389,6.436806,7.392718,1.612775,35366.50447,14240.15769,4560.872267
27.65,-0.485297,0.200898,-0.201032,6.52719,7.20986,1.574998,35284.46054,14527.42944,4518.892446
27.66,-0.491694,0.20359,-0.203581,6.401042,7.257998,1.750192,35378.29098,14558.61152,4854.50352
27.67,-0.497902,0.205955,-0.205998,6.399256,7.311242,1.695218,35497.34615,14509.49107,5198.164845
27.68,-0.504132,0.208732,-0.20881,6.33884,7.317187,1.756295,35152.14943,14721.07415,5095.508337
27.69,-0.510174,0.211166,-0.211256,6.32215,7.340037,1.833411,34843.11365,15030.05134,5050.463933
27.7,-0.516318,0.213893,-0.21388,6.314117,7.344367,1.909248,35257.47086,14564.43633,5318.255854
27.71,-0.522396,0.216298,-0.216116,6.209202,7.293186,1.939799,35007.27016,14872.78365,5248.143872
27.72,-0.528447,0.21882,-0.218823,6.279427,7.405339,2.048051,34938.75362,14722.70014,5644.412939
27.73,-0.534222,0.221304,-0.221211,6.249274,7.260569,2.086122,34570.53894,14725.68286,5838.31193
27.74,-0.540092,0.223702,-0.223701,6.230529,7.36227,2.112987,35051.41508,14547.47811,6079.985871
27.75,-0.545938,0.225946,-0.226087,6.249967,7.258822,2.141904,34751.49752,14898.79539,6198.326073
27.76,-0.551731,0.228443,-0.228376,6.180735,7.259894,2.224651,34546.29416,14722.23753,6162.262693
27.77,-0.557321,0.230859,-0.230701,6.13712,7.284571,2.224878,34490.35706,15191.15426,6326.048021
27.78,-0.563177,0.233185,-0.233125,6.129034,7.222183,2.360109,34867.3768,14904.3049,6412.121469
27.79,-0.56855,0.235345,-0.235382,6.131274,7.333832,2.433761,34911.96811,15090.97948,6601.584684
27.8,-0.573947,0.237818,-0.237713,6.101484,7.290885,2.493959,34649.65457,15211.03714,6787.394541
27.81,-0.579427,0.240061,-0.239807,6.044919,7.314065,2.375709,34792.81051,15120.23314,7402.45071
27.82,-0.584753,0.242222,-0.242177,6.012894,7.304587,2.573657,34920.75455,14968.87626,7514.518767
27.83,-0.590152,0.244429,-0.244426,6.041895,7.353365,2.570473,34618.3031,15034.83921,7744.720712
27.84,-0.595347,0.246525,-0.246624,5.962786,7.314479,2.616617,34295.00865,15305.00421,7672.801621
27.85,-0.600562,0.248681,-0.248723,5.945757,7.30523,2.614978,34000.97789,15309.03592,7920.918695
27.86,-0.605879,0.250913,-0.250822,5.860751,7.320712,2.737493,34461.56173,15161.06162,7984.540886
27.87,-0.610764,0.252977,-0.252895,5.951745,7.273387,2.780827,34458.01626,15517.83283,8360.668627
27.88,-0.615793,0.255168,-0.255013,5.918802,7.281895,2.910731,34485.27128,15250.57968,8351.314891
27.89,-0.620567,0.257189,-0.257063,5.827726,7.251401,2.935981,34175.14647,15537.10722,8720.901981
27.9,-0.625486,0.258975,-0.258931,5.795181,7.278504,2.962383,34333.08691,15552.55338,8824.423369
27.91,-0.630299,0.26093,-0.260887,5.824574,7.322448,3.097102,33894.35798,15540.96761,8793.606754
27.92,-0.634902,0.262898,-0.262848,5.71651,7.34042,3.047976,33830.73505,15457.11133,9253.957725
27.93,-0.6396,0.265119,-0.264725,5.762567,7.278959,3.234901,34223.68073,15394.30248,9179.145193
27.94,-0.644231,0.266763,-0.266833,5.690397,7.243256,3.316699,34215.24008,16114.33106,9573.109882
27.95,-0.648671,0.268652,-0.268562,5.752262,7.211576,3.307359,34000.10197,15842.55041,9895.810816
27.96,-0.653101,0.270359,-0.270524,5.62769,7.126178,3.440639,33649.8078,15787.47919,9906.092293
27.97,-0.657345,0.272381,-0.272274,5.604999,7.251671,3.459631,33587.59313,15956.91452,10101.86287
27.98,-0.661757,0.274045,-0.274032,5.544074,7.286171,3.477173,33581.66663,15638.78155,10475.76584
27.99,-0.666095,0.275877,-0.275833,5.505957,7.249548,3.582313,33464.912,15734.21079,10551.11116
28,-0.67008,0.277306,-0.277472,5.52149,7.221354,3.722223,33489.98206,15786.69628,10775.15972
28.01,-0.674044,0.279013,-0.279048,5.552867,7.215314,3.683964,33402.13795,15585.36175,11124.80394
28.02,-0.678106,0.280791,-0.280959,5.579172,7.183263,3.668917,33240.68221,15774.36254,10940.78417
28.03,-0.681964,0.282495,-0.282399,5.517333,7.169691,3.722402,33139.88258,15717.7071,11339.9334
28.04,-0.685924,0.283998,-0.283967,5.354982,7.115568,3.785821,33021.29674,15822.87558,11153.98555
28.05,-0.689746,0.285699,-0.285738,5.355291,7.141899,4.042111,33265.81594,16111.17496,11569.58388
28.06,-0.693433,0.287031,-0.287018,5.356676,7.130327,4.017128,32757.48281,16074.93394,11913.86465
28.07,-0.697115,0.288554,-0.288569,5.338304,7.196066,4.15628,32420.72008,16120.88958,11876.38688
28.08,-0.700487,0.290297,-0.289936,5.198179,7.059401,4.155267,32996.97934,16262.10754,12414.6021
28.09,-0.703915,0.291605,-0.291675,5.35886,7.09429,4.276053,32691.70505,15753.54799,12282.79705
28.1,-0.707423,0.292921,-0.292939,5.201692,7.076263,4.274526,32707.204,15816.62487,12564.99676
28.11,-0.71077,0.29424,-0.294364,5.265493,7.065032,4.357024,32682.90757,15898.7871,12864.70397
28.12,-0.713794,0.29569,-0.295658,5.178842,7.119007,4.422312,32610.42675,15607.69458,13218.28417
28.13,-0.717055,0.296984,-0.296993,5.172836,7.141372,4.525148,32280.56787,15832.59768,13272.74838
28.14,-0.720125,0.298087,-0.29815,5.075193,7.03265,4.565466,32484.72433,16155.80032,13379.65575
28.15,-0.723014,0.299501,-0.299406,5.045966,6.965672,4.570876,32353.33501,15987.21867,13822.69982
28.16,-0.725976,0.300847,-0.300635,4.996334,6.904843,4.829233,32365.97368,16243.29212,13704.42487
28.17,-0.72895,0.301763,-0.301766,5.031752,6.955594,4.712511,32079.63791,16002.99085,14219.20631
28.18,-0.731503,0.303055,-0.302895,5.014646,6.893463,4.764601,31721.18231,15845.82581,14182.59855
28.19,-0.734249,0.303973,-0.304132,4.969311,6.939479,4.920823,31874.90578,16018.45759,15004.24549
28.2,-0.737008,0.305139,-0.30526,4.886713,6.922132,4.915771,31666.73513,15939.17763,14934.27494
28.21,-0.739361,0.306197,-0.30635,4.869023,6.912262,5.025612,31657.735,16082.11241,14984.84229
28.22,-0.741738,0.307281,-0.30731,4.786892,6.937813,5.083479,31674.2176,16110.33146,15440.89218
28.23,-0.744136,0.308251,-0.308191,4.801564,6.795962,5.063013,31214.22914,15777.91509,15678.24928
28.24,-0.746344,0.309146,-0.309016,4.770996,6.797803,5.169454,31397.28958,15696.52229,15666.64791
28.25,-0.748585,0.310021,-0.309968,4.715129,6.872614,5.2634,31146.01804,15964.54245,15868.23584
28.26,-0.750639,0.310927,-0.31092,4.644504,6.802739,5.370285,31323.53805,15865.17276,16420.76681
28.27,-0.752792,0.311712,-0.311768,4.624723,6.664067,5.446642,31457.95104,15652.70308,16179.98762
28.28,-0.754647,0.31256,-0.31253,4.544528,6.832414,5.438828,31003.78435,16013.51784,16739.86555
28.29,-0.75652,0.313329,-0.31316,4.556141,6.697908,5.54858,30871.28353,16011.78099,16876.03333
28.3,-0.758192,0.314,-0.313991,4.632044,6.659981,5.654795,30797.30792,16063.23627,16926.08258
28.31,-0.76001,0.31474,-0.314746,4.468408,6.626486,5.706545,30680.26019,15817.76426,17256.92166
28.32,-0.761642,0.315299,-0.315598,4.446205,6.605651,5.684189,30602.01303,15614.20628,17392.11691
28.33,-0.763095,0.316144,-0.316098,4.411443,6.755363,5.79053,30387.85874,15830.23042,17752.39603
28.34,-0.764509,0.316608,-0.316595,4.382726,6.524955,6.035192,30039.83935,15535.21669,17750.81918
28.35,-0.765975,0.317182,-0.317189,4.24017,6.493512,5.830964,30119.31376,15769.75666,18296.45019
28.36,-0.767378,0.317747,-0.317718,4.306757,6.498535,6.01022,30236.19979,15417.48665,18127.80928
28.37,-0.768574,0.318275,-0.318201,4.231768,6.536333,6.120979,29997.29546,15457.17579,18674.72918
28.38,-0.769451,0.318707,-0.31869,4.251253,6.289859,6.069375,29578.31533,15222.31414,18693.96284
28.39,-0.770578,0.319061,-0.319113,4.157896,6.435159,6.039973,29934.66218,15092.81953,18964.75331
28.4,-0.771234,0.319641,-0.319505,4.192041,6.373014,6.320282,29394.17566,14997.35049,19225.20236
28.41,-0.772306,0.319864,-0.319769,4.013322,6.28218,6.249571,29684.80185,15182.59607,19362.21401
28.42,-0.773094,0.320069,-0.31997,4.000064,6.245586,6.275943,29226.24519,14980.27723,19572.90163
28.43,-0.773627,0.320304,-0.320564,4.055981,6.275133,6.383473,29329.63865,14952.88811,19963.7519
28.44,-0.774381,0.320701,-0.320615,3.846657,6.268825,6.370909,29178.1904,14948.09223,20092.83162
28.45,-0.77485,0.320757,-0.320854,3.853396,6.108663,6.508895,29311.35631,15113.54258,19997.26271
28.46,-0.775196,0.321069,-0.321091,3.891049,6.177003,6.621717,29252.28429,14925.83802,20570.94085
28.47,-0.775539,0.321205,-0.321285,3.768268,6.16002,6.725562,29076.11168,14643.58414,20678.58329
28.48,-0.775835,0.321206,-0.321214,3.825171,6.174139,6.671237,29206.64933,15144.03997,20397.89152
28.49,-0.775973,0.321302,-0.321349,3.706076,5.975093,6.752537,28223.77149,14988.67934,20954.35095
28.5,-0.775992,0.32124,-0.321414,3.735847,5.983871,6.821814,28525.22613,14718.40837,21393.08525
28.51,-0.775958,0.32129,-0.321416,3.720176,5.927712,6.871878,28264.72409,14633.49815,21562.68503
28.52,-0.776134,0.321381,-0.321571,3.588978,5.823991,6.945837,27986.63085,14305.57002,21798.50098
28.53,-0.775981,0.32127,-0.321284,3.535482,5.84117,7.033194,28438.87704,14202.01877,21967.61257
28.54,-0.775555,0.321246,-0.321093,3.560809,5.780684,7.166268,28123.89973,14056.99501,22212.88195
28.55,-0.775188,0.321132,-0.321133,3.438211,5.795217,7.128133,27970.68528,14180.04487,22034.63141
28.56,-0.774835,0.321164,-0.32068,3.468996,5.681145,7.143155,27657.06132,14157.32794,22428.52252
28.57,-0.774241,0.320745,-0.320578,3.445337,5.58365,7.244122,28053.65521,14185.33487,22824.68883
28.58,-0.773751,0.320602,-0.320447,3.29819,5.532723,7.295478,27700.23048,14028.92275,22887.87432
28.59,-0.773043,0.320339,-0.320312,3.301763,5.676482,7.257398,27593.14832,14148.54455,23478.09736
28.6,-0.772241,0.319689,-0.319873,3.296371,5.537937,7.407801,27791.14859,13634.83421,23088.7567
28.61,-0.77143,0.319455,-0.31945,3.22394,5.404513,7.4891,27271.15097,13818.23623,23568.41209
28.62,-0.770554,0.319089,-0.31918,3.243801,5.457998,7.518429,27253.15622,13876.81769,23500.30184
28.63,-0.769503,0.318557,-0.3186,3.225386,5.440033,7.591423,27240.49602,13451.63178,23816.00883
28.64,-0.768478,0.318279,-0.318235,3.092323,5.393491,7.564064,27098.20341,13213.73127,24089.34449
28.65,-0.767205,0.317829,-0.317698,3.102331,5.243678,7.650379,26686.74846,13076.11558,24478.43102
28.66,-0.766071,0.317244,-0.317431,3.081432,5.229217,7.75632,26651.16606,13472.03563,24255.98601
28.67,-0.76453,0.316605,-0.31674,2.976846,5.279025,7.75022,26521.41357,13005.02182,24703.0215
28.68,-0.763107,0.316017,-0.315851,3.090608,5.181375,7.805064,26148.77521,12857.78021,24489.09208
28.69,-0.761628,0.31558,-0.315273,2.862633,5.073901,7.954274,26118.84654,12867.23764,24996.93442
28.7,-0.760037,0.314677,-0.314613,2.815523,4.965578,7.917932,26524.94917,13083.93597,25234.83116
28.71,-0.758306,0.314061,-0.314049,2.900738,4.974154,7.906739,26108.80142,12880.70235,25363.10598
28.72,-0.756626,0.313281,-0.313376,2.785836,4.930774,8.052794,26174.20869,12447.30895,25103.01206
28.73,-0.754798,0.312519,-0.31237,2.85102,4.882348,8.000676,25955.45295,12227.24406,25771.05732
28.74,-0.752588,0.311736,-0.31171,2.656051,4.75047,8.083536,25829.83194,12405.41796,25936.76754
28.75,-0.750662,0.311022,-0.310857,2.597649,4.820721,8.119852,25734.46857,12123.63093,26234.75911
28.76,-0.748644,0.309999,-0.309915,2.600477,4.804369,8.088128,25555.84332,11862.29848,26193.51698
28.77,-0.746192,0.309073,-0.309286,2.641389,4.684332,8.231577,25674.32789,12053.57133,26542.84198
28.78,-0.74408,0.308182,-0.308157,2.555505,4.568384,8.29151,25391.05642,11706.70513,26962.30681
28.79,-0.741694,0.307221,-0.307311,2.57656,4.470125,8.308007,25305.9485,12072.80952,26444.13941
28.8,-0.739541,0.306205,-0.30629,2.471037,4.502964,8.364637,24751.80926,11547.32877,27143.81035
28.81,-0.736834,0.305058,-0.305179,2.427716,4.443295,8.44461,25221.01087,11670.84261,27229.4453
28.82,-0.734395,0.304063,-0.304114,2.34984,4.388669,8.403083,24892.1104,11259.44029,27280.40767
28.83,-0.731543,0.303105,-0.302984,2.319097,4.328017,8.534023,24705.93223,11356.81966,27514.63055
28.84,-0.728917,0.302018,-0.301796,2.278679,4.425504,8.422431,24472.37493,11005.56944,27858.19735
28.85,-0.725956,0.300727,-0.300528,2.159902,4.209141,8.47573,24264.19823,11046.18179,27492.38275
28.86,-0.723009,0.299527,-0.299381,2.306315,4.212155,8.522827,24402.39174,10974.31412,27647.92459
28.87,-0.72018,0.298176,-0.298218,2.195226,4.11792,8.745768,24292.4053,10783.00375,27797.58724
28.88,-0.717026,0.296959,-0.29691,2.174746,4.091837,8.676208,24465.69912,10588.56701,28473.77085
28.89,-0.713883,0.295615,-0.295773,2.141433,4.022717,8.641139,23740.90521,10172.07839,28189.68176
28.9,-0.710584,0.294367,-0.294372,2.097055,3.977579,8.65158,24086.33867,10401.07256,28467.002
28.91,-0.707308,0.292981,-0.29292,2.059288,3.848034,8.668507,23635.98666,10193.02279,28683.41087
28.92,-0.704129,0.29144,-0.291577,2.014573,3.881602,8.833466,23859.0646,10042.6607,28609.61415
28.93,-0.700368,0.290037,-0.290122,1.953355,3.725618,8.773608,23584.33323,10277.13135,29038.76373
28.94,-0.697068,0.288604,-0.288597,1.931995,3.737777,8.874379,23477.78556,9613.512682,28997.4279
28.95,-0.693538,0.286903,-0.287072,1.899638,3.740795,8.849791,23280.34336,9560.86768,28352.32
28.96,-0.689665,0.285569,-0.285517,1.896667,3.663996,8.932353,23541.41414,9325.391934,29257.90222
28.97,-0.685819,0.28388,-0.284056,1.864444,3.520721,8.987251,23093.82269,9447.565443,29136.12735
28.98,-0.681966,0.282413,-0.282478,1.776419,3.51064,8.921051,22903.4622,9112.744922,29755.6008
28.99,-0.678065,0.280826,-0.280934,1.785812,3.441634,8.966461,22748.82311,8845.638273,29357.00153
29,-0.674218,0.279082,-0.279129,1.766994,3.369615,9.047391,22943.90398,9079.126359,29318.88995
29.01,-0.670245,0.277601,-0.277637,1.707403,3.379272,9.059173,22515.42001,8803.836056,29632.99059
29.02,-0.665954,0.275673,-0.275808,1.602861,3.304151,9.10221,22660.66256,8762.693329,30322.55634
29.03,-0.661659,0.274155,-0.273923,1.724718,3.335154,9.154244,22324.23987,8662.662966,30604.43797
29.04,-0.657473,0.272292,-0.272242,1.646335,3.056286,9.108698,22492.10406,8485.280858,30492.67514
29.05,-0.653057,0.270444,-0.270363,1.508639,3.160873,9.187747,22584.87305,8287.439968,30531.41968
29.06,-0.648656,0.268745,-0.268584,1.55836,3.104828,9.203336,22541.69859,8138.678795,30389.85127
29.07,-0.644128,0.266719,-0.266799,1.492734,2.990554,9.244649,22235.35827,8141.44008,30715.99707
29.08,-0.639732,0.264865,-0.264886,1.466294,3.018799,9.209567,21988.62936,7846.65268,30654.62201
29.09,-0.634908,0.26286,-0.262667,1.420232,2.870627,9.28764,21885.52207,7414.495527,30909.92595
29.1,-0.630284,0.261129,-0.260908,1.360743,2.736249,9.235423,22159.7984,7522.692091,30674.40019
29.11,-0.625716,0.259018,-0.258892,1.33584,2.800669,9.27955,21951.51599,7635.639799,31107.11061
29.12,-0.620863,0.257101,-0.257093,1.403841,2.763141,9.367441,21383.33743,7120.130382,31272.61393
29.13,-0.615778,0.255018,-0.255141,1.379791,2.745942,9.385318,21673.62868,7132.281283,31368.73043
29.14,-0.61074,0.252879,-0.25298,1.255115,2.661719,9.353419,21534.6885,7119.835445,31162.77245
29.15,-0.605647,0.25115,-0.250794,1.288271,2.556626,9.410973,21192.09267,6731.360357,30990.1579
29.16,-0.600546,0.248721,-0.248769,1.194312,2.57046,9.458059,20759.28757,6858.94372,31616.27636
29.17,-0.595391,0.246713,-0.246544,1.252453,2.459385,9.481109,20964.20962,6641.059705,31929.0628
29.18,-0.590091,0.244387,-0.244167,1.074745,2.435812,9.359901,21039.02064,6744.344701,31965.63
29.19,-0.585002,0.242259,-0.24214,1.133718,2.315083,9.446403,20683.43745,6583.065677,31484.1205
29.2,-0.579461,0.239884,-0.240061,1.068707,2.387106,9.574181,20917.89408,6076.663305,32038.30634
29.21,-0.574067,0.237737,-0.237815,1.120407,2.323421,9.50468,20504.77517,5999.380554,32118.95447
29.22,-0.568638,0.235499,-0.235341,1.045088,2.208927,9.437675,20542.67434,5942.632245,32234.78825
29.23,-0.563031,0.233085,-0.23319,0.982517,2.209414,9.490515,20680.18311,5788.034396,32224.36433
29.24,-0.557141,0.230858,-0.230802,1.014933,2.07348,9.641604,20604.8522,5717.824335,32277.4416
29.25,-0.551583,0.228661,-0.228339,1.037788,2.064063,9.634278,20452.78014,5682.508449,32429.35328
29.26,-0.546049,0.226073,-0.226097,0.969077,2.074134,9.545377,20578.1113,5473.935001,32675.88064
29.27,-0.540148,0.223568,-0.22369,0.894832,2.0411,9.603546,20335.81163,5263.348034,32395.59012
29.28,-0.534347,0.221275,-0.221223,0.934021,1.971231,9.585378,20311.66091,5414.923217,32868.66947
29.29,-0.528452,0.218642,-0.218815,0.844284,1.891156,9.502471,19997.56536,5032.694846,32307.34216
29.3,-0.522289,0.216356,-0.216301,0.847103,1.880412,9.590984,19749.52582,4823.605477,32751.92809
29.31,-0.516596,0.213768,-0.213858,0.912219,1.758491,9.561279,19737.6134,4965.058583,32583.20306
29.32,-0.51024,0.21118,-0.211306,0.823674,1.719891,9.655165,19708.03655,4959.4959,32903.06651
29.33,-0.504117,0.208976,-0.208659,0.738167,1.709391,9.640058,19668.47034,4846.840554,32628.47512
29.34,-0.497868,0.206163,-0.206159,0.760027,1.683068,9.605512,19677.88779,4236.362846,33079.02277
29.35,-0.491573,0.203538,-0.203557,0.716002,1.645034,9.715014,19670.93662,4286.436455,32880.05248
29.36,-0.485184,0.20103,-0.200912,0.737878,1.488044,9.6727,19730.39209,4247.530646,32860.62046
29.37,-0.478788,0.198339,-0.198387,0.659374,1.482974,9.593781,19113.06706,4355.01165,33360.98595
29.38,-0.472636,0.195598,-0.195647,0.55291,1.503783,9.719759,19551.02698,4128.528494,33159.83025
29.39,-0.465975,0.193072,-0.19301,0.563332,1.392594,9.68991,19228.62386,3710.931332,33311.33263
29.4,-0.459556,0.190343,-0.190154,0.585746,1.392092,9.674879,19175.87575,3872.658783,33245.69493
29.41,-0.452953,0.187581,-0.187414,0.524428,1.303055,9.723995,19147.34163,3818.961145,33321.18193
29.42,-0.446258,0.184803,-0.184972,0.52749,1.319331,9.760903,19586.4465,3790.211881,33290.16994
29.43,-0.439497,0.1821,-0.182015,0.583996,1.268127,9.7102,19020.00505,3676.086094,33833.73114
29.44,-0.432932,0.17915,-0.17925,0.561195,1.162303,9.603648,18663.87344,3294.286806,33109.64655
29.45,-0.426132,0.176552,-0.176544,0.479391,1.230848,9.778462,18929.28214,3158.903993,33531.78164
29.46,-0.41918,0.173636,-0.173511,0.442124,1.106832,9.696071,18995.19096,2863.483845,33417.33389
29.47,-0.41253,0.170821,-0.170665,0.417412,1.061958,9.776712,18788.0473,2885.396708,33478.957
29.48,-0.405528,0.167801,-0.16794,0.461116,1.027105,9.633748,18426.65889,2505.481094,33598.33171
29.49,-0.398539,0.164927,-0.165158,0.549891,0.943261,9.747812,18933.87285,3101.724966,34155.7195
29.5,-0.39157,0.162069,-0.162075,0.463753,0.972723,9.792954,18751.75639,2637.960186,33393.8808
29.51,-0.384656,0.159076,-0.159287,0.289568,0.882796,9.721471,18571.26983,2462.84154,33660.70043
29.52,-0.377342,0.156229,-0.156287,0.321595,0.811361,9.803055,18184.43585,2246.647258,33936.87147
29.53,-0.370329,0.153271,-0.153241,0.308672,0.909462,9.807852,18280.27841,2335.38323,33902.10656
29.54,-0.363173,0.150427,-0.150517,0.33901,0.750246,9.736964,18563.75747,2067.026747,34216.13346
29.55,-0.356139,0.147164,-0.147403,0.304864,0.752634,9.730941,18265.71978,2116.399613,33965.4331
29.56,-0.348765,0.144468,-0.144257,0.327971,0.737239,9.77008,17879.94198,2001.511032,33934.85008
29.57,-0.341488,0.141367,-0.141332,0.309237,0.779754,9.876241,18097.98901,1866.816244,34041.36984
29.58,-0.334015,0.138287,-0.138286,0.29691,0.68254,9.770642,18136.89222,1818.814141,33867.97446
29.59,-0.326817,0.135284,-0.135224,0.329889,0.689694,9.786797,18038.0593,1699.460598,34248.0842
29.6,-0.319475,0.132159,-0.132176,0.261026,0.652827,9.835866,18152.93797,1535.959471,33962.74785
29.61,-0.311984,0.129154,-0.129171,0.233123,0.615423,9.695635,17755.44867,1763.859935,34170.59534
29.62,-0.30448,0.126056,-0.126003,0.208458,0.588414,9.709252,17908.72345,1589.563102,34182.12741
29.63,-0.296995,0.123114,-0.122856,0.153737,0.548263,9.691617,17923.88568,1760.860568,34117.15733
29.64,-0.289432,0.11985,-0.119839,0.200559,0.611357,9.809215,18042.7396,1789.388339,33918.3518
29.65,-0.282002,0.116987,-0.116739,0.29215,0.558144,9.755644,17654.0743,1089.979601,34074.42617
29.66,-0.274315,0.113714,-0.113696,0.183126,0.472484,9.84998,17755.34938,1348.512624,33878.09713
29.67,-0.266818,0.110406,-0.110508,0.253336,0.466672,9.813208,17718.08557,1135.577179,34431.58222
29.68,-0.25921,0.107228,-0.107141,0.118374,0.45519,9.768933,17494.96796,1196.790606,34518.29048
29.69,-0.251361,0.104097,-0.104073,0.20962,0.445089,9.726883,17751.29544,1136.999535,34024.34389
29.7,-0.243867,0.100965,-0.100847,0.250784,0.345176,9.85403,17425.51864,678.023879,34576.01817
29.71,-0.236087,0.097721,-0.0977,0.187528,0.424714,9.860382,17608.53252,1016.929094,34389.01345
29.72,-0.228283,0.094404,-0.09453,0.212596,0.351743,9.76289,17854.69689,816.176385,34424.07581
29.73,-0.22054,0.091308,-0.091216,0.112555,0.322847,9.850621,17328.25546,1088.680089,34269.88086
29.74,-0.212625,0.088019,-0.088051,0.120424,0.231907,9.741106,17250.7331,654.753583,33927.10045
29.75,-0.204648,0.08463,-0.084669,0.108875,0.398039,9.798384,17253.80418,656.890339,34276.70424
29.76,-0.196945,0.081547,-0.081566,0.071884,0.258865,9.841607,17400.80707,569.991258,34194.87072
29.77,-0.189123,0.078177,-0.078382,0.09505,0.10999,9.771509,17584.13055,321.240836,34231.1388
29.78,-0.181222,0.074867,-0.074919,0.049597,0.22371,9.774597,17243.79444,643.454235,34441.94846
29.79,-0.173202,0.071434,-0.07185,0.062275,0.120162,9.778697,17226.15911,393.451172,34630.64378
29.8,-0.165345,0.068468,-0.06842,0.17753,0.200928,9.828137,17592.3794,436.586863,34286.1917
29.81,-0.157382,0.065222,-0.065061,0.01856,0.083011,9.858339,17356.46561,732.735301,34339.02691
29.82,-0.149296,0.061859,-0.061761,0.054061,0.159322,9.822338,17351.45749,168.852787,34448.81473
29.83,-0.141611,0.058539,-0.058636,0.055119,-0.008265,9.852899,17410.81382,390.734565,34313.82065
29.84,-0.133349,0.055441,-0.055169,0.131441,0.106567,9.799315,17174.34137,216.69403,34585.04742
29.85,-0.125571,0.051908,-0.051895,0.049282,0.077879,9.716607,17003.50216,230.463002,34704.61913
29.86,-0.117413,0.048688,-0.048489,0.015655,0.078623,9.861362,17432.00293,293.701679,34745.18696
29.87,-0.109622,0.045382,-0.045286,-0.019904,0.052751,9.809419,17284.48583,325.350803,34866.7124
29.88,-0.101388,0.042052,-0.041931,0.048477,0.155703,9.840598,17018.56376,325.075138,34166.75267
29.89,-0.093396,0.038473,-0.038562,0.05427,-0.01029,9.88879,17019.17336,152.650167,34539.53075
29.9,-0.085124,0.035375,-0.035238,-0.068024,0.108917,9.852515,17419.30847,156.323515,34859.85721
29.91,-0.077161,0.032038,-0.031916,0.020116,-0.018845,9.835913,17004.28132,104.666822,34434.41148
29.92,-0.068902,0.028566,-0.028504,-0.011325,0.094879,9.662571,16713.81157,-0.171304,34565.86308
29.93,-0.060952,0.025217,-0.02521,0.014034,-0.109882,9.812803,16999.65212,-77.233023,34412.11961
29.94,-0.052885,0.021822,-0.021869,-0.007969,0.058089,9.751751,16923.04031,-54.266175,34254.18677
29.95,-0.044689,0.018481,-0.018476,-0.043744,-0.09669,9.786287,17133.92093,-458.652969,34185.43276
29.96,-0.036617,0.015092,-0.014939,0.012491,-0.004844,9.759899,17033.40522,96.48025,34483.64731
29.97,-0.02848,0.011697,-0.011754,-0.008456,0.032835,9.823817,16804.85646,-41.282437,34269.51675
29.98,-0.020299,0.008367,-0.008376,-0.096763,-0.02245,9.763793,17154.30815,314.330241,34613.44367
29.99,-0.012254,0.005033,-0.004964,-0.138041,0.031421,9.824519,16888.76446,108.253764,34799.29442
30,-0.004066,0.00151,-0.001725,-0.051248,0.027272,9.820486,16880.01507,148.279525,34474.36428
30.01,-0.000271,0.000039,0.000148,-0.023297,-0.012955,9.797498,17160.04801,131.300668,34373.99041
30.02,0.000072,-0.000018,0.000152,-0.033713,-0.005912,9.7297,16824.03893,459.570817,34868.44805
30.03,-0.000045,-0.000041,-0.000083,0.096329,-0.074197,9.78721,17366.06774,90.641087,34612.97041
30.04,-0.00011,-0.000082,0.000132,0.022246,-0.163004,9.787891,17203.47438,-53.87987,34545.56683
30.05,0.000103,-0.000072,0.000084,0.100811,-0.121405,9.800272,17186.37729,111.261716,34521.65487
30.06,-0.000017,-0.000098,-0.000099,-0.006867,-0.127876,9.854564,17001.32293,304.690033,34503.70122
30.07,-0.000107,-0.000156,0.000024,-0.015483,-0.143514,9.807446,16949.22724,27.379555,34466.0753
30.08,-0.000054,-0.000047,0.000037,-0.001241,-0.193721,9.771565,16749.14678,-246.601069,34045.04175
30.09,0,-0.000112,0.000129,-0.077125,-0.268133,9.852649,16754.99344,208.18312,34500.46488
30.1,-0.000187,-0.000026,0.000085,-0.013895,-0.245021,9.869423,16472.71982,-139.342709,34795.83795
30.11,-0.000111,-0.00017,0.000107,-0.016191,-0.317255,9.801753,16783.67974,176.647017,34323.10473
30.12,-0.0001,0.000037,0.000118,0.034094,-0.321262,9.818294,16970.98953,-96.336486,34685.47808
30.13,-0.000042,-0.000031,0.000137,0.070211,-0.354139,9.823246,16926.96407,-73.298657,34355.60153
30.14,-0.000009,-0.000112,0.000066,-0.035275,-0.398183,9.876247,17243.04907,25.199298,34272.035
30.15,0.000006,-0.000013,0.000068,0.037184,-0.423861,9.804614,16894.25772,-106.082922,34478.57468
30.16,-0.000055,-0.000041,-0.00003,-0.044526,-0.493638,9.860824,17026.48409,38.106246,34525.81913
30.17,-0.000166,0.000067,-0.000004,0.0034,-0.480179,9.873011,17275.6693,-183.782319,34600.44282
30.18,-0.000023,-0.000162,0.000065,-0.018605,-0.535778,9.880885,17324.70312,122.785079,34669.90443
30.19,-0.000114,0.000227,-0.000037,0.033602,-0.61792,9.80903,17023.75088,-207.301888,34220.77382
30.2,-0.000126,0.000051,0.00015,-0.036713,-0.590846,9.798103,16937.03677,-160.42461,34799.32689
30.21,-0.000225,-0.000009,0.000127,-0.07931,-0.628087,9.900621,16854.60669,87.194794,34579.39319
30.22,-0.000148,0.000028,0.000005,-0.007764,-0.642224,9.857787,17439.15552,-198.428702,34810.98357
30.23,-0.000129,-0.000062,0.000011,-0.065621,-0.655861,9.874332,16806.00998,113.903489,34823.63862
30.24,-0.000163,0.000163,0.000012,0.002882,-0.653177,9.799072,16966.59468,59.543712,34740.71453
30.25,-0.000107,0.000043,0.000045,0.020002,-0.660482,9.801674,16922.3158,-202.980008,34257.27235
30.26,0.000074,-0.000054,0.000082,0.007947,-0.70814,9.715409,17068.51518,-206.76053,34878.93186
30.27,-0.000034,-0.000017,0.000033,0.048205,-0.65469,9.85119,17079.04013,212.145217,34557.39813
30.28,-0.000051,0.000114,-0.000008,0.014735,-0.788037,9.828564,17495.42501,257.200875,34499.84012
30.29,-0.000089,-0.000061,0.000101,0.100577,-0.719722,9.776058,17088.18142,-405.324417,34607.26027
30.3,-0.000007,0.00005,-0.000065,0.079038,-0.852059,9.77877,16883.47267,155.413799,34701.03988
30.31,-0.00002,-0.000046,0.000026,-0.003762,-0.809541,9.799719,16926.00658,185.451823,34323.58571
30.32,-0.000028,-0.000202,0.000075,0.053085,-0.848443,9.889224,16904.34708,-378.320978,34421.51944
30.33,-0.000029,-0.000155,0.000043,-0.065107,-0.880585,9.844157,16936.21668,101.938421,34710.28289
30.34,0.000092,-0.000065,0.000102,0.080155,-1.012176,9.799637,17012.636,191.488145,34789.54376
30.35,-0.000061,-0.000101,-0.000029,-0.094347,-0.90881,9.783689,16648.0836,-79.7406,34498.7628
30.36,-0.000076,0.000081,0.000122,0.020266,-0.901697,9.854608,17413.88477,138.293257,34604.75514
30.37,-0.000103,0.000055,0.00004,-0.006131,-0.942211,9.965418,16953.15056,92.035551,34800.22167
30.38,-0.000102,0.000006,-0.000028,-0.019875,-0.965031,9.787402,17053.89788,-205.354308,34737.0544
30.39,-0.000178,0.000081,-0.000107,0.046118,-1.053136,9.84187,16777.26531,-68.042108,34728.5192
30.4,0.000005,-0.000163,0.000049,-0.06896,-1.023416,9.936889,16897.10598,-38.362849,34286.57475
30.41,-0.000059,-0.000069,-0.000138,-0.051898,-1.081264,9.857876,17398.27856,-15.05363,34654.98219
30.42,-0.000051,-0.000034,-0.000026,-0.049783,-1.186853,9.73005,16967.50175,367.788295,34820.03057
30.43,-0.000048,0.000055,-0.000011,0.014483,-1.03483,9.816861,17098.58863,97.270819,34223.22363
30.44,-0.00002,-0.00013,0.000084,0.008137,-1.053621,9.81041,17129.13977,244.202048,34452.47156
30.45,0.000013,0.000183,0.000129,0.071577,-1.050817,9.796633,17023.5642,-76.012804,34637.58679
30.46,-0.000004,0.00009,-0.000034,0.068194,-1.106636,9.80621,17119.39148,-328.645606,34688.22616
30.47,0.000051,-0.000078,-0.000002,0.003958,-1.10442,9.750871,16996.66279,-12.98921,34466.46154
30.48,0.000053,-0.000011,0.000166,-0.074271,-1.116087,9.909563,16961.21575,30.999397,34310.56228
30.49,-0.000166,-0.000007,0.000006,0.018722,-1.137955,9.730864,16809.01417,-45.210351,34767.84945
30.5,-0.000065,-0.000195,0.000132,-0.061325,-1.231899,9.794163,17003.92394,-56.51782,34507.85021
30.51,-0.000023,-0.000115,-0.000064,0.012437,-1.242925,9.808278,17088.7238,-91.032951,34834.35456
30.52,-0.000116,0.00009,0.000043,-0.005245,-1.202435,9.865173,17136.60778,8.058197,34620.45472
30.53,-0.00007,0.000012,0.000053,0.048185,-1.176609,9.802187,17220.83877,218.953207,34523.54974
30.54,-0.000021,0.000034,0.000081,-0.018586,-1.352989,9.727767,17106.81192,54.128925,34437.54819
30.55,0.000034,-0.000133,0.000058,0.04417,-1.247694,9.813256,16960.55817,-30.740456,34625.39478
30.56,-0.000071,-0.000021,0.000049,-0.012041,-1.345147,9.701121,17068.92578,-468.647925,34320.12305
30.57,-0.000095,-0.00006,0.000134,-0.025863,-1.307662,9.682005,17106.10412,-88.541706,34544.06559
30.58,-0.000088,-0.000136,0.000104,0.069337,-1.339362,9.832389,16980.51864,197.283934,34632.58025
30.59,0.000043,-0.000053,0.000064,0.068559,-1.240195,9.795181,17224.0385,-234.269152,34759.43318
30.6,-0.000112,-0.000047,0.000148,0.051645,-1.279224,9.813478,16949.04057,361.948529,34469.75998
30.61,0.000029,-0.000017,0.00003,0.019292,-1.37772,9.82362,17047.66854,-359.847048,34592.54532
30.62,-0.000179,-0.000002,0.000092,-0.030056,-1.352788,9.815694,16904.28798,-130.52927,34702.6107
30.63,0.00005,0.000143,0.000086,0.050419,-1.361316,9.79704,17505.35626,-111.844632,34306.46962
30.64,0.000042,-0.000124,0.000156,-0.018062,-1.218908,9.789354,16658.09768,-128.770091,34614.68656
30.65,0.000035,0.000088,0.000111,0.026612,-1.438422,9.812917,16814.38544,-197.516934,34814.47844
30.66,-0.000001,0.000098,-0.000003,-0.057419,-1.396912,9.84783,17293.3548,223.272198,34346.63709
30.67,0.000016,0.000064,-0.000013,0.089662,-1.365191,9.840958,16927.10337,-214.64843,34481.79754
30.68,-0.000138,0.000009,0.000065,0.011868,-1.400625,9.814541,17021.55409,82.310939,34679.52162
30.69,0.000013,0.000027,-0.000011,0.052029,-1.372088,9.791212,17186.0714,154.47496,34735.49166
30.7,-0.00001,0.000068,0.000024,-0.020904,-1.36148,9.793859,17018.08969,-59.956601,34415.49394
30.71,-0.000063,-0.000124,0.000124,0.049513,-1.459165,9.848743,17484.4706,-26.129142,34383.30877
30.72,0.000128,-0.000144,0.000119,-0.038079,-1.394351,9.916971,16921.93754,-73.740366,34548.36654
30.73,0.000038,-0.000075,0.000023,0.055418,-1.417915,9.791149,17058.06774,9.65546,34869.84926
30.74,-0.000127,-0.000094,0.000069,0.048163,-1.345503,9.809144,16949.48361,18.683092,34812.77319
30.75,0.000017,-0.000018,0.000128,0.040857,-1.414189,9.672003,16824.24008,-200.021134,34765.17215
30.76,-0.000021,-0.000127,0.000178,0.058167,-1.417572,9.840638,16870.98188,82.229433,34380.1342
30.77,0.000063,-0.000088,0.000206,-0.0056,-1.406262,9.765661,17227.56651,350.27854,34420.10583
30.78,0.000002,-0.000016,0.000218,0.041604,-1.348143,9.874167,16900.51631,8.158464,34348.18148
30.79,-0.00025,-0.000164,0.000116,0.038602,-1.366352,9.784409,16844.01058,-157.000326,34499.22823
30.8,-0.000059,-0.000107,0.000184,0.005538,-1.363704,9.685145,17390.60371,157.682706,34764.88585
30.81,0.000004,-0.000135,-0.000001,-0.055344,-1.39113,9.851754,17265.7421,-52.429304,34336.81382
30.82,0.000034,0.000125,-0.000115,0.073867,-1.291952,9.772263,17216.52266,-168.435357,34811.67146
30.83,-0.000016,-0.000059,-0.000093,0.006553,-1.39968,9.76949,17020.83908,-142.322353,34645.85971
30.84,-0.000051,-0.000163,0.00001,-0.01488,-1.362769,9.851381,17147.83186,104.644264,34456.73612
30.85,0.000101,0.000017,0.000123,-0.071903,-1.369487,9.760021,17148.28626,-269.190231,34641.02028
30.86,0.000014,0.000004,0.000139,0.073692,-1.270347,9.786338,16792.8419,55.894888,34622.48206
30.87,-0.000136,-0.000057,0.000129,-0.033073,-1.31854,9.858439,17290.11132,93.779556,34368.4234
30.88,-0.000099,-0.000063,0.000159,-0.047422,-1.363896,9.823595,17028.29607,160.147048,34713.69139
30.89,0.000094,-0.000077,-0.000013,-0.050663,-1.258582,9.811966,16978.94737,94.21018,34834.44313
30.9,0.000013,-0.000003,-0.000001,0.005646,-1.38432,9.871564,16947.36839,103.085584,34654.63383
30.91,0.000014,0.000022,0.000064,-0.065648,-1.352949,9.779406,17064.2033,67.450939,34842.7062
30.92,0.000214,0.00009,0.000126,-0.004561,-1.379052,9.770177,17175.8667,45.466883,34539.10038
30.93,0.000051,0.000227,0.000151,0.031833,-1.298276,9.815517,17021.87159,-224.644438,34356.92677
30.94,-0.000097,0.000002,0.000063,0.051231,-1.262509,9.860272,16801.61453,-44.365014,34370.18787
30.95,-0.000084,-0.000003,0.000079,0.003193,-1.318576,9.893035,16766.31052,220.195269,34512.99452
30.96,-0.000041,-0.000067,0.000128,-0.083769,-1.330698,9.751378,17269.38888,264.614997,34848.49696
30.97,-0.000172,0.000045,0.000058,0.121099,-1.244681,9.863831,17075.5553,-454.28924,34645.48259
30.98,-0.000012,-0.000228,0.000201,-0.076715,-1.290897,9.825322,17073.99434,-287.408561,34072.0071
30.99,-0.000183,-0.000099,0.000112,-0.021388,-1.21582,9.839893,17292.74518,211.628068,34806.83735
31,-0.000087,-0.00006,-0.000133,0.006636,-1.202782,9.820141,17367.0442,239.406695,34658.77365
31.01,-0.000073,-0.000007,0.000115,-0.008369,-1.176577,9.858391,17163.80514,202.416641,34665.36761
31.02,-0.00006,-0.000006,0.000095,-0.044621,-1.162817,9.854328,17120.17471,132.420701,34466.29775
31.03,-0.000093,-0.000089,0.000225,-0.007423,-1.165351,9.902695,16937.24058,392.849477,34995.52641
31.04,-0.000108,0.00008,0.000064,0.058775,-1.028871,9.903829,17335.48679,-138.370122,34490.91151
31.05,0.00009,-0.000079,0.000102,-0.014341,-1.162055,9.795423,17285.88127,109.335581,34537.33552
31.06,-0.000007,-0.000044,0.000084,0.046251,-1.281633,9.812416,17436.23435,28.984529,34569.52839
31.07,-0.000101,-0.000032,0.000023,0.063398,-1.089238,9.826517,17100.24404,-109.567564,34751.56905
31.08,0.00003,-0.000033,-0.000062,-0.008941,-1.157243,9.857848,16770.94497,23.690365,34706.1934
31.09,-0.000067,-0.000033,-0.00002,-0.011556,-1.030351,9.811309,17406.04423,140.152025,34340.79065
31.1,0.000078,0.00001,0.00013,0.100961,-1.011106,9.832056,17255.16141,165.972265,34586.01264
31.11,-0.000101,-0.000059,0.000144,-0.001921,-1.056005,9.830643,16986.59471,-224.736156,34501.73749
31.12,-0.000158,0.000007,0.000065,0.057396,-0.994377,9.701674,17137.49673,551.631253,34668.10671
31.13,-0.000078,-0.000017,-0.000035,-0.036236,-0.87662,9.782149,17128.57379,-315.24463,34335.46835
31.14,-0.000016,-0.000129,-0.000052,0.012128,-1.048595,9.781395,16978.76494,-13.456006,34540.47166
31.15,0.000084,-0.000085,-0.000123,-0.040412,-0.891374,9.84186,17301.72144,310.331781,34810.42712
31.16,0.000048,-0.000091,-0.000244,0.030481,-0.85848,9.786037,16966.81543,-72.999389,34404.47059
31.17,-0.00004,0.000055,0.000088,0.088315,-0.899292,9.856583,16808.05343,-241.80135,34642.62474
31.18,0.000112,-0.000035,0.000109,0.109096,-0.890439,9.829265,16936.68107,134.847976,34511.09136
31.19,-0.000122,-0.000011,0.000189,-0.003137,-0.834787,9.82559,16997.67357,22.846521,34582.78711
31.2,0.000008,-0.000011,-0.000112,-0.000719,-0.817064,9.845891,17650.42364,-119.995431,34624.47264
31.21,-0.000068,-0.000135,0.000124,-0.063552,-0.831,9.785347,16829.37197,-63.420279,34847.55766
31.22,-0.000099,0.000006,-0.000028,-0.066172,-0.752548,9.787349,17210.26393,377.876879,34236.05372
31.23,0.000126,-0.000125,0.000069,-0.040232,-0.813671,9.765736,16927.64741,40.401169,34358.88527
31.24,0.00019,-0.000006,-0.000017,0.024819,-0.78422,9.856003,16962.29055,-252.586403,34696.01134
31.25,0.000017,0.000061,0.000132,0.034183,-0.68091,9.725639,17016.01585,-5.334618,34311.03039
31.26,-0.000205,-0.000006,-0.000125,-0.035735,-0.617702,9.791095,17012.95957,339.543563,34707.15797
31.27,0.000128,-0.000018,0.000018,-0.035673,-0.68052,9.829047,17094.55173,-156.670056,34507.66767
31.28,0.000023,0.000017,-0.000044,-0.089525,-0.566999,9.821426,17106.24693,386.061851,34602.14971
31.29,0.000104,-0.000045,-0.000094,-0.049354,-0.561487,9.673918,17047.2829,-25.083415,34353.32807
31.3,0.000085,0.000108,0.000166,-0.059488,-0.55019,9.884654,17138.047,-191.309702,34418.86135
31.31,0.000012,-0.000101,0.000139,-0.057425,-0.609876,9.806225,17007.99825,430.767672,34899.11897
31.32,0.000125,0.000046,0.000196,0.006846,-0.55013,9.769821,17052.11118,171.836381,34599.97628
31.33,-0.000102,0.000064,0.000139,0.079967,-0.531421,9.728111,17215.94547,-1.338894,34712.42327
31.34,-0.000164,-0.000165,-0.000004,-0.018815,-0.392046,9.843876,17426.74588,4.541566,34816.55388
31.35,-0.000028,0.000015,0.000039,-0.000245,-0.494665,9.80457,17099.06076,182.970501,34360.66151
31.36,-0.000041,-0.000034,0.000066,0.145328,-0.371531,9.861658,17215.11174,-143.106742,34426.98334
31.37,0.000016,0.000019,0.000053,-0.077975,-0.394556,9.780944,17117.99126,458.243846,34636.39734
31.38,-0.000013,-0.000063,0.000127,0.088548,-0.360254,9.805756,17330.6515,134.151931,34514.58688
31.39,-0.000079,0.000118,0.000056,-0.022857,-0.460184,9.866155,16865.20302,-178.756079,34218.2873
31.4,-0.000011,-0.00009,0.000028,-0.093625,-0.317891,9.729671,17178.79023,3.906683,34593.34544
31.41,-0.000021,-0.000022,0.000004,-0.028797,-0.283514,9.782965,17191.82975,402.380789,34503.67909
31.42,-0.000135,-0.000021,0.000072,0.073875,-0.291841,9.792995,17154.89873,119.958833,34715.3886
31.43,0.000013,0.000084,0.000031,0.02834,-0.223508,9.782372,17055.33432,274.446568,34451.83222
31.44,-0.000208,-0.000036,-0.000102,0.098716,-0.134832,9.766523,17110.60843,-329.651894,34603.40455
31.45,-0.000146,0.000065,0.000107,0.014168,-0.190019,9.831383,17066.46919,-57.435503,34428.31545
31.46,-0.000091,-0.000079,0.000051,-0.07065,-0.075297,9.827484,17198.15384,172.969995,35064.5072
31.47,-0.000187,0.000018,0.000028,0.01821,-0.086768,9.819784,16984.59739,138.055473,34684.87455
31.48,0.000125,-0.000116,0.000145,-0.042578,-0.054316,9.838404,17362.94516,-85.480224,34446.38121
31.49,-0.000094,0.000065,-0.000027,0.022885,-0.075176,9.836946,17099.05703,-97.561933,34577.81151
31.5,0.000029,-0.000062,-0.000013,-0.059363,-0.035772,9.765347,16960.60204,35.152682,34783.85554
31.51,-0.000048,0.000018,0.000094,-0.02969,0.023771,9.842299,17117.11095,104.598293,34723.65574
31.52,0.000102,0.000048,-0.00017,0.054246,0.081828,9.771022,17258.81697,92.133523,34258.60902
31.53,-0.000069,-0.000197,0.000025,0.038364,0.137842,9.769869,16879.0649,298.05904,34418.41333
31.54,0.00002,-0.00014,-0.000044,-0.059154,0.109685,9.90546,17068.09834,219.303835,34394.28825
31.55,-0.000022,-0.000049,0.000196,-0.014634,0.137758,9.843453,16690.63614,-157.797331,34722.54947
31.56,-0.000006,0.000023,0.000211,-0.058686,0.121106,9.801985,17284.63418,133.910771,35008.93842
31.57,-0.000078,-0.000024,-0.000028,0.042875,0.188878,9.775323,17335.61085,-359.861886,34205.56637
31.58,-0.000012,0.000066,0.000178,-0.083626,0.31299,9.744566,17057.94773,-350.204262,34744.24637
31.59,-0.000038,-0.000085,-0.000008,0.066414,0.226081,9.865434,16694.69638,11.617697,34355.92457
31.6,-0.000156,-0.000013,0.000177,0.086232,0.246616,9.837075,17201.84221,401.660585,34572.52419
31.61,-0.000241,-0.000213,0.000181,0.037351,0.382246,9.792223,16596.35058,-131.234569,34397.30768
31.62,-0.000174,0.000005,-0.000051,0.062496,0.352831,9.757155,17094.21417,296.021221,34468.03987
31.63,0.000034,0.000045,0.000074,0.050805,0.439445,9.807105,16946.06364,-276.848256,34238.9238
31.64,0.000038,-0.000019,0.000108,-0.005962,0.44283,9.892622,16829.28555,-32.510158,34672.70501
31.65,0.000125,0.000072,0.000002,-0.061934,0.485269,9.909741,17119.90945,-106.981333,34621.54032
31.66,-0.000104,-0.000044,0.000039,-0.043896,0.488449,9.810869,16945.66465,202.381682,34298.32207
31.67,-0.000028,-0.000076,0.000116,0.018217,0.549907,9.727489,16758.86034,21.810558,34427.04117
31.68,-0.00003,0.000009,0.00006,-0.025279,0.444885,9.791845,17348.33802,-117.624214,34621.23009
31.69,0.00002,-0.000127,0.000197,0.094272,0.488619,9.784053,17150.40977,243.295282,34810.57047
31.7,-0.000003,0.000016,0.000113,-0.030352,0.588361,9.791649,16828.246,-385.295644,34404.96949
31.71,0.000061,0.000042,0.00008,-0.039132,0.556031,9.799554,17203.34352,168.294023,34437.28977
31.72,-0.000049,-0.000166,0.000079,-0.061514,0.499812,9.866258,17459.6879,-17.871733,34828.27841
31.73,-0.00006,-0.00005,0.00027,0.006668,0.61688,9.799404,17074.44122,-266.743937,34456.85946
31.74,-0.000195,-0.000017,0.000166,0.036902,0.629524,9.808976,17265.27162,216.406754,34589.99219
31.75,0.000051,0.000086,-0.00005,-0.026801,0.759943,9.685167,17508.4538,70.109814,34700.54132
31.76,-0.000117,0.000032,0.000034,-0.070461,0.7941,9.747518,17213.98169,-33.205381,34348.61459
31.77,0.000117,-0.000002,0.000077,-0.039779,0.686691,9.690187,17128.60077,3.138247,34493.75548
31.78,0.000006,-0.000046,0.000071,-0.005063,0.806775,9.822823,17169.86035,-28.409173,34788.73683
31.79,-0.000091,-0.000025,0.000018,-0.062422,0.76986,9.889927,17283.93067,-60.651702,34872.44182
31.8,-0.00001,-0.000145,-0.000069,-0.009753,0.773563,9.851831,17107.60846,-267.419785,34335.82499
31.81,0.000008,-0.000002,-0.000023,-0.015208,0.749623,9.763969,17026.61687,145.824941,34471.68742
31.82,-0.000052,-0.000113,0.000239,0.04575,0.858515,9.802156,17338.83879,459.571363,34407.13721
31.83,-0.000168,0.000128,-0.000011,0.031819,0.850453,9.731414,17145.1291,-131.961163,34839.38179
31.84,0.000005,-0.000044,0.000028,-0.001386,0.879996,9.806373,16770.10695,202.340987,34507.59216
31.85,0.00005,0.00005,0.000036,-0.037272,0.895983,9.735619,17140.88924,86.551266,34465.50537
31.86,-0.000111,0.00016,0.000184,0.013819,1.052964,9.744895,16949.26198,393.429265,34699.54685
31.87,-0.000019,-0.000047,0.000087,0.057656,1.010754,9.774514,17193.18178,325.782242,34452.64193
31.88,-0.000025,0.000083,-0.000023,-0.051474,1.024342,9.789367,17294.28084,0.569415,34272.88102
31.89,-0.00003,-0.000089,0.000175,-0.014597,0.994543,9.903319,16978.36228,63.505753,34413.02915
31.9,0.000126,-0.000029,0.000108,-0.081289,1.059373,9.902689,16923.91621,165.217932,34609.70026
31.91,0.000091,-0.000047,-0.00002,0.008224,1.164834,9.807655,17017.40441,-278.017023,34699.86024
31.92,0.000059,0.000023,0.000043,0.00859,1.115425,9.771376,17334.46251,55.607122,34707.62737
31.93,0.000096,0,-0.000094,0.001905,1.123585,9.774226,17080.93704,262.103354,34789.72532
31.94,-0.000001,-0.000026,0.000226,0.023866,1.167589,9.749233,17174.42867,223.877161,34571.52985
31.95,-0.000033,-0.000039,0.0001,-0.005578,1.150215,9.771825,17412.19803,251.891624,34561.89211
31.96,-0.00001,-0.000144,0.000072,0.051637,1.209288,9.779819,17358.48354,92.073297,34554.44898
31.97,-0.00006,0.000102,0.000271,0.013245,1.132128,9.80222,17163.16403,-59.395366,34704.55585
31.98,-0.000129,-0.000105,-0.000012,0.024573,1.172139,9.817177,17102.69386,49.906602,34979.61594
31.99,-0.000089,-0.000081,0.000066,-0.021327,1.255403,9.855518,16643.79977,-40.386102,34845.19535
32,0.000064,-0.000134,-0.000073,-0.029994,1.238476,9.941513,16965.05978,-214.024259,34845.22839
32.01,-0.000192,0.000076,0.000178,-0.021862,1.294674,9.943471,17448.1148,-40.203301,34640.74758
32.02,-0.000165,-0.000163,0.000073,-0.008676,1.279625,9.698969,17043.9784,-142.393547,34698.40071
32.03,0.000064,0.000068,0.000079,0.071232,1.285266,9.851665,17245.21441,43.501194,34383.54485
32.04,0.000028,0.000008,0.000013,0.011856,1.314259,9.865874,17148.41106,-80.184575,34477.61157
32.05,0.000135,-0.000021,-0.000035,0.038022,1.263975,9.801536,17156.25791,39.777072,34315.14085
32.06,-0.000072,-0.000155,0.000063,0.004235,1.278641,9.767986,17261.25484,-53.622177,34516.94045
32.07,0.000064,-0.000131,0.00016,-0.061582,1.295445,9.76346,16890.65243,-116.201161,34289.77028
32.08,0.000152,0.000013,-0.000039,-0.016083,1.246751,9.74106,17079.68146,-132.281191,34489.63133
32.09,-0.000106,-0.00005,-0.00005,-0.018862,1.309016,9.91877,17325.88756,-116.296586,34743.85929
32.1,-0.00014,-0.000043,0.000046,-0.001928,1.382867,9.834683,16934.76368,12.22687,34251.77856
32.11,0.000022,-0.000125,0.000225,0.017453,1.32387,9.842063,17117.95041,130.588946,33962.55845
32.12,0.000061,0.000057,0.000005,0.028762,1.276723,9.843331,16920.61654,86.960759,34599.60499
32.13,0.000121,-0.00005,0.00022,-0.008017,1.274517,9.770703,16969.25437,-27.66879,34667.44332
32.14,0.000062,-0.000099,0.000022,0.037685,1.408733,9.803708,17154.90981,-306.401793,34703.26484
32.15,0.000132,0.000067,0.000048,0.0635,1.407815,9.731865,16945.21452,30.870143,34587.64878
32.16,-0.000013,-0.000003,-0.000006,-0.052863,1.391174,9.76439,17032.73944,242.481571,34694.30665
32.17,-0.000049,-0.000078,0.000024,-0.029417,1.393754,9.794882,17180.80714,345.360469,34479.19814
32.18,0.00001,-0.000104,0.000125,-0.032914,1.312606,9.912665,17071.40653,192.785458,34552.01585
32.19,-0.000022,0.000046,0.00014,-0.068193,1.365542,9.864291,16920.76541,106.688535,34693.57936
32.2,0.000078,0.000035,0.000124,-0.00321,1.34256,9.751654,16843.37012,130.110353,34444.6098
32.21,-0.000047,0.000029,-0.000017,0.059934,1.432249,9.710518,17092.88616,45.86155,34836.26414
32.22,-0.000053,0.000045,0.000057,-0.06814,1.427305,9.890923,17154.29136,225.18623,34518.49159
32.23,0.000008,-0.000113,0.000182,-0.025882,1.444836,9.728216,17157.65808,-101.616692,34821.52896
32.24,-0.000082,0.000014,0.00006,-0.083011,1.334169,9.834131,17104.66884,-92.239436,34763.49808
32.25,0.00005,-0.000054,-0.000026,0.011759,1.434152,9.719481,17251.07939,110.390799,34637.28672
32.26,-0.000197,-0.000047,-0.000043,0.085798,1.376687,9.943543,17163.45658,80.59234,34567.48703
32.27,0.000016,0.000106,-0.000133,0.014475,1.304885,9.806832,17029.44245,91.447077,34494.62318
32.28,-0.000144,0.000007,0.00017,-0.041591,1.473148,9.819928,17380.61603,30.31814,34560.08942
32.29,-0.000004,0.000008,0.000106,0.064785,1.35202,9.769657,16763.1188,-53.915107,34547.2552
32.3,0.000019,0.000123,0.000116,0.008697,1.39364,9.761287,16757.24087,-107.111154,34419.35949
32.31,-0.00014,-0.000062,0.00008,0.027727,1.445863,9.790651,17075.13224,164.982196,34225.86922
32.32,-0.000102,-0.000043,0.000016,-0.024235,1.357289,9.83577,17180.74671,222.188782,34769.16461
32.33,-0.000093,0.00004,0.000028,-0.005352,1.400007,9.864907,17078.72873,-285.044965,34682.10159
32.34,-0.000127,-0.000083,0.000065,-0.014522,1.35834,9.79303,17118.58835,137.633738,34703.13354
32.35,0.000154,0.000002,0.000192,0.076192,1.360577,9.811393,17061.47191,-254.609103,34428.61407
32.36,0.000012,-0.000209,0.000095,-0.014786,1.405534,9.828787,16813.64318,74.704968,34489.90069
32.37,-0.000106,-0.000139,-0.000033,-0.058115,1.401153,9.828657,16697.14378,-385.951349,34651.69341
32.38,0.000126,-0.000159,0.000007,0.061807,1.372305,9.804962,16811.82008,-336.455675,34750.14954
32.39,0.00007,0.000038,-0.000088,-0.050667,1.38748,9.871227,17035.71784,-139.987324,34544.80606
32.4,-0.000041,-0.000066,0.000045,-0.044213,1.325013,9.831635,17346.10364,-17.380688,34802.40311
32.41,0.000035,-0.000071,0.000034,-0.006292,1.33881,9.788481,17205.99963,-19.100339,34709.46526
32.42,0.000097,-0.000182,0.000029,-0.032341,1.371048,9.721103,16875.02193,-256.667942,34422.50955
32.43,0.00001,-0.00013,0.000006,0.032828,1.258312,9.809328,17289.04293,-137.117538,34491.75185
32.44,-0.000147,-0.000007,0.000007,-0.033947,1.295179,9.776062,16905.9162,7.524471,34440.35832
32.45,0.000038,0.000069,0.000066,0.014009,1.20319,9.752976,17201.73302,-152.659111,34541.47351
32.46,-0.000065,0.000002,0.000067,-0.006968,1.295313,9.764682,17245.49612,-180.72227,34334.41879
32.47,-0.000138,0.000073,0.000081,0.099028,1.231169,9.847184,16874.30404,-347.799554,34736.94208
32.48,0.000038,-0.00014,0.000139,-0.092654,1.186575,9.756133,17093.88055,161.970556,34456.67046
32.49,0.000154,0.000033,-0.000066,-0.059671,1.142909,9.785018,17089.46723,185.631567,34614.85328
32.5,-0.000028,-0.000026,0.000081,-0.043663,1.291451,9.803526,17339.4288,-33.999819,34165.62676
32.51,-0.000052,0.000023,0.000021,0.013941,1.087572,9.883266,16843.15596,-188.217255,34509.15906
32.52,-0.000011,-0.000081,0.00007,0.078296,1.122194,9.752682,16914.58511,-224.429275,34437.86113
32.53,0.000056,-0.000064,0.00012,-0.039462,1.234898,9.739203,16800.05663,-5.417503,34522.5771
32.54,-0.00011,-0.000054,0.00004,-0.052648,1.065114,9.821201,17182.51943,262.787733,34517.61292
32.55,0.000078,-0.000088,0.000169,0.042629,1.079684,9.865235,17403.93464,-105.946773,34435.33434
32.56,-0.000161,-0.000035,0.000142,0.007524,1.069023,9.835487,16974.92289,-187.174147,34775.67907
32.57,0.000029,-0.00011,-0.000047,0.064567,1.159104,9.833984,16688.6695,64.043948,34615.22592
32.58,0.000045,-0.000132,0.000112,0.067307,1.076029,9.823577,17111.27871,-29.412054,34668.20489
32.59,-0.000078,-0.000022,0.000265,0.091298,1.051319,9.766346,17322.0536,-67.051576,34574.69828
32.6,0.000105,0.000053,-0.00006,-0.061926,1.011266,9.712138,17295.86798,-391.162393,34721.04883
32.61,-0.000004,-0.000017,0.000052,-0.047559,0.959415,9.798275,16908.33391,-76.107012,34734.08595
32.62,0.000086,-0.000173,0.000089,-0.069795,0.991772,9.807184,17210.96292,8.031565,34473.32017
32.63,-0.000021,-0.000088,0.000213,0.040625,1.029991,9.887702,16957.23359,12.382634,34684.46267
32.64,-0.000144,-0.000019,0.000068,-0.012558,0.88564,9.847272,17279.32277,50.926623,34582.16586
32.65,-0.000226,-0.000148,-0.000025,0.021162,0.912474,9.849859,17284.87386,-87.355464,34534.05297
32.66,0.000037,0.000062,0.000113,0.100857,0.932162,9.786891,17125.69495,-51.956334,34705.07595
32.67,-0.000011,-0.000216,0.00008,0.011415,0.844236,9.909519,17036.90221,-57.101239,35020.87259
32.68,-0.000078,0.000082,0.00018,-0.060859,0.816094,9.860352,16941.12604,156.615475,34611.11481
32.69,0.000165,0.000041,0.000133,-0.00887,0.782528,9.856228,16937.27532,73.693773,34329.59467
32.7,-0.000124,-0.000015,-0.000049,0.059895,0.738706,9.841544,16859.20253,61.173773,34138.0064
32.71,0.000047,-0.000127,0.000042,0.051708,0.89235,9.83295,16715.02271,-140.22919,34410.8118
32.72,-0.000105,-0.000063,0.000101,0.039631,0.77943,9.845011,17118.70738,-378.643651,34608.9167
32.73,-0.000082,-0.000002,-0.000028,0.089239,0.786071,9.777517,16959.28699,-43.815411,34334.97793
32.74,0.000091,-0.000079,0.00015,-0.002297,0.824777,9.745194,16877.24999,506.394542,34598.06234
32.75,0.000156,-0.000238,-0.000027,-0.029194,0.665729,9.87582,17050.47324,338.150923,34781.53801
32.76,-0.000051,0.000081,0.000017,-0.043388,0.652642,9.805771,16477.60488,-22.255013,34687.88232
32.77,0.000001,-0.000087,0.00011,0.029836,0.679674,9.750542,16942.66552,-111.235172,34671.72867
32.78,-0.00014,0.000052,-0.000205,-0.056891,0.549224,9.8671,16998.7827,-73.0897,34312.94366
32.79,-0.0002,0.000139,0.000075,-0.011497,0.604918,9.808689,17018.73089,-74.951333,34545.70796
32.8,-0.000112,0.000173,0.000153,-0.074337,0.485348,9.751293,17246.2311,-79.878196,34092.98077
32.81,0.000067,-0.00006,0.000115,0.100256,0.522401,9.834002,16803.4862,137.329845,34380.4175
32.82,0.000012,-0.00017,0.000113,-0.050469,0.647342,9.813154,16988.65241,148.262415,34987.10263
32.83,-0.00005,0.000092,0.000176,-0.078921,0.462891,9.824974,16704.51799,273.049125,34618.32627
32.84,-0.00009,-0.000076,0.000077,0.052001,0.442205,9.841987,17046.16675,-366.527176,34286.53899
32.85,0.000025,-0.000059,0.00005,0.015647,0.443331,9.787314,17266.09204,-394.628588,34951.53808
32.86,0.000021,0.000015,0.000163,0.020415,0.460684,9.807962,17135.98556,-34.278471,34109.28585
32.87,-0.000012,-0.000102,-0.000097,-0.016223,0.51767,9.843332,17063.56818,177.926085,34623.87368
32.88,0.000039,-0.000052,0.000029,0.034225,0.274207,9.863678,17156.72823,38.063132,34629.11901
32.89,-0.000059,-0.000163,0.000025,-0.080328,0.380226,9.825195,17241.36019,374.933517,34394.9937
32.9,-0.000265,-0.000059,-0.00002,-0.023653,0.256227,9.816871,17037.0494,164.148217,34441.84116
32.91,0.00013,0.000017,0.00004,-0.019187,0.175375,9.862216,16736.48724,9.103185,34416.38432
32.92,-0.000019,0.000042,-0.000008,-0.07649,0.224813,9.783778,17301.47976,256.006326,34772.39215
32.93,-0.000054,-0.000055,0.000281,0.079279,0.127006,9.858446,17359.81288,228.612277,34512.00081
32.94,-0.000027,-0.000199,0.000131,0.024105,0.028806,9.736312,16861.17083,109.69539,34966.4328
32.95,0.000198,-0.000108,0.000371,-0.034848,0.092971,9.818707,17180.90333,283.545643,34728.79167
32.96,-0.000039,0.000067,0.000009,0.028781,0.170189,9.770718,17167.07416,-233.574213,34578.96363
32.97,-0.000058,-0.000133,-0.000035,0.026722,0.076133,9.833603,17313.15076,-26.824658,34536.03883
32.98,-0.000226,0.000079,-0.000044,-0.002946,0.057608,9.790883,16882.02017,-277.646517,34403.13869
32.99,-0.000001,0.000007,0.000001,0.026216,0.035268,9.758537,16799.76776,194.300497,34838.26783
33,-0.00003,-0.000032,0.000015,-0.105317,0.050988,9.846449,16803.3623,140.293366,34611.30067
33.01,-0.000029,-0.000019,0.004274,-0.003831,0.059811,9.805164,16973.7588,2.374497,34885.51614
33.02,-0.00015,-0.000099,0.012989,-0.005781,-0.021044,9.872509,17048.3728,100.431311,34432.23089
33.03,0.00009,0.000109,0.021617,0.092129,-0.009774,9.776321,17053.04121,-469.539808,34515.15512
33.04,0.000051,-0.000012,0.030296,0.054648,0.046078,9.840569,17177.63067,-368.354084,34499.6832
33.05,-0.000023,0.000012,0.038777,-0.071615,0.015974,9.818003,16660.1801,96.904385,34484.78407
33.06,-0.000035,0.000147,0.047295,-0.013741,0.023903,9.800661,17147.61142,-384.702284,34572.92531
33.07,-0.000034,-0.000077,0.056085,0.021163,0.000511,9.794407,17106.52643,-297.413194,34714.81778
33.08,0.000129,-0.000052,0.064339,0.087472,-0.000806,9.839832,17396.97302,-126.010361,34388.79107
33.09,0.000021,0.000032,0.073019,0.048797,-0.046467,9.79961,17167.42535,343.506303,34481.58964
33.1,-0.000056,-0.00003,0.081537,-0.042471,-0.00709,9.749694,16869.53085,-86.494615,34335.9676
33.11,0.000026,0.000016,0.090333,0.045368,0.00151,9.746778,17048.75364,-343.572513,34308.57255
33.12,-0.00013,-0.000088,0.098809,0.025091,-0.048812,9.736476,17415.45058,-30.139497,34415.97448
33.13,0.000009,-0.000113,0.107544,0.022572,0.00388,9.77219,16961.11877,176.530519,34441.67492
33.14,-0.000001,-0.000221,0.116097,0.037438,0.024421,9.817672,17253.62657,-69.033159,34731.47201
33.15,-0.00002,-0.000074,0.124474,0.052712,0.016583,9.871864,17176.52823,-335.687702,34341.85879
33.16,-0.0002,-0.000007,0.132749,0.019021,0.018588,9.666987,17078.33891,-248.271448,34726.01873
33.17,-0.000128,0.000098,0.141578,-0.015701,0.097785,9.780352,16991.36078,-538.649838,34485.96654
33.18,-0.000066,-0.000112,0.150024,-0.005024,-0.02047,9.71835,17443.2628,-538.317596,34504.93572
33.19,-0.00004,-0.000005,0.158457,0.031696,0.096644,9.892929,17226.16763,45.21757,34599.61418
33.2,-0.000133,0.000047,0.166651,-0.009869,-0.043111,9.781518,17378.85248,-374.859616,34616.11905
33.21,0.000097,-0.000167,0.17521,0.027259,-0.018279,9.8484,17011.24672,-661.645149,34595.57211
33.22,-0.000096,0.000041,0.18374,0.015863,-0.060269,9.75144,16652.17212,-11.378932,34975.07309
33.23,-0.000003,0.000024,0.1921,0.043983,0.044273,9.809786,17305.44644,-559.081425,34485.49326
33.24,-0.000042,-0.000198,0.200212,0.075551,-0.00136,9.794492,17164.13007,-196.324274,34490.76898
33.25,-0.000245,-0.000029,0.208743,-0.000405,0.029385,9.694094,16985.42897,-417.861364,34818.00777
33.26,-0.000049,-0.000005,0.217062,0.008563,0.00913,9.766782,16975.54506,-197.361838,34573.06253
33.27,-0.000127,-0.000162,0.225206,-0.04114,0.063536,9.785506,16963.96775,-576.435608,34428.06403
33.28,0.000075,0.000057,0.233526,-0.013457,0.048064,9.747215,17118.27392,-635.927629,34384.87975
33.29,-0.000061,0.000015,0.242039,0.12549,-0.035744,9.776976,17115.70725,-741.575056,34530.41008
33.3,-0.000091,-0.00001,0.250218,-0.071076,-0.029467,9.76078,17251.43206,-483.958082,34555.01114
33.31,-0.000195,-0.000092,0.2583,-0.021998,-0.054405,9.688309,17081.44536,-713.931973,33933.36832
33.32,-0.000102,0.000167,0.266546,0.060213,0.038994,9.841609,16954.99218,-816.092988,34700.69792
33.33,-0.000019,-0.000113,0.274679,0.028251,0.031143,9.773093,17302.51038,-883.817696,34383.66
33.34,0.000021,-0.000073,0.282664,0.14584,-0.028881,9.747552,16794.67086,-764.100753,34663.87988
33.35,-0.00017,-0.000033,0.290855,0.103499,-0.019053,9.811111,16930.68384,-687.044104,34744.59532
33.36,0.000055,0.000027,0.298892,-0.049674,-0.012091,9.83235,17018.71604,-1013.606447,34462.68071
33.37,-0.00009,-0.000069,0.306935,0.017331,-0.060452,9.84628,17066.96598,-1426.700039,34201.235
33.38,0.000004,-0.000099,0.314845,-0.038237,-0.07759,9.853688,16997.49502,-999.042617,34746.64507
33.39,0.000039,0.000038,0.322749,0.017447,-0.010676,9.769164,16584.33503,-835.586183,34180.70147
33.4,-0.000084,0.00001,0.330798,0.039309,-0.012686,9.773373,17121.82465,-1125.348892,34275.77658
33.41,-0.000024,-0.000087,0.338542,0.028908,0.015043,9.747629,17086.28239,-1273.129208,34499.43702
33.42,-0.000149,-0.000005,0.346315,0.06357,-0.083157,9.767578,17059.21224,-1528.238044,34322.88898
33.43,0.00005,-0.000017,0.354231,0.018894,-0.003926,9.848128,16676.04556,-1236.500304,34637.53587
33.44,0.000172,-0.000046,0.361814,0.029742,-0.11837,9.874754,16821.06103,-1622.980493,34540.39515
33.45,0.000005,-0.000034,0.369617,-0.024374,0.000749,9.770005,16831.98072,-1401.41393,34673.92131
33.46,-0.000092,0.000024,0.377284,-0.053454,0.032937,9.83211,16760.05311,-1516.997655,34435.5511
33.47,-0.000234,-0.000048,0.384941,0.013565,-0.031845,9.887312,17162.90318,-1965.27355,34758.97869
33.48,0.00007,-0.000079,0.392428,0.019929,0.030653,9.812857,16948.88756,-1651.44763,34440.72578
33.49,0.000067,-0.000082,0.400058,0.016124,0.05937,9.861228,16588.54534,-1689.665683,34735.01295
33.5,0.000005,0.00004,0.407553,0.057038,0.007091,9.815587,17140.95692,-1818.010038,34281.41161
33.51,-0.000138,0.000065,0.414971,-0.056739,-0.00825,9.780782,16677.05554,-1722.807615,34519.68778
33.52,-0.000085,0.000155,0.422504,-0.040197,0.00156,9.812604,17011.33724,-2032.461512,34390.46247
33.53,-0.000134,-0.00007,0.429769,-0.034236,-0.083632,9.795694,17034.04978,-2268.871476,34718.31035
33.54,-0.000106,-0.000201,0.437184,0.00152,0.01693,9.764144,17010.33212,-1947.963498,34650.47512
33.55,0.000033,-0.000005,0.444346,-0.064457,-0.091264,9.807612,17185.08746,-2185.089815,34682.86368
33.56,-0.000018,0.000031,0.451512,-0.028745,0.030228,9.736736,17020.96054,-2160.372382,34545.89323
33.57,-0.000068,-0.000078,0.458843,0.066967,-0.00897,9.797287,16662.92255,-2119.933251,34873.56409
33.58,-0.000014,-0.000145,0.465847,0.007784,0.035624,9.847918,16986.00595,-2188.462257,34487.45217
33.59,0.000122,-0.000115,0.472989,-0.091943,-0.028081,9.83002,16625.02769,-2100.584521,34552.63522
33.6,-0.000095,0.000086,0.47999,0.029368,0.011466,9.763485,16708.5217,-2463.542793,34365.62629
33.61,-0.000077,-0.000133,0.486942,0.021435,-0.008737,9.80794,17030.03373,-2500.014293,34509.57392
33.62,0.000037,0.000034,0.493758,0.06154,-0.004813,9.830661,16965.30446,-2973.274937,34706.51342
33.63,0.000103,-0.00005,0.500643,0.073393,0.050562,9.745333,16833.64012,-2975.840772,34591.39893
33.64,-0.000027,-0.000084,0.507491,-0.052891,-0.099453,9.860749,16786.45198,-2843.13038,34708.30478
33.65,-0.000095,-0.000036,0.514248,-0.008235,-0.026646,9.803571,16897.43642,-2996.574097,34519.97528
33.66,-0.000193,0.00002,0.52094,-0.058142,0.028624,9.763301,16792.7154,-2882.680408,34250.47258
33.67,0.00007,0.000021,0.527679,0.045464,0.013488,9.804701,16898.54533,-3091.946215,34199.22485
33.68,-0.000022,0.000089,0.534172,0.028208,-0.011893,9.806391,16665.0827,-3242.006452,34819.44767
33.69,-0.000128,0.000003,0.540475,0.060674,0.084285,9.835596,16792.85306,-3446.637149,34622.03432
33.7,-0.000072,-0.000008,0.547144,0.070473,-0.078005,9.81506,16829.96438,-3340.214224,35043.37332
33.71,0.000075,0.000036,0.553592,-0.000073,-0.02262,9.834928,16769.55795,-3771.131208,34766.29565
33.72,-0.000075,0.000071,0.55986,0.096769,0.026844,9.86455,16535.91283,-3243.416375,34667.92819
33.73,-0.000076,0.00004,0.566254,0.070177,0.067579,9.812734,16647.51529,-3695.006463,34597.67003
33.74,0.000145,-0.000047,0.572247,-0.028527,0.058738,9.85277,16890.41151,-3641.770823,34594.71361
33.75,0.000021,0.000085,0.578555,-0.020549,0.082517,9.768457,16438.49194,-3853.947566,34717.50734
33.76,0.000102,0.000133,0.5846,-0.058589,-0.000774,9.744382,16651.46835,-4038.153533,34340.60418
33.77,-0.000082,-0.000141,0.590735,-0.005458,-0.000766,9.78095,16969.59844,-4074.996398,34568.95256
33.78,0.000026,0.000026,0.596536,0.005636,-0.060218,9.697375,16570.80678,-4271.661499,34422.54411
33.79,-0.000108,-0.000157,0.602398,0.042604,0.047987,9.851951,16998.9369,-4470.207937,34469.10031
33.8,-0.00016,-0.000171,0.608356,-0.018037,0.024691,9.793111,16244.75338,-4437.46004,34622.61123
33.81,-0.000001,0.000028,0.614134,0.060895,-0.056063,9.823937,16408.76122,-4177.3082,34743.15175
33.82,-0.0001,-0.000029,0.619882,-0.020692,0.037251,9.813249,16347.62598,-4766.768384,34918.12428
33.83,-0.000066,-0.000024,0.625431,-0.08559,-0.013566,9.761355,16359.36002,-4723.693676,34804.41747
33.84,-0.000086,-0.000025,0.630917,0.024855,0.044651,9.75051,16599.2516,-4786.032558,34606.88346
33.85,0.000055,-0.000169,0.636549,0.0233,-0.047662,9.784914,16381.2583,-4879.562863,34467.74249
33.86,-0.000162,0.000107,0.642006,0.010135,0.062214,9.832812,16514.19623,-4964.102576,34625.6736
33.87,-0.000112,-0.000069,0.647176,0.034318,-0.021585,9.802609,16251.14651,-5309.612261,34758.19529
33.88,-0.000045,0.000008,0.652786,0.032905,0.010416,9.817716,16329.8089,-5332.123368,34588.05234
33.89,-0.000162,0.000083,0.657711,0.022083,0.084113,9.877441,15895.41501,-5337.036124,34753.4488
33.9,-0.000015,0.00005,0.662948,0.07268,0.021825,9.77214,16284.11316,-5492.229787,34528.55415
33.91,-0.000001,-0.000046,0.667961,-0.054999,0.010036,9.761442,16094.70114,-5577.335733,34529.51124
33.92,-0.000026,0.000079,0.672819,-0.092849,-0.012061,9.920152,15853.93323,-5824.907767,34556.00011
33.93,-0.000084,-0.000141,0.677779,0.00369,0.010365,9.807355,16098.88834,-5601.827661,34630.08419
33.94,-0.000111,0.00007,0.682899,0.011049,-0.062292,9.823752,16073.34312,-6096.614996,34695.73071
33.95,0.000082,-0.000135,0.68748,0.042488,0.016204,9.82533,15703.2729,-6077.198744,34580.6912
33.96,-0.000141,0.000011,0.692278,0.005038,0.039061,9.754917,15797.42018,-5888.579755,34774.43565
33.97,0.000013,0.000049,0.696766,-0.094043,-0.020733,9.809663,15720.52795,-6391.156619,34608.10083
33.98,-0.000216,-0.000207,0.701309,0.033485,-0.033324,9.819212,15871.07567,-5904.174544,34699.38265
33.99,0.000012,0.000085,0.705748,0.001233,0.038933,9.787764,16272.50738,-6683.143735,34339.80283
34,-0.000033,-0.000006,0.710259,0.034055,0.039826,9.797096,15621.07708,-6782.355826,34321.69559
34.01,-0.000046,-0.000127,0.714567,-0.004192,-0.019405,9.77564,16064.58096,-6566.181803,34739.36495
34.02,-0.000003,0.000006,0.718584,-0.027979,-0.049924,9.845843,15819.46347,-6754.717777,34442.17257
34.03,-0.00004,-0.000183,0.722667,0.022973,-0.003181,9.815626,15823.40832,-6548.045908,34236.41614
34.04,-0.000061,-0.000068,0.726968,0.004778,0.076524,9.853513,15844.10637,-6869.223539,34401.21985
34.05,0.00009,-0.000032,0.731067,-0.013332,0.036714,9.729639,15306.77476,-7098.063374,34496.60362
34.06,-0.000092,0.00004,0.734703,-0.021372,-0.03503,9.825918,15597.72159,-7232.257725,34320.9394
34.07,-0.000028,-0.000057,0.738628,-0.024279,-0.035993,9.774242,15451.99102,-7421.584636,34766.15281
34.08,0.000013,-0.000198,0.742406,-0.067801,-0.062305,9.761725,15591.99641,-7362.026588,34759.83288
34.09,-0.000112,-0.000018,0.746097,0.020243,0.015035,9.846213,15324.84604,-7585.696765,34962.10489
34.1,-0.000073,-0.000062,0.749544,0.083995,0.046574,9.720503,14929.17779,-7476.797006,34945.21936
34.11,0.00001,-0.000089,0.75319,-0.028542,0.076098,9.817227,15464.94619,-7907.390252,34768.30178
34.12,-0.000167,0.000094,0.75648,0.02045,0.012499,9.74184,15177.20565,-7793.638785,34469.71754
34.13,0.000064,-0.000069,0.759958,0.022073,-0.005534,9.760768,15025.26599,-7778.621466,34421.48384
34.14,-0.000052,0.000032,0.763163,0.019935,0.085503,9.800068,14812.67577,-8304.530037,34308.92266
34.15,0.000074,0.000031,0.766395,-0.060946,-0.004545,9.764952,15063.88295,-7943.710066,34907.92902
34.16,0.00011,-0.000091,0.769537,-0.116881,-0.022588,9.827358,14515.43331,-8484.511699,34689.17005
34.17,-0.000033,-0.000161,0.772465,-0.045387,-0.00363,9.801735,14943.75001,-8484.321762,34789.08972
34.18,-0.000058,0.000122,0.775296,-0.021465,-0.018723,9.792523,14950.75338,-8638.816808,34205.08386
34.19,-0.000035,-0.000008,0.778002,-0.012828,-0.006003,9.832989,14666.30394,-8557.352729,34674.34698
34.2,0.000006,-0.000118,0.781045,-0.023428,-0.040018,9.831922,14808.64206,-8703.429848,34163.54013
34.21,0.00011,-0.000029,0.783439,-0.032269,0.104553,9.795742,14336.05957,-8617.752756,34746.47657
34.22,-0.000023,-0.000013,0.786221,0.097157,0.012944,9.822948,14704.79718,-8823.16328,34529.4609
34.23,-0.000066,-0.000135,0.788633,0.04442,0.021318,9.801659,14626.68021,-9296.301325,34691.21458
34.24,-0.000122,0.00013,0.790985,-0.01613,-0.044231,9.761427,14354.3949,-9523.032204,34220.83192
34.25,-0.000098,-0.000033,0.793254,0.041863,-0.117328,9.891323,14054.78636,-9287.358579,34598.84813
34.26,-0.000079,-0.000041,0.79555,0.04585,-0.01478,9.892187,14173.7544,-9514.419905,34578.83107
34.27,-0.000062,0.000082,0.797774,0.09168,0.054585,9.689878,14457.09092,-9674.340391,34374.7121
34.28,-0.000159,-0.000067,0.799857,-0.09768,0.031676,9.749014,14012.83713,-9904.602514,34717.81125
34.29,-0.000098,-0.000021,0.801754,0.01928,-0.020682,9.825805,14028.63498,-9781.633037,34735.16139
34.3,0.000008,-0.000045,0.803623,-0.016645,-0.000701,9.723746,13662.56905,-10101.6175,34500.96564
34.31,-0.000116,0.000003,0.805343,-0.003373,-0.044562,9.856911,13601.37687,-10037.55338,34342.51589
34.32,0.000116,-0.00003,0.807109,-0.034498,0.020311,9.834083,13509.56724,-10364.82466,34763.3659
34.33,0.000031,-0.000036,0.80875,-0.009217,-0.042524,9.812134,13842.15647,-10061.85629,34672.13585
34.34,-0.000044,-0.000094,0.810185,-0.008737,0.035586,9.759697,13654.95367,-10446.64804,34515.79563
34.35,-0.000102,0.000073,0.811648,-0.059494,0.031435,9.816738,13493.63002,-10310.24247,34185.55074
34.36,-0.000076,-0.000069,0.813114,0.055187,0.063452,9.713952,13592.79519,-10414.54855,34560.57378
34.37,0.000138,-0.000111,0.814359,0.009417,0.004437,9.808128,13648.94873,-10575.69361,34608.91919
34.38,-0.000029,-0.000056,0.815524,0.042676,0.091729,9.795314,13253.96596,-10662.2034,34395.59635
34.39,-0.000153,0.000046,0.816578,-0.009647,0.028795,9.840863,13419.8129,-11303.86884,34432.62446
34.4,-0.000129,0.000114,0.817624,-0.009374,0.038925,9.870699,13047.62078,-11164.77076,34224.29762
34.41,0.000064,-0.000159,0.818424,-0.029285,0.058208,9.765865,13145.40501,-11645.04655,34721.64309
34.42,-0.000086,0.000027,0.81938,0.059191,-0.047384,9.762156,12819.26222,-11192.55216,34667.51147
34.43,-0.00021,-0.000027,0.819968,-0.070798,-0.019319,9.800895,12502.62791,-11488.06148,34077.38398
34.44,0.00005,-0.000032,0.820496,-0.01149,-0.022611,9.790756,12257.12419,-11420.05496,34960.41363
34.45,-0.000057,-0.000121,0.821081,-0.029025,-0.023691,9.809288,12626.05673,-11690.27472,34721.23815
34.46,-0.000036,-0.000072,0.821626,-0.032513,0.002434,9.749398,12577.72163,-11447.26369,34833.30945
34.47,-0.000175,0.000178,0.822075,-0.070573,0.032074,9.763136,12530.07548,-11729.80048,34252.80004
34.48,0.000025,-0.000144,0.82204,-0.000759,-0.05458,9.728589,12193.15826,-11947.81526,34473.49304
34.49,-0.000117,-0.000049,0.822612,-0.07234,-0.048977,9.864874,12276.09689,-11941.92505,34433.94209
34.5,0.000077,-0.000076,0.822611,-0.040745,0.005353,9.78223,12235.56432,-12041.82261,34424.66644
34.51,0.00007,-0.000027,0.822612,-0.000803,-0.065492,9.854389,12062.87066,-12240.41513,34677.45989
34.52,-0.00001,-0.000087,0.822308,0.003709,-0.0286,9.840552,12158.2281,-12561.57282,34598.09771
34.53,-0.00005,0.00006,0.822112,-0.081379,-0.041418,9.818247,11734.66378,-12287.09443,34817.72784
34.54,-0.000183,0.00002,0.82172,0.070819,-0.030838,9.890095,12072.94696,-12455.12302,34423.96484
34.55,0.000123,-0.000068,0.821667,0.051936,-0.04932,9.826879,11963.03075,-12371.36058,34636.47675
34.56,0.000126,-0.000158,0.821057,0.049762,-0.053029,9.874732,11711.98711,-12841.62245,34728.74223
34.57,0.000161,-0.000054,0.820599,-0.081544,0.062228,9.858283,11481.99431,-12707.20194,34371.6417
34.58,-0.000019,0.000066,0.820097,0.076372,0.036363,9.815974,11373.64051,-12346.3865,34284.19393
34.59,-0.00003,-0.000059,0.819255,-0.08266,0.081796,9.834661,11470.68292,-12847.65494,34704.66453
34.6,-0.000012,0.000088,0.81846,0.036729,-0.032839,9.693356,10990.51534,-12558.28144,34599.06971
34.61,0.000123,-0.000105,0.817595,0.019358,-0.048123,9.801352,10861.30109,-13200.04655,34776.79937
34.62,0.000117,0.000086,0.816587,0.023032,-0.068295,9.825103,11088.67884,-13540.56124,34305.33515
34.63,-0.000118,-0.000092,0.815464,-0.041948,-0.03266,9.840163,10637.27267,-13769.94292,34409.07116
34.64,-0.000012,-0.000051,0.81418,-0.076639,-0.032787,9.790829,10490.77688,-13220.76989,34803.96637
34.65,-0.000105,0.000018,0.813126,0.045133,-0.008948,9.835386,10480.4217,-13270.15959,34036.48847
34.66,-0.000164,-0.000061,0.811555,-0.058912,-0.078665,9.79464,10288.59605,-13686.12333,34653.78874
34.67,-0.00009,0.000287,0.810273,0.071817,0.020441,9.781088,10268.77746,-13357.98901,34497.35694
34.68,-0.00007,-0.000081,0.808635,-0.035929,0.060989,9.833532,10165.31295,-13994.50546,34823.2709
34.69,-0.000205,-0.000032,0.807104,-0.075516,-0.101661,9.897484,9835.587626,-13455.52201,34581.37157
34.7,0.000092,-0.000175,0.805465,0.002797,-0.004202,9.820203,10351.3706,-13685.19175,34298.51669
34.71,0.00008,-0.000203,0.803694,-0.00922,-0.012219,9.799348,9793.338607,-14084.53011,34412.55918
34.72,-0.000183,0.000018,0.801888,-0.103126,-0.02135,9.779316,9756.044745,-13998.13782,34441.63845
34.73,-0.00004,-0.000003,0.799728,0.047548,0.043196,9.783684,9483.56507,-13968.1333,34528.66657
34.74,-0.000014,0.000072,0.797719,-0.011361,-0.001126,9.899206,9462.419277,-13775.34529,34596.3207
34.75,-0.000052,0.000006,0.795667,0.04753,-0.038061,9.873604,9323.887697,-14179.48584,34728.05563
34.76,-0.000185,-0.000023,0.793303,-0.05094,0.050622,9.807558,9453.835047,-14303.916,34309.81126
34.77,0.000005,0.000064,0.791076,-0.062669,-0.02646,9.79327,9215.08462,-14024.64671,34567.48603
34.78,0.000076,-0.000117,0.788609,0.047896,0.059503,9.716349,9067.344033,-14687.50996,34441.92405
34.79,-0.000128,-0.000023,0.786165,-0.02899,0.048131,9.827367,8891.374685,-14738.40684,34676.48702
34.8,-0.000057,-0.000137,0.783574,0.020561,0.027263,9.84006,8721.363656,-14879.47181,34324.12202
34.81,-0.000078,0.000025,0.780895,0.059153,-0.024052,9.692512,8678.77063,-15220.32176,34880.10145
34.82,0.000064,-0.000008,0.778006,0.01897,-0.036376,9.720749,8776.930971,-14715.83436,34380.04065
34.83,-0.000055,-0.000156,0.775426,-0.002503,-0.041943,9.799082,8302.718716,-14916.51124,34883.84461
34.84,0.000089,-0.000031,0.772462,-0.106215,0.020667,9.799415,8466.707962,-14708.89048,34785.5744
34.85,-0.000168,-0.000229,0.769371,0.00388,-0.041385,9.762219,8048.081729,-15279.73915,34507.75686
34.86,-0.000062,-0.000164,0.766342,0.041522,0.025811,9.789097,7893.029132,-14935.00816,34541.92738
34.87,-0.000011,0.000029,0.763301,-0.064727,0.019497,9.777334,8047.052261,-15151.13278,34369.97904
34.88,0.000033,-0.000061,0.759918,0.035923,-0.03992,9.81061,8011.857831,-15313.5069,34601.96243
34.89,0.000014,-0.000122,0.75669,0.011961,-0.032538,9.828136,7508.559794,-15381.8106,34437.13494
34.9,0.000041,-0.000049,0.753094,-0.072781,0.05859,9.781281,7885.710767,-14927.63215,34605.43114
34.91,0.000301,0.000047,0.749732,-0.026442,-0.014572,9.784107,7774.186648,-15263.18096,34881.87358
34.92,0.000121,0.000059,0.746081,-0.040189,0.003593,9.771266,7160.333559,-15398.84693,34663.05448
34.93,0.000024,-0.00011,0.742459,-0.020446,0.002363,9.791553,7574.66639,-15532.40223,34382.40703
34.94,-0.000177,0.00001,0.738697,-0.044942,0.032994,9.897161,7200.629105,-15629.89063,34306.0595
34.95,-0.000178,0.000143,0.734715,-0.034971,0.036817,9.76706,6824.687306,-15665.37087,34696.61341
34.96,0.000055,-0.000075,0.730936,-0.018943,-0.058703,9.773356,7081.416346,-15530.79155,34645.90537
34.97,-0.000098,0.000195,0.72701,-0.042613,-0.010734,9.78557,6781.126393,-15388.44913,34331.89532
34.98,0.000123,0.000042,0.72291,0.100267,-0.0481,9.832049,6637.730982,-15689.14373,34178.09659
34.99,-0.000025,-0.000049,0.718753,0.034794,-0.091361,9.718829,6663.459064,-15400.40941,34559.06538
35,-0.000024,-0.000041,0.714348,0.036922,-0.062464,9.786819,6703.364131,-15912.08104,34529.55957
35.01,-0.000065,0.000027,0.710123,-0.133976,-0.057665,9.790228,6253.924242,-15947.78761,34125.49335
35.02,-0.000007,-0.00004,0.705689,0.049927,0.094391,9.772508,6539.146322,-15648.01776,34611.27099
35.03,-0.000118,-0.000093,0.701293,0.066345,-0.004459,9.791854,6276.261735,-15869.7941,34664.95287
35.04,-0.000061,0.000073,0.696684,-0.01481,-0.015646,9.729316,6266.824352,-15714.89532,34514.14222
35.05,-0.00022,0.000035,0.692125,-0.007762,-0.059054,9.820209,5973.945286,-15794.19451,34610.37846
35.06,-0.000048,0.000201,0.687606,0.128368,-0.067447,9.884293,6028.373767,-15947.22592,34709.16948
35.07,0.000015,0.000058,0.68272,-0.058463,-0.020024,9.853863,5665.024567,-16122.00977,34512.36758
35.08,0.000049,-0.000081,0.677804,0.021212,0.05453,9.869605,5639.526817,-15883.84599,34578.96079
35.09,-0.000079,0.000115,0.673092,-0.017213,-0.029307,9.834624,5682.478656,-16040.78527,34728.94257
35.1,-0.000091,0.000078,0.66795,0.021347,0.079814,9.69964,5893.261129,-16196.52118,34390.43211
35.11,0.000059,-0.000055,0.662987,0.046583,0.021045,9.789742,5190.852415,-16235.43364,34761.07798
35.12,-0.000047,-0.000052,0.657764,-0.042874,-0.04187,9.765967,5103.859147,-16206.90349,34518.1233
35.13,-0.000022,-0.000078,0.652437,0.075479,-0.001884,9.791221,4879.781621,-16566.2492,34324.69186
35.14,0.000115,-0.000061,0.647118,-0.000414,0.024442,9.841115,4946.483252,-16237.56101,34468.22836
35.15,-0.00024,-0.000277,0.641876,-0.003626,-0.012811,9.766658,5237.913608,-16407.79966,34484.18394
35.16,0.000085,-0.000172,0.636482,-0.005043,-0.009557,9.774357,4597.676656,-16379.47352,34631.14629
35.17,-0.000201,0.000073,0.631054,-0.01803,0.058137,9.843317,4871.662778,-16385.00277,34564.33504
35.18,-0.000007,0.000096,0.625609,0.010959,0.055663,9.810678,4587.54591,-16231.89355,34378.21703
35.19,0.000056,-0.000077,0.619715,0.05385,-0.003339,9.875415,4251.551374,-16703.88008,34435.25808
35.2,-0.00013,-0.000183,0.6143,0.023848,-0.017629,9.746877,4620.059887,-16418.58836,34721.79208
35.21,-0.000053,-0.000014,0.608393,0.004024,0.004449,9.751712,4434.106823,-16548.53052,34845.94813
35.22,0.000145,-0.000076,0.602652,-0.013018,-0.031698,9.818228,3997.573936,-16550.59527,34498.97832
35.23,-0.000009,-0.000039,0.596478,-0.0651,-0.003372,9.898312,3924.666375,-16649.16484,34617.18476
35.24,0.000047,-0.000092,0.590648,0.044856,-0.003692,9.879694,4099.486934,-16345.12685,34344.76762
35.25,-0.000016,-0.000017,0.584764,-0.020852,0.03819,9.819893,3811.212209,-16492.37772,34556.39335
35.26,-0.000096,-0.00001,0.578598,-0.023406,0.021861,9.920646,3966.961343,-16956.82268,34662.79081
35.27,-0.000033,0.000036,0.572396,-0.044255,-0.04552,9.888116,3690.343504,-16659.02441,34705.28133
35.28,0.000073,-0.000089,0.566074,-0.033847,-0.007886,9.782808,3562.862933,-16956.86977,34457.8726
35.29,-0.000039,0.000081,0.559878,-0.038772,0.021344,9.755932,3302.71347,-16327.87407,34197.54488
35.3,-0.000092,-0.000056,0.5536,-0.052908,-0.014532,9.831793,3507.890622,-16985.57949,34658.22464
35.31,-0.000051,0.000003,0.54703,0.067897,-0.003714,9.850158,3190.083967,-17066.28148,34454.41088
35.32,0.000099,0.000027,0.540646,0.064816,0.020686,9.846462,3395.62283,-16462.60902,34903.41416
35.33,0.000088,0.000015,0.534336,-0.012177,-0.08083,9.843474,3574.394632,-16740.04108,34668.93469
35.34,-0.000141,0.000124,0.52763,-0.057718,0.025341,9.764848,3129.566188,-16795.52164,34435.20639
35.35,-0.000221,0.000043,0.520962,-0.059827,-0.008137,9.743,2944.129097,-16781.8642,34366.18971
35.36,-0.000127,-0.000044,0.514121,0.001569,-0.011702,9.794361,2772.648004,-17004.26732,34615.67181
35.37,0.000017,-0.000044,0.507522,0.072275,0.037601,9.793375,2816.551672,-16783.20561,34606.45641
35.38,0.000091,-0.000022,0.500681,0.037745,0.017303,9.789008,2850.8634,-17106.8406,34468.08344
35.39,-0.000121,-0.00003,0.493976,-0.068057,-0.037783,9.901022,2646.043055,-16508.88186,34260.72137
35.4,-0.000088,-0.000118,0.487049,0.000239,0.025325,9.889034,2538.889817,-17216.32491,34792.95378
35.41,-0.00003,-0.000027,0.480186,-0.037759,0.050961,9.680153,2397.322374,-16884.13351,34589.00839
35.42,-0.000145,-0.000007,0.472818,-0.05276,-0.109091,9.804506,2415.520278,-16769.53585,34751.85239
35.43,-0.000063,0.000028,0.466006,-0.00147,-0.03844,9.773251,2525.036416,-17182.26029,34313.22137
35.44,-0.00015,0.00005,0.458852,0.141614,0.017744,9.831164,2257.377551,-16900.87432,34684.16937
35.45,-0.000047,0.000196,0.451608,-0.046078,-0.041013,9.814903,1967.403233,-16967.827,34444.89556
35.46,-0.000115,0.000013,0.444217,-0.018078,-0.010759,9.790762,2168.02733,-17040.91184,34917.01136
35.47,0.000104,0.000064,0.437077,-0.087573,0.015967,9.815917,2049.159957,-17010.95202,34600.65897
35.48,0.000019,0.000023,0.429967,0.024996,0.032208,9.89471,2208.472674,-17052.67536,34336.16984
35.49,-0.000091,-0.000141,0.422243,-0.021753,0.0079,9.872229,1941.819375,-16919.29831,34496.03444
35.5,-0.000062,-0.000166,0.414997,-0.020382,0.054503,9.781258,1913.837083,-16791.87966,34585.51164
35.51,0.000001,-0.000065,0.407469,-0.024195,-0.055324,9.798589,2206.720726,-17072.42091,34517.6762
35.52,0.000071,-0.000043,0.400071,0.100054,0.088341,9.809993,1365.407558,-16682.47594,34745.23924
35.53,0.00005,-0.000142,0.39242,0.023548,0.054843,9.753124,1760.970655,-17168.47366,34956.338
35.54,0.000189,-0.000039,0.384818,-0.02228,-0.011139,9.713133,1990.576177,-17010.43306,34218.20142
35.55,-0.000059,-0.000077,0.377169,-0.040806,-0.032754,9.788996,1564.143191,-17206.2313,34507.12102
35.56,-0.000073,-0.000027,0.369604,-0.012852,-0.114485,9.826668,1658.678795,-17089.95289,34704.20549
35.57,0.000012,-0.000181,0.361756,-0.027268,0.020278,9.833884,1437.34994,-16872.16488,34702.84726
35.58,0.000035,-0.000065,0.354246,-0.011666,0.085025,9.720277,1299.567114,-17066.02954,34537.67535
35.59,-0.000009,-0.000152,0.346392,-0.005526,0.000475,9.874761,891.919209,-16858.09051,34415.75774
35.6,-0.000127,-0.000002,0.338623,-0.008259,0.023419,9.81325,1059.676584,-17297.54416,34524.07116
35.61,0.000154,-0.000031,0.330707,0.097627,-0.019866,9.759885,940.331399,-16962.28653,34422.67997
35.62,-0.000009,0.000046,0.322511,-0.027893,0.017284,9.874454,1150.475183,-17082.77862,34603.94734
35.63,-0.000071,0.000001,0.314842,-0.119985,-0.067132,9.873975,762.094978,-17016.96719,34292.30239
35.64,-0.000103,0.000049,0.306925,-0.024349,-0.039837,9.781206,951.237892,-17398.19762,34548.98773
35.65,-0.00003,-0.000045,0.298786,-0.047297,-0.056371,9.808198,890.781359,-16913.24008,34580.60902
35.66,-0.000023,0.000081,0.290912,-0.041485,0.081518,9.680308,967.66808,-16941.4361,34389.89472
35.67,-0.000078,-0.000108,0.282634,0.023115,-0.0384,9.887128,709.216495,-17556.27643,34698.04594
35.68,0.000053,-0.000005,0.274628,-0.052432,0.021354,9.884774,1035.678224,-17327.49378,34531.34206
35.69,0.000007,0.000009,0.266456,0.024309,-0.034772,9.794871,693.375267,-17233.75206,34419.31089
35.7,-0.000129,-0.00008,0.258315,0.006289,0.069359,9.811039,840.229114,-17148.33261,34618.01521
35.71,-0.000001,-0.000058,0.250076,0.027386,-0.058344,9.807113,488.658154,-17217.87398,34790.5944
35.72,0.000087,-0.000067,0.241914,0.058588,-0.017487,9.779861,367.425522,-17064.81197,34608.2184
35.73,-0.000064,-0.000102,0.233514,-0.022268,0.053932,9.829451,520.264039,-16571.27399,34410.14731
35.74,-0.000084,-0.000099,0.225454,0.016441,-0.039593,9.716425,526.045605,-17282.30495,34580.33864
35.75,-0.000139,-0.000062,0.217142,0.048987,-0.025196,9.846105,12.214065,-17280.5672,34309.893
35.76,-0.000046,0.000019,0.208838,0.022148,-0.032625,9.749281,532.714509,-17182.70349,34771.80981
35.77,-0.000184,-0.000062,0.200336,0.042455,-0.108937,9.68795,-177.341633,-17069.3638,34354.12734
35.78,0.000085,-0.000036,0.192102,0.073972,-0.044821,9.812702,285.128352,-16940.18169,34589.85147
35.79,0.000116,-0.000057,0.183679,0.049155,0.100039,9.753349,392.724942,-17238.32651,34426.46024
35.8,0.000001,-0.000049,0.175379,-0.012822,0.041157,9.802945,366.257972,-17269.26802,34517.67708
35.81,0.000037,0.000064,0.166847,-0.043471,0.043061,9.718722,345.742602,-17022.22453,34392.21934
35.82,-0.000066,-0.000057,0.158367,0.044879,-0.006395,9.803155,223.28137,-17185.66415,34398.54765
35.83,-0.000182,0.000007,0.150012,-0.038602,-0.016584,9.855329,323.543075,-17078.35507,34687.75141
35.84,-0.000037,-0.000069,0.141466,0.008202,0.051536,9.832074,541.646933,-17080.29529,34833.83652
35.85,-0.000016,0.000004,0.13313,-0.023324,-0.017928,9.805493,191.43885,-17146.2764,34709.84914
35.86,-0.000112,0.000007,0.124525,-0.026749,0.065093,9.745655,156.28359,-17147.35758,34725.23313
35.87,-0.000029,-0.000046,0.115852,0.080875,-0.039042,9.758886,42.629592,-17041.32046,34700.31181
35.88,-0.000089,0.000037,0.107539,-0.005821,-0.068541,9.885609,-24.717211,-17115.89428,34460.09256
35.89,-0.000094,0.000017,0.098911,0.076939,0.066765,9.890668,-201.868598,-17137.47786,34319.95528
35.9,0.000053,-0.000004,0.090349,0.057808,-0.09534,9.83633,-248.442062,-17089.43918,34438.54094
35.91,0.000043,-0.000128,0.081748,-0.039961,0.0384,9.789171,37.042534,-17112.18878,34712.87475
35.92,-0.000192,-0.0002,0.073096,-0.026636,-0.050154,9.831768,296.846658,-16945.52921,34585.73542
35.93,-0.000172,0.000019,0.064674,0.050192,-0.058336,9.821682,139.939003,-17402.15608,34652.15026
35.94,-0.000063,-0.000038,0.055976,0.018108,-0.009906,9.793186,98.107288,-17036.94366,34434.47875
35.95,-0.000059,-0.000013,0.047432,0.054515,0.061121,9.839651,127.493246,-16856.14218,34315.42747
35.96,-0.000077,-0.000095,0.038754,0.030766,0.033507,9.77434,52.248869,-17291.50645,34182.83242
35.97,0.000034,-0.000063,0.030323,-0.007591,-0.00233,9.757316,-22.189841,-17044.12153,34568.31609
35.98,-0.000058,0.000095,0.021481,0.035286,0.089448,9.904394,-26.848091,-17018.00778,34688.90839
35.99,-0.000097,0.000017,0.013018,-0.01529,-0.027607,9.763318,-225.710625,-17348.95045,34541.23244
36,-0.00005,0.000154,0.004369,0.029776,-0.007895,9.86089,177.063669,-16860.87812,34406.87779
36.01,-0.000011,-0.000076,-0.004104,-0.058441,0.003693,9.773412,-128.217439,-16802.95198,34730.96748
36.02,0.000039,0.000011,-0.013006,0.008723,-0.01492,9.71159,42.001429,-17104.06661,34567.3686
36.03,-0.000004,-0.000067,-0.021438,0.036768,-0.001456,9.811558,-136.179339,-16549.98128,34462.52176
36.04,0.000044,-0.000091,-0.030062,-0.008272,-0.051089,9.804898,-169.493059,-17110.77814,34736.96217
36.05,0.000041,-0.000011,-0.038716,0.034597,0.078612,9.814043,-26.750606,-17395.44927,34728.8949
36.06,-0.000129,-0.000084,-0.047399,-0.03053,0.05421,9.793226,-21.852184,-16914.69028,34426.72229
36.07,0.00005,-0.000017,-0.05599,-0.015581,-0.004414,9.833912,91.286072,-16822.78761,34685.1197
36.08,-0.000037,-0.000139,-0.064761,-0.063849,0.001671,9.800949,270.412688,-17119.45324,34652.39699
36.09,0.000069,0.000077,-0.073185,-0.025313,0.079207,9.725803,92.709563,-17192.60772,34759.85694
36.1,-0.0001,-0.000008,-0.081664,-0.005472,0.00601,9.813889,133.614883,-17357.79713,34326.01619
36.11,-0.000112,-0.000071,-0.090217,0.069362,-0.107301,9.786928,287.130784,-17011.08105,34437.89507
36.12,-0.000085,-0.000008,-0.098772,-0.046979,-0.073557,9.773926,252.134351,-17161.69726,34503.45624
36.13,-0.000103,-0.000024,-0.107442,0.016224,-0.017927,9.899123,219.436308,-16933.24569,34928.54868
36.14,0.00009,-0.000178,-0.115837,-0.078914,0.012803,9.818707,438.853113,-17018.17838,34436.42787
36.15,-0.000007,0.00001,-0.124327,0.002459,0.028145,9.791977,254.237845,-17051.93567,34906.25798
36.16,0.000074,-0.000125,-0.132863,0.021875,-0.014964,9.780727,370.841466,-17184.66706,34382.34291
36.17,-0.000024,-0.00007,-0.141401,-0.047963,-0.023362,9.840352,410.672988,-16815.71558,34577.57328
36.18,0.000076,-0.000088,-0.149868,-0.026418,0.033249,9.796024,23.963064,-17159.07211,34564.89435
36.19,-0.000061,-0.000045,-0.158272,-0.002193,0.061714,9.748284,148.636275,-17327.08192,34333.99335
36.2,-0.000055,0.000006,-0.166717,-0.005789,0.042607,9.833814,502.454112,-17324.21233,34658.3958
36.21,0.000005,0.000093,-0.175227,0.017406,0.067303,9.784683,85.985803,-17424.52058,34338.75113
36.22,0.000107,-0.000066,-0.183501,0.005192,0.085809,9.750121,470.011516,-16796.11124,34413.94591
36.23,-0.000023,-0.000052,-0.192115,0.026738,0.029121,9.823326,-1.896564,-16702.45411,34692.97918
36.24,0.000103,-0.000092,-0.200377,0.021135,-0.040587,9.815331,679.920788,-17311.56555,34700.34179
36.25,0.000055,-0.00002,-0.208485,-0.005179,0.018931,9.816013,260.769462,-16815.46254,34494.88689
36.26,0.000109,0.000035,-0.216948,0.091015,0.049875,9.912102,355.247829,-17286.64237,34732.2919
36.27,0.000029,-0.000141,-0.225251,0.050536,0.022578,9.845358,362.401458,-17276.14482,34494.09705
36.28,-0.000025,-0.000068,-0.233514,0.066273,-0.037415,9.736442,518.537278,-17248.5843,34851.69122
36.29,-0.000164,0.000052,-0.24167,-0.067963,0.038895,9.792556,825.289607,-16875.04843,34167.06191
36.3,-0.00015,-0.000014,-0.249866,-0.012351,0.007345,9.847927,315.633704,-17372.09757,34528.94968
36.31,-0.000001,-0.000116,-0.258277,-0.017322,-0.037709,9.785057,688.382524,-16867.38602,34517.5686
36.32,0.000037,0.000132,-0.266449,0.038671,-0.007432,9.838199,1164.73473,-17092.2298,34843.27013
36.33,-0.000034,-0.000094,-0.274513,0.050962,-0.011391,9.769048,664.021211,-17310.02673,34587.81686
36.34,-0.000011,-0.00003,-0.282651,-0.058359,-0.024526,9.758074,927.554637,-17033.77633,34661.03939
36.35,0.000145,-0.000041,-0.29068,0.010535,-0.062646,9.816326,1027.938162,-17020.84319,34492.65236
36.36,0.000059,-0.000026,-0.298723,-0.01969,0.038607,9.754471,1174.907402,-17144.91208,34532.90974
36.37,0.000045,-0.000117,-0.306648,0.004821,0.034706,9.729846,960.956009,-17367.07403,34564.12692
36.38,0.000052,0.00003,-0.314703,0.016736,-0.027132,9.762166,878.405359,-17105.29039,34489.34536
36.39,-0.000038,-0.000176,-0.322639,-0.073928,0.002183,9.777383,1154.113921,-16772.95811,34737.38702
36.4,-0.000013,0.000048,-0.33052,-0.019209,0.03477,9.658767,1214.016095,-16804.2484,34290.17561
36.41,-0.000071,-0.0001,-0.338404,0.041978,0.109205,9.80253,1378.45966,-16732.05069,34360.39988
36.42,-0.000026,0.000078,-0.34623,-0.020879,-0.006912,9.849356,1421.244498,-17204.09155,34478.09948
36.43,-0.000081,-0.000036,-0.354066,0.117834,-0.041619,9.657376,1352.341316,-17016.40779,34520.06536
36.44,-0.000058,-0.000218,-0.361916,0.012845,-0.005693,9.797638,1114.731547,-17123.16376,34691.61123
36.45,-0.000141,0.000013,-0.3695,-0.012743,-0.108327,9.820556,1456.95082,-16964.59399,34177.59833
36.46,-0.000025,0.000073,-0.377257,-0.03726,0.012078,9.781738,1377.912984,-16710.13037,34845.44931
36.47,0.000061,0.000006,-0.384861,-0.046162,-0.091123,9.873046,1592.460196,-17270.71815,34511.99318
36.48,0.000091,-0.00015,-0.392487,-0.006059,0.015036,9.880662,1885.306308,-16999.22404,34707.71464
36.49,-0.000056,0.000008,-0.399954,0.022483,0.009764,9.692626,1468.280857,-16934.5512,34662.78889
36.5,-0.000222,-0.000053,-0.407448,0.053722,0.040956,9.750598,1695.883274,-17116.67439,34804.43847
36.51,0.000182,0.000091,-0.414889,-0.076754,0.016479,9.79678,1833.612209,-17030.87981,34490.81537
36.52,-0.000132,0.000002,-0.422414,0.06823,-0.066867,9.801686,1944.496626,-17210.35682,34467.09947
36.53,-0.00002,0.000004,-0.429715,0.028955,0.019618,9.744469,2315.093124,-17025.53171,34729.262
36.54,-0.000016,-0.000056,-0.43705,-0.072312,-0.025174,9.909171,2146.876962,-16961.70232,34698.3935
36.55,0.000094,0.000023,-0.444299,-0.041901,-0.024867,9.847297,2314.259854,-16791.03977,34455.46275
36.56,-0.000104,-0.000012,-0.451447,0.01979,0.064583,9.771581,2247.0404,-16784.53199,34468.45357
36.57,0.000035,0.0001,-0.45863,-0.035009,0.037686,9.793713,2720.870545,-17225.7621,34356.31715
36.58,-0.000134,0.000148,-0.465693,-0.003126,-0.052391,9.767129,2193.596395,-16810.98867,34469.27716
36.59,0.000034,0.000088,-0.472994,-0.040839,-0.033206,9.770246,2649.308638,-16965.75219,34441.10975
36.6,-0.00007,-0.000071,-0.479783,-0.018198,-0.019549,9.857242,2441.803754,-16847.74216,34835.44948
36.61,-0.00014,-0.000055,-0.486723,0.083672,-0.018816,9.881029,2580.829221,-16812.32087,34434.51327
36.62,0.000018,-0.000061,-0.493606,0.021286,-0.111775,9.818137,2656.975812,-16752.59958,34703.81058
36.63,-0.000153,0.000012,-0.500648,-0.072712,0.050794,9.779401,2651.143866,-16965.60208,34832.36054
36.64,0.000006,-0.000051,-0.507506,0.07421,0.066689,9.781003,2628.23851,-16740.70964,34398.79485
36.65,-0.00002,-0.000141,-0.514138,-0.049987,0.049868,9.76236,3103.096313,-16488.89619,34418.33655
36.66,-0.000066,0.000052,-0.520916,-0.006451,0.045811,9.799056,3167.168631,-17008.47461,34644.72847
36.67,-0.000096,0.000007,-0.527407,0.032694,0.092098,9.822205,3244.613355,-16766.16899,34689.22921
36.68,-0.000217,-0.000017,-0.534038,0.03219,-0.030211,9.674767,3290.258814,-16682.77999,34548.40096
36.69,-0.000161,-0.000103,-0.540556,0.005892,-0.000855,9.83204,2827.406336,-17028.13397,34600.18508
36.7,-0.00011,-0.000083,-0.546924,0.000256,-0.031415,9.776487,3511.068003,-16722.73455,34815.29453
36.71,-0.00012,-0.000102,-0.553672,0.001972,-0.045271,9.73877,3470.797564,-16815.01366,34472.63522
36.72,-0.000133,-0.000134,-0.559665,0.010736,-0.003136,9.833289,3839.273758,-16550.89653,34974.00546
36.73,0.000066,-0.000137,-0.565922,-0.028097,-0.008562,9.760701,3881.484249,-16387.0696,34422.4802
36.74,0.000028,-0.000043,-0.572238,-0.021008,0.039094,9.889106,4065.504962,-16709.86075,34622.43892
36.75,-0.000006,-0.000094,-0.578612,-0.015505,0.020034,9.769932,3930.312268,-16569.70652,34556.5066
36.76,-0.000117,-0.000028,-0.584582,-0.072763,-0.029235,9.794131,3965.810513,-16748.85633,34567.23807
36.77,-0.000102,0.000056,-0.590669,-0.016708,-0.040657,9.814347,4346.619469,-16420.24262,34428.08027
36.78,0.000038,-0.000069,-0.596529,0.053366,-0.027848,9.825409,4532.798017,-16579.31965,34257.47382
36.79,-0.000135,-0.000029,-0.602502,0.026283,0.046859,9.837725,4092.519024,-16917.79001,34703.98735
36.8,-0.000189,-0.00003,-0.608269,0.046671,0.002167,9.744165,4410.870994,-16576.88027,34596.29715
36.81,0.000033,-0.000004,-0.614114,-0.053852,-0.023007,9.759003,4512.97987,-16144.80149,34401.69492
36.82,-0.000092,-0.000242,-0.619819,-0.038257,-0.010899,9.804645,4604.785042,-16480.00502,34848.17038
36.83,0.000073,0.000102,-0.625285,-0.021333,0.015519,9.899589,4506.692472,-16369.59942,34673.97928
36.84,-0.000013,0.000022,-0.630868,-0.048858,-0.027783,9.749999,4674.920773,-16399.70768,34456.36191
36.85,-0.000188,-0.000103,-0.636298,0.053297,0.041142,9.742152,5178.69093,-16486.61274,34801.0318
36.86,0.000063,-0.000007,-0.641847,0.021909,-0.068438,9.825063,4963.754157,-16569.66975,34585.25953
36.87,-0.000072,-0.000075,-0.64725,-0.00009,0.002005,9.721112,4907.017711,-16489.41058,34698.96204
36.88,-0.000205,-0.000015,-0.652488,0.008339,0.00832,9.870362,5347.748797,-15906.07586,34548.92197
36.89,-0.000057,0.000119,-0.657605,0.005462,-0.002859,9.772971,5286.459463,-16353.41025,34754.98056
36.9,-0.000099,0.000022,-0.662921,0.025502,0.039048,9.843353,5336.724033,-16214.30422,34595.05744
36.91,0.000052,-0.000006,-0.66787,0.043343,-0.008104,9.739259,5198.602219,-16184.79149,34593.13085
36.92,0.00001,0.000097,-0.672883,0.003593,0.07017,9.86747,5751.735087,-16266.93427,34640.04481
36.93,-0.000124,0.000154,-0.677757,-0.032873,0.099721,9.874263,5283.360048,-16161.2843,34609.18022
36.94,0.00009,-0.000087,-0.682567,0.040816,-0.047277,9.840791,6043.84438,-15727.21198,34689.30971
36.95,-0.000094,0.000026,-0.687389,0.046175,0.107053,9.787085,5966.919504,-15862.606,34877.53887
36.96,-0.000097,0.000106,-0.692027,-0.012589,0.05844,9.863847,6157.224095,-15775.55847,34781.10578
36.97,-0.000214,-0.000049,-0.69675,0.043863,-0.023543,9.777524,5997.783266,-15980.46325,34573.47368
36.98,-0.000144,-0.000079,-0.701251,0.013555,0.023904,9.85252,6107.436962,-15914.39956,34818.36546
36.99,-0.000036,-0.000097,-0.705832,-0.03393,-0.075341,9.861627,6474.580955,-15838.4097,34491.49139
37,-0.000085,0.000048,-0.710174,-0.003451,-0.005696,9.854907,6622.155661,-15791.94005,34364.07698
37.01,0.000014,0.000011,-0.714401,-0.068458,0.000064,9.79153,6736.582577,-15992.62162,34380.0184
37.02,-0.000012,-0.000093,-0.718625,0.02328,-0.000977,9.841024,6996.760225,-15682.54655,34685.35765
37.03,-0.000128,0.000012,-0.722621,-0.061228,-0.019758,9.766186,6850.28976,-15894.84758,34559.65897
37.04,-0.000098,0.000075,-0.726994,0.053207,0.062667,9.812731,6659.904691,-15124.70401,34280.79196
37.05,-0.000116,-0.000116,-0.73065,0.035085,-0.009121,9.777942,7206.932646,-15567.53758,34317.03558
37.06,-0.000091,0.000039,-0.734887,0.067649,-0.003324,9.874645,7389.418985,-15525.17711,34377.7547
37.07,-0.000029,0.000021,-0.738543,0.11764,-0.055092,9.837344,6869.971107,-15483.65478,34910.2576
37.08,-0.000276,-0.000013,-0.742217,-0.014027,0.02111,9.697108,7717.4178,-15654.84734,34785.35952
37.09,0.000075,0.000006,-0.746102,0.031067,-0.039783,9.823561,7609.963521,-15223.50637,34777.49923
37.1,-0.000058,0.00005,-0.749611,0.023043,0.042298,9.810103,7446.878419,-15385.13346,34906.45337
37.11,0.00001,-0.00007,-0.753035,0.017232,-0.012107,9.735967,7726.080801,-15253.73513,34306.63396
37.12,0.000026,-0.00009,-0.756215,-0.027778,-0.022097,9.793302,7892.557172,-14978.70785,34909.1359
37.13,-0.000026,0.000001,-0.759866,0.009433,0.013168,9.86097,8173.919607,-15077.05003,34510.87894
37.14,-0.000034,-0.000052,-0.763183,0.097907,-0.048229,9.816771,8320.747011,-15017.35871,34506.24087
37.15,-0.000173,-0.000004,-0.766234,0.02321,-0.009874,9.84247,7889.039485,-15097.12803,34522.13941
37.16,-0.000269,-0.000216,-0.76934,-0.107055,0.034493,9.799377,8327.713794,-14905.97544,34777.02438
37.17,-0.000045,0.000024,-0.772423,-0.089384,-0.010605,9.902974,8065.058176,-14748.34704,34538.38346
37.18,0.000012,-0.000056,-0.775277,-0.003168,0.102068,9.917137,8265.884008,-14694.31115,34548.27727
37.19,-0.000052,0.000057,-0.778016,0.016738,-0.012321,9.843656,8373.961407,-14674.31956,34640.57769
37.2,0.000038,-0.000089,-0.780837,0.073339,0.090186,9.827081,8770.308565,-14509.65356,34433.68428
37.21,-0.000141,-0.000077,-0.783508,-0.039441,0.07721,9.721845,8968.128641,-14551.05557,34665.35905
37.22,-0.00008,0.000034,-0.786012,-0.007886,0.006334,9.835127,8845.26836,-14015.75482,34281.40405
37.23,0.000027,-0.000017,-0.788445,-0.026091,0.010542,9.854836,9455.015313,-14377.8596,34576.77457
37.24,-0.00003,0.000056,-0.790897,0.005329,-0.037617,9.848932,9503.541302,-14473.92945,34295.54275
37.25,0.000025,-0.000035,-0.793365,0.011359,-0.044491,9.775782,9616.230074,-13869.3336,35069.12229
37.26,-0.000166,0.000142,-0.795453,0.094847,-0.00518,9.837026,9646.337024,-14659.27035,34668.40072
37.27,-0.000001,-0.000043,-0.797668,-0.020166,-0.004171,9.808511,9805.632866,-14028.41994,34712.62945
37.28,0.000211,-0.000126,-0.799688,-0.021229,0.040625,9.862715,9939.931093,-13889.06969,34542.58033
37.29,-0.000044,-0.000127,-0.80176,0.043371,-0.016148,9.779858,9603.081653,-14066.03304,34701.94049
37.3,-0.000101,-0.000059,-0.803571,-0.094465,0.056032,9.795525,10210.29073,-13586.2586,34664.96823
37.31,0.000032,-0.000132,-0.805284,-0.056065,-0.052848,9.849714,9901.136909,-13659.87288,34364.23983
37.32,0.000089,0.000049,-0.807121,-0.010663,0.04021,9.819799,10317.8346,-13888.12069,34723.102
37.33,-0.000297,0.000045,-0.808592,0.049226,0.015863,9.670867,10442.4804,-13725.22976,34667.86344
37.34,-0.000091,0.000083,-0.810196,0.069673,-0.059758,9.8846,10531.04695,-13594.07553,34610.04419
37.35,-0.00003,-0.000119,-0.811569,0.010233,-0.034787,9.785387,10522.50952,-13770.68451,34487.75059
37.36,-0.000077,-0.000073,-0.81285,-0.03716,0.021318,9.835816,11110.38532,-13259.01024,34231.96879
37.37,-0.000021,-0.000159,-0.814142,-0.061954,-0.087165,9.873449,10828.59143,-13157.21364,34620.30122
37.38,0.000034,-0.000101,-0.815405,0.021853,-0.061841,9.860155,10997.19661,-12968.9169,34969.98167
37.39,-0.000035,-0.00005,-0.81644,0.061535,0.026616,9.835896,11244.95158,-13048.52575,34248.60511
37.4,0.000017,-0.000072,-0.817259,-0.023166,-0.141075,9.846041,10748.0126,-12854.79391,34636.24596
37.41,-0.000102,-0.000076,-0.818169,-0.036149,0.10131,9.790228,11174.94163,-12639.86226,34359.1752
37.42,0.000169,-0.000025,-0.819168,0.031011,-0.034656,9.738883,11052.60052,-12966.86829,34609.80949
37.43,-0.000133,0.000071,-0.819857,-0.022877,0.106993,9.811422,11180.86706,-12722.17388,34513.94848
37.44,-0.000113,0.000007,-0.820383,-0.094545,0.054124,9.868851,11462.07658,-12684.15901,34277.9674
37.45,0.00002,0.000164,-0.820942,-0.037488,0.008155,9.809968,11717.9726,-12366.29125,34229.68141
37.46,-0.000001,-0.000032,-0.821446,-0.035628,0.007048,9.73149,11590.09653,-12365.41883,34612.81667
37.47,0.000067,0.000046,-0.821763,0.020359,0.05207,9.767541,11494.52128,-12353.2487,34427.81074
37.48,-0.00002,0.000038,-0.822019,0.035565,0.040659,9.837964,12146.97188,-12118.16574,34855.97315
37.49,-0.000054,-0.000142,-0.822155,0.074274,0.002367,9.771944,11853.93082,-12036.88802,34438.28711
37.5,0.000011,-0.000067,-0.822376,0.041539,0.028275,9.702591,12227.34577,-12084.11004,34374.6062
37.51,-0.000061,-0.000177,-0.822412,0.005613,-0.03562,9.790694,12065.31556,-11995.62219,34725.38578
37.52,-0.000164,-0.000011,-0.822315,0.006645,0.078143,9.829993,12031.00173,-11384.11373,34650.00461
37.53,0.000059,-0.000039,-0.822093,-0.031748,-0.0263,9.819665,12427.35942,-11693.99829,34497.02765
37.54,-0.000066,-0.000062,-0.821977,0.021907,0.137371,9.761934,12475.38877,-11394.80274,34300.15656
37.55,0.000047,-0.000014,-0.821545,-0.026266,0.050047,9.791885,12654.96535,-11363.97132,34821.73328
37.56,-0.000021,-0.000065,-0.821107,0.010849,-0.078755,9.727878,12371.07127,-11377.87715,34228.6341
37.57,-0.000018,0.000077,-0.820526,0.035835,-0.048662,9.847299,12671.83793,-11320.45256,34583.72364
37.58,-0.000164,-0.000082,-0.819715,-0.022132,0.017355,9.868434,12811.08099,-11121.09486,34743.32006
37.59,-0.00011,0.000075,-0.819172,-0.037979,-0.037445,9.866235,13002.15155,-11281.96378,34500.66348
37.6,0.000025,-0.000038,-0.818478,0.00258,-0.005659,9.853577,13122.6577,-10898.28549,34600.55636
37.61,-0.000075,0.000156,-0.817452,-0.047215,-0.000053,9.746322,12898.93228,-11018.17573,34613.26357
37.62,0.00001,-0.000058,-0.816462,-0.064489,0.034235,9.869257,12963.61229,-10866.59616,34482.3887
37.63,-0.000011,0.000013,-0.815177,0.010908,-0.071276,9.802559,13478.31009,-10498.04746,34378.54785
37.64,-0.000041,-0.000044,-0.81426,0.017646,-0.000042,9.866691,13676.66312,-10291.16978,34480.45517
37.65,-0.000154,-0.000169,-0.812886,-0.039545,0.016959,9.791371,13452.35852,-10600.36005,34428.10519
37.66,-0.000202,0.000094,-0.811522,-0.002997,-0.015831,9.833084,13283.42157,-10898.71936,34596.8285
37.67,-0.000065,-0.000129,-0.810158,-0.059001,-0.013838,9.82577,13967.71474,-10498.94982,34682.29618
37.68,-0.000037,0.00007,-0.8087,0.044105,0.054599,9.817872,13608.76652,-10134.64477,34525.74449
37.69,-0.000072,-0.000033,-0.807045,0.057956,0.064493,9.802541,13910.67044,-9948.168771,34688.17176
37.7,-0.000094,-0.000178,-0.805462,0.099054,0.077362,9.794345,14054.87283,-9681.800567,34365.59337
37.71,-0.000098,-0.000048,-0.803441,-0.004737,-0.022073,9.802875,13871.11985,-9607.970528,34393.35998
37.72,0.000162,0.000121,-0.801615,0.018709,0.014783,9.7889,14254.38358,-9683.335703,34797.55384
37.73,0.000125,-0.000039,-0.799728,0.025405,0.061119,9.85348,14183.46957,-9612.263543,34586.16795
37.74,0.000163,-0.000121,-0.797664,0.034012,-0.015241,9.793709,13897.3802,-9390.503068,34594.11682
37.75,-0.000062,0.000099,-0.795538,0.083683,0.003578,9.771204,14487.13627,-9269.358387,34389.03859
37.76,0.000029,-0.000064,-0.793364,0.046098,0.082904,9.734419,14366.42511,-9159.564815,34586.66489
37.77,-0.000019,-0.000014,-0.791042,0.082958,-0.047149,9.851322,14622.37823,-9125.451314,34609.36908
37.78,-0.000115,-0.000098,-0.788454,0.005141,-0.02894,9.761678,14230.65967,-8881.637862,34806.06149
37.79,0.000001,-0.000008,-0.786006,-0.049209,-0.060455,9.790209,14465.28518,-9094.348786,34520.76086
37.8,-0.000081,0.000013,-0.783526,0.05111,-0.011506,9.904247,15011.08656,-8444.201689,34607.38186
37.81,-0.000155,-0.00009,-0.780793,-0.011053,-0.033217,9.808168,14533.57589,-8814.308349,34340.06214
37.82,-0.000031,0.000064,-0.778212,0.082712,-0.035309,9.808084,14607.59644,-8464.559883,34628.35584
37.83,-0.000058,0.000006,-0.775316,0.050869,-0.023662,9.833719,14764.04347,-8374.953324,34669.37428
37.84,-0.000017,-0.000064,-0.772413,-0.007429,-0.009036,9.801825,15258.05101,-8483.798002,34903.05125
37.85,0.000059,-0.000149,-0.769225,-0.011446,0.038099,9.73067,15211.47205,-8345.21963,34698.79097
37.86,-0.000075,-0.00011,-0.766303,-0.062464,-0.022803,9.732251,14962.42853,-7871.018832,34667.29258
37.87,-0.000103,-0.000102,-0.763032,-0.046574,-0.059624,9.801304,15034.78533,-7759.374057,34639.66029
37.88,-0.000202,0.00008,-0.759728,-0.08369,-0.014866,9.774679,15017.9889,-7879.820164,34785.62873
37.89,0.000082,-0.000114,-0.756666,0.049967,-0.079721,9.725056,15288.78046,-7856.212763,34550.25529
37.9,-0.000093,-0.000043,-0.753016,-0.078759,-0.056905,9.760908,15435.67636,-7358.372549,34488.44174
37.91,-0.000084,-0.000035,-0.749527,0.027407,-0.042356,9.794626,15469.08367,-7371.904113,34794.87732
37.92,-0.000174,0.00013,-0.746052,-0.009272,0.024286,9.735525,15699.49765,-7602.106644,34588.85933
37.93,-0.000016,0.000066,-0.742355,-0.043471,-0.004341,9.870976,15519.49101,-7171.468582,34779.12485
37.94,-0.000038,0.000115,-0.738563,-0.03648,-0.039872,9.839876,15679.63184,-7337.140975,34370.604
37.95,0.000053,-0.000002,-0.734689,0.000788,-0.003359,9.893405,15571.78935,-6959.23198,34306.57737
37.96,0.000024,-0.000048,-0.730817,-0.039336,0.03384,9.897767,15558.91451,-6904.420787,34600.45597
37.97,0.000045,-0.000005,-0.726765,-0.024936,0.109221,9.840721,15857.89926,-7033.327472,34650.1459
37.98,-0.000143,-0.000026,-0.722633,0.014052,0.069714,9.816612,15683.2187,-6346.999246,34261.81334
37.99,0.00004,0.000002,-0.718634,-0.12451,0.011462,9.797885,15984.91467,-6920.6977,34672.44185
38,-0.000092,0.000011,-0.714237,-0.072904,0.033686,9.779287,15842.3026,-6745.837668,34423.53148
38.01,-0.000034,0.000086,-0.710081,-0.044398,0.106599,9.8631,15895.72463,-6228.664787,34640.93654
38.02,0.000067,-0.000115,-0.705654,0.07472,0.086762,9.743383,15663.40414,-6377.763506,34885.62476
38.03,-0.000131,0.00003,-0.701159,0.091066,-0.051108,9.756006,15900.78199,-6588.881703,34421.10399
38.04,-0.000121,-0.000092,-0.696709,0.016639,-0.01732,9.891396,15710.05478,-6322.583817,34790.70346
38.05,-0.000168,-0.000108,-0.692131,-0.017812,0.031763,9.806506,15905.30627,-6069.089207,34589.6378
38.06,0.00003,0.000093,-0.687403,-0.036883,-0.01331,9.786243,15991.27334,-5961.619594,34258.23605
38.07,-0.000063,-0.000009,-0.682644,0.008055,-0.007122,9.849245,15942.91833,-5641.860337,34658.03468
38.08,-0.000062,0.000046,-0.677737,-0.013709,0.01407,9.887945,16030.27665,-5871.074652,34390.72183
38.09,-0.000046,-0.000077,-0.672714,0.024135,0.136935,9.813699,16258.57083,-5626.364306,34536.58974
38.1,-0.000092,-0.000017,-0.667943,0.016099,0.030435,9.86518,16375.01323,-5669.166946,34398.33678
38.11,-0.00009,-0.000019,-0.662825,0.038785,-0.00075,9.79861,16083.27902,-5040.449388,34491.39891
38.12,0.000008,-0.000021,-0.657776,-0.018648,0.000922,9.733427,16213.08141,-5506.530575,34710.60314
38.13,-0.000239,0.000059,-0.652499,-0.059371,-0.055863,9.877922,16343.96099,-5079.357519,34528.04668
38.14,0.000091,-0.000026,-0.647236,0.013332,0.051056,9.796605,15995.09502,-4922.821979,34776.45605
38.15,0.00001,-0.000051,-0.641818,0.016755,-0.039955,9.71253,16288.37272,-4876.711914,34686.95071
38.16,-0.000119,0.000028,-0.636304,-0.012072,-0.024369,9.777249,16268.73223,-4767.288445,34830.31762
38.17,-0.000084,0.000128,-0.630959,-0.067976,0.028971,9.845868,16199.50127,-4322.66598,34756.81362
38.18,-0.000016,-0.00017,-0.625518,0.026675,0.053081,9.767109,16183.17933,-4837.90727,34651.84442
38.19,0.000145,0.000097,-0.619622,0.029148,-0.003028,9.783842,16529.95073,-4616.169561,34828.18453
38.2,-0.000186,-0.000008,-0.61399,0.000964,-0.046504,9.791306,16725.35419,-4192.539965,34248.14249
38.21,-0.000031,-0.000002,-0.608344,-0.000929,-0.086636,9.880995,16480.03162,-3859.883038,34287.93867
38.22,-0.000052,-0.000127,-0.602464,0.047714,0.039038,9.891687,16631.05129,-4064.118594,34723.9133
38.23,-0.000006,-0.000096,-0.596562,0.032906,0.029508,9.888086,16519.55494,-4392.898316,34478.96981
38.24,-0.000076,-0.000026,-0.590497,-0.023241,-0.065151,9.853666,16833.06732,-3811.270944,34472.1966
38.25,-0.000018,0.000007,-0.584676,-0.011486,0.050643,9.83983,16759.92482,-3709.877961,34429.13158
38.26,-0.00007,0.000044,-0.578536,-0.033794,-0.002783,9.753899,16524.61172,-3807.363251,34606.82726
38.27,-0.000076,-0.000112,-0.572191,0.00251,-0.007912,9.847309,17052.89973,-3610.056626,34529.22998
38.28,-0.000078,-0.000091,-0.566037,0.092598,0.01374,9.794362,16973.14603,-3695.146612,34379.8176
38.29,0.000057,0.000015,-0.559727,0.0063,-0.003716,9.785718,16735.24094,-3710.362632,34112.33896
38.3,-0.00002,-0.000039,-0.553511,0.012333,-0.054291,9.767064,16816.90015,-3615.569402,34381.90275
38.31,-0.000083,-0.00008,-0.54704,0.012577,0.0468,9.833304,16789.25763,-3082.094383,34583.01798
38.32,-0.000049,-0.00002,-0.540559,-0.012899,0.055326,9.823735,16722.84689,-3501.547662,34468.91496
38.33,-0.000043,-0.000147,-0.534161,0.085219,0.025457,9.807694,16809.85159,-2950.678272,34756.08431
38.34,-0.000136,-0.000194,-0.527505,-0.058152,0.0629,9.856372,16989.11707,-3110.742127,34397.24723
38.35,-0.000143,-0.00014,-0.520972,0.067844,-0.026036,9.75534,16651.40564,-2895.429637,34324.68557
38.36,0.000037,-0.000055,-0.514097,0.06771,0.000593,9.68862,16802.50221,-2743.834633,34631.13124
38.37,-0.000047,-0.000066,-0.507385,0.032434,-0.061545,9.876876,16871.03968,-2996.737523,34640.35956
38.38,0.000013,-0.000018,-0.50072,0.053979,-0.096011,9.824509,16956.52359,-2577.63337,34512.64012
38.39,-0.000079,-0.000131,-0.493791,-0.000143,0.030588,9.748633,16815.43211,-2843.018628,34292.72675
38.4,-0.000031,0.000101,-0.486731,-0.06934,0.04456,9.71122,16923.65362,-2545.566069,34516.35847
38.41,0.00002,0.000055,-0.479867,-0.004542,0.021719,9.844008,16747.45067,-2176.298356,34309.73943
38.42,0.000203,0.000105,-0.472636,0.017331,0.112814,9.866817,17030.24373,-2464.043833,34581.11215
38.43,-0.000006,0.000008,-0.465702,-0.007221,-0.006413,9.771962,16946.76615,-2447.45482,34716.6998
38.44,-0.000023,-0.000001,-0.458757,0.010055,0.104367,9.84264,16957.91419,-2202.076798,34559.08305
38.45,0.000043,-0.000017,-0.451426,-0.004135,-0.058103,9.685533,16798.64106,-1657.526467,34490.23323
38.46,-0.000058,-0.000183,-0.44423,-0.003414,-0.037241,9.826131,16862.00527,-1622.939995,34355.29354
38.47,0.000062,-0.00014,-0.437086,-0.054517,0.036969,9.796431,17104.12769,-1554.789556,34644.16753
38.48,-0.000066,-0.00005,-0.42983,-0.030001,0.015375,9.784366,17064.47837,-1852.103483,34266.49641
38.49,0.000114,0.00006,-0.422369,-0.001874,-0.036253,9.83053,17147.95925,-1628.330195,34584.15735
38.5,-0.000197,0.000003,-0.414728,-0.082742,-0.004903,9.835212,16837.49881,-1668.133933,34829.26211
38.51,0.000033,0.000072,-0.407525,0.042798,0.026895,9.871476,17056.48961,-1856.875431,34615.31232
38.52,-0.000019,-0.00016,-0.399766,0.012318,0.126893,9.782079,16868.66912,-1968.534048,34675.52575
38.53,0.00001,-0.000212,-0.392553,-0.099402,-0.107337,9.714329,16870.26912,-1918.57853,34625.44403
38.54,0.000002,-0.000017,-0.384828,-0.001518,-0.084464,9.734631,17013.03829,-1485.537334,34711.79197
38.55,0.000014,0.000146,-0.377137,0.033634,-0.088755,9.810027,16954.87026,-1405.890525,34650.08319
38.56,-0.000197,-0.000043,-0.369609,0.042157,0.057244,9.818276,17187.28441,-1556.056373,34422.47248
38.57,-0.00011,0,-0.361795,-0.069386,-0.04954,9.877425,17232.53845,-970.65593,34614.71602
38.58,-0.000133,-0.000031,-0.354097,0.077536,-0.021763,9.849715,17088.71761,-1591.897075,34804.86126
38.59,0.000006,-0.00005,-0.346199,0.036515,-0.017761,9.858388,17107.72166,-1332.672649,34678.20841
38.6,-0.000063,0.000036,-0.338414,-0.044657,0.028374,9.836629,16965.14631,-1187.638147,34569.23021
38.61,-0.000041,-0.000079,-0.330522,-0.008017,-0.028415,9.883336,17171.88493,-720.74702,34589.81592
38.62,-0.000195,0.000203,-0.322689,-0.039819,-0.044484,9.737743,16901.36186,-971.410662,34439.74872
38.63,-0.000032,-0.000071,-0.314733,-0.01161,-0.009748,9.766756,16871.34051,-1183.538331,34457.24603
38.64,-0.000005,-0.000074,-0.306753,0.054962,0.005818,9.836074,16651.1439,-911.674811,34425.10333
38.65,-0.000161,-0.00011,-0.29881,-0.0688,-0.016089,9.884803,17259.25043,-1128.593905,34502.00936
38.66,0.000117,-0.000146,-0.290761,0.052442,0.023284,9.864748,16826.10432,-863.46436,34479.32633
38.67,-0.000024,0.000095,-0.282743,0.036975,0.016142,9.828501,17220.03476,-735.055012,34634.96667
38.68,-0.000176,-0.000019,-0.274462,0.024998,-0.018581,9.895925,16920.98926,-777.553202,34400.96668
38.69,-0.000164,-0.000187,-0.266442,0.121373,0.01009,9.807982,16928.04667,-880.94735,34443.992
38.7,0.000024,-0.000034,-0.25813,0.118947,0.024914,9.839098,17022.11734,-979.386208,34601.99726
38.71,-0.00005,-0.000033,-0.24995,0.026198,0.007687,9.793794,17001.95457,-641.942431,34841.79287
38.72,-0.000051,-0.00001,-0.241865,0.042648,-0.069349,9.863319,17683.99948,-949.189588,34425.72562
38.73,-0.000093,0.000011,-0.233561,0.078189,-0.00758,9.792331,17016.55615,-714.67664,34605.98906
38.74,-0.000106,0.000027,-0.225222,0.101343,-0.004603,9.783824,17055.6406,-443.163826,34640.83054
38.75,-0.000042,-0.000097,-0.216896,0.050451,-0.050606,9.708154,17221.79908,-378.875521,34596.38544
38.76,0.000177,-0.000102,-0.208789,0.004159,-0.021807,9.772538,16990.61788,-361.037173,34716.54326
38.77,-0.000109,-0.000112,-0.200423,-0.032813,-0.026906,9.796272,17030.35595,-371.484258,34587.95088
38.78,-0.000145,0.000043,-0.191874,-0.109461,0.042486,9.794355,17133.29213,-626.578515,34558.4386
38.79,0.000088,0.000034,-0.183605,-0.015115,-0.011983,9.851635,17121.30671,-595.297193,34555.43276
38.8,0.000053,-0.000084,-0.175188,0.018456,0.113677,9.703282,17117.08999,-624.421991,34926.33402
38.81,-0.000144,0.000076,-0.166645,0.044307,0.051722,9.666287,17150.32114,-25.362039,34509.06916
38.82,-0.000082,-0.000058,-0.158288,0.031241,-0.002902,9.80356,17122.2266,-412.329047,34502.88951
38.83,-0.000024,0.000043,-0.149825,0.002198,0.022448,9.790954,17051.95649,-101.14116,34846.84414
38.84,-0.000007,-0.000162,-0.14138,-0.033446,0.050747,9.809938,16753.53518,-228.08473,34781.34115
38.85,-0.000198,0.000125,-0.13274,0.04431,0.135478,9.742145,17044.32432,-416.083789,34829.62715
38.86,0.000021,0.000066,-0.12418,-0.04241,-0.033198,9.804442,17404.44282,29.592886,34613.10047
38.87,0.00004,-0.00017,-0.115853,0.085707,0.024433,9.864202,17103.50861,-169.429276,34703.63298
38.88,-0.000247,-0.000102,-0.10741,0.096714,-0.097206,9.791799,17279.29752,-327.043961,34802.86851
38.89,-0.000043,0.000003,-0.098838,-0.032101,0.02304,9.757827,17018.72431,-24.331388,34537.49465
38.9,-0.000067,-0.000007,-0.090215,0.083095,-0.023228,9.770801,17164.5187,-37.141281,34856.89595
38.91,-0.000058,-0.000241,-0.081675,-0.050588,-0.063903,9.806829,17002.47784,26.437791,34759.65916
38.92,0.000027,-0.000009,-0.073191,-0.02805,0.017202,9.784857,17339.55644,-343.793333,34856.89623
38.93,-0.000066,-0.000008,-0.064564,0.024324,0.011936,9.863318,17311.437,132.665095,34453.37083
38.94,0.000016,-0.000102,-0.055918,0.037861,-0.02546,9.87068,16738.26385,0.636013,34632.58942
38.95,-0.000052,0.000162,-0.047322,-0.027046,-0.043785,9.852599,16768.35911,-58.169257,34510.3252
38.96,-0.000092,0.000031,-0.038734,-0.061564,-0.032929,9.732395,17075.19415,244.141909,34227.59952
38.97,-0.000026,-0.000229,-0.030062,-0.073757,0.01548,9.761931,17039.56422,-137.172551,34708.3797
38.98,-0.000044,-0.000144,-0.021361,0.084204,0.073026,9.825535,17381.5998,313.601623,34518.74402
38.99,-0.000063,-0.000049,-0.012983,-0.032656,-0.0006,9.79512,17533.81745,67.087964,35023.20984
39,-0.000185,-0.000082,-0.004389,0.056653,-0.094442,9.799375,16871.97112,-171.068108,34532.39022
39.01,0.004306,0.000044,-0.000005,0.004221,0.020783,9.842389,17004.98059,-373.354273,34578.49532
39.02,0.012736,-0.000066,-0.000042,-0.019435,0.032592,9.748646,16660.5584,-124.402913,34624.9397
39.03,0.021501,-0.000016,0.000013,0.056109,0.022721,9.801401,16834.56268,3.615348,34467.97921
39.04,0.030102,0.000059,0.000199,0.055821,-0.028817,9.7231,16968.50467,150.887212,34355.58927
39.05,0.038655,0.000031,0.000029,0.02502,0.015028,9.790496,17283.77733,-227.3644,34646.7154
39.06,0.047209,0.00008,0.000084,-0.034044,0.038157,9.851212,16999.70617,69.858673,34358.08951
39.07,0.055909,-0.000001,0.000036,-0.045664,-0.04905,9.841289,16998.85628,7.089012,34539.90315
39.08,0.064395,0.000123,0.000129,-0.053988,0.09026,9.878078,17056.86977,429.07823,34587.56981
39.09,0.073092,0.000052,0.000162,-0.02863,0.149616,9.794483,16832.84073,334.304844,34713.49548
39.1,0.081626,0.000019,0.000022,-0.004219,0.037106,9.829659,16771.7403,469.656698,34559.44156
39.11,0.090266,-0.000054,0.000262,0.041747,0.068612,9.772757,17133.79752,111.145552,34504.01719
39.12,0.098734,0.000013,0.00009,-0.015836,-0.016151,9.756637,17079.05287,285.40702,34818.02035
39.13,0.107281,0.000049,0.000043,0.00871,0.07155,9.779105,17238.85556,355.200903,34545.3249
39.14,0.115807,-0.000032,-0.000016,0.011392,0.045619,9.80528,16891.30275,186.491882,34733.64398
39.15,0.124468,0.000022,0.000136,0.002929,0.144234,9.857877,17168.79131,209.171532,34552.05567
39.16,0.132752,-0.000009,-0.000017,-0.050045,0.08848,9.719299,17394.29998,509.71976,34646.56429
39.17,0.14137,0.000079,0.000072,0.099274,0.015906,9.802805,17356.87648,465.884899,34324.56186
39.18,0.149824,0.000065,0.000138,-0.077718,0.138484,9.816773,17063.42494,433.670887,34687.53612
39.19,0.15846,-0.000195,0.000079,0.029854,0.120678,9.840826,17047.81083,493.84315,34548.64455
39.2,0.166706,-0.000109,0.00006,-0.035081,0.12072,9.76549,16958.41394,420.419545,34261.96819
39.21,0.175065,-0.000227,-0.000029,-0.039098,0.268394,9.849384,17198.65222,671.522779,34508.71201
39.22,0.183549,0.000131,-0.000013,0.030776,0.102493,9.800077,17178.59166,794.136826,34127.0018
39.23,0.191855,-0.000205,0.000019,0.031106,0.133858,9.852647,17023.46681,409.165434,34865.25715
39.24,0.2003,-0.000019,-0.000076,-0.054648,0.240397,9.816142,16875.17631,1106.180708,34409.54516
39.25,0.208597,-0.00023,0.000065,-0.006418,0.260711,9.826554,16990.04348,735.016621,34175.31803
39.26,0.216846,-0.000272,0.000151,0.057424,0.359122,9.870777,17342.20215,684.892716,34462.3399
39.27,0.225322,-0.000002,0.000081,0.006368,0.205364,9.746705,16982.77111,1062.369615,34768.9248
39.28,0.233459,0.000061,-0.000041,-0.024472,0.359817,9.860438,16739.87937,1174.105082,34405.83874
39.29,0.241961,-0.000013,-0.000111,-0.019441,0.318592,9.805397,17128.82344,1209.514522,34391.65477
39.3,0.250089,0.00014,0.000028,0.009744,0.411005,9.838055,17328.36382,1352.656614,34476.79147
39.31,0.258297,-0.000051,-0.000005,-0.010851,0.278328,9.777903,17059.91663,1341.558093,34617.74806
39.32,0.266142,0.000076,0.000011,-0.148555,0.419541,9.931935,17112.92876,1446.709594,34410.3578
39.33,0.274534,-0.000131,-0.000029,0.061215,0.473105,9.907787,16705.83836,1405.171641,34543.31683
39.34,0.282702,-0.000066,0.000015,-0.052438,0.503025,9.822131,17110.45632,1563.295579,34807.04104
39.35,0.290567,-0.000014,0.000118,-0.034539,0.482711,9.82876,17280.90553,1675.656173,34667.50672
39.36,0.298678,-0.000048,-0.000056,0.012621,0.512143,9.78621,16856.81726,1987.658548,34476.57907
39.37,0.306848,-0.000086,0.000037,0.033376,0.560494,9.754169,16744.43101,2242.138073,34152.67438
39.38,0.314847,-0.000052,-0.000085,0.019493,0.595221,9.795473,17149.78043,2093.310659,34677.195
39.39,0.322559,-0.000063,0.000206,-0.058621,0.630588,9.768588,17261.26342,2277.8849,33893.38797
39.4,0.330564,-0.000051,0.000123,-0.072254,0.742357,9.792139,16866.90799,2834.826678,34615.17104
39.41,0.338527,-0.000098,0.000176,0.012519,0.742071,9.852315,16908.39395,2690.852787,34721.9647
39.42,0.346319,0.000008,-0.000156,0.051265,0.698717,9.791564,17064.57755,2676.231702,34634.94593
39.43,0.354054,0.000091,0.000027,-0.029439,0.755946,9.79711,17455.56295,2556.312122,34508.68399
39.44,0.361994,-0.000025,-0.000038,0.059919,0.749513,9.813561,16806.45619,2983.437652,34368.82386
39.45,0.369558,-0.000005,0.000124,0.019653,0.787603,9.917321,16642.88825,3120.346992,34617.69698
39.46,0.377161,0.000083,0.000002,-0.004903,0.936004,9.766276,17456.94919,3148.486654,34094.06803
39.47,0.384825,-0.000141,-0.000019,0.019333,0.958227,9.768351,16805.81207,3474.958312,34422.12704
39.48,0.392421,-0.000089,0.000012,0.001435,1.014858,9.817502,16858.77566,3308.697996,34292.58474
39.49,0.399933,-0.000009,0.000119,0.124504,1.006606,9.669501,17326.90136,3658.676286,34172.64966
39.5,0.407522,0.000059,0.000069,-0.070787,1.057573,9.704023,17158.46142,3843.165076,34262.12702
39.51,0.414866,-0.00017,0.000021,-0.070829,1.129185,9.668441,17059.94157,3571.75449,34470.5418
39.52,0.422257,-0.000191,0.000197,-0.08082,1.121266,9.805263,16795.30172,3853.89297,34317.66926
39.53,0.429532,0.000001,0.000101,0.041637,1.097024,9.778493,17017.95755,4164.602761,34336.70867
39.54,0.436993,0.000197,0.000053,-0.049885,1.212236,9.581065,17207.53862,4429.738503,34513.64566
39.55,0.444218,0.000125,-0.000019,-0.062994,1.258306,9.721545,17584.57653,4270.214149,34519.11979
39.56,0.451383,-0.000119,-0.000005,0.020625,1.088748,9.793417,16943.13952,4405.793515,34132.9156
39.57,0.458687,-0.000001,-0.000083,0.044221,1.433537,9.689823,17196.29432,4564.527597,34149.40657
39.58,0.465837,0.000167,-0.000011,0.047529,1.404442,9.701408,17041.80426,4821.449123,34603.84962
39.59,0.472867,0.000031,0.000158,0.026683,1.424661,9.739682,17082.94687,4937.883763,34201.36412
39.6,0.47984,-0.000116,-0.000038,-0.00815,1.470825,9.660289,16932.90676,5000.543738,34181.75579
39.61,0.486964,0.000049,-0.00014,-0.01988,1.524464,9.706962,17199.66019,5248.591903,34035.71417
39.62,0.493592,-0.00014,-0.000081,0.020521,1.606811,9.646329,17267.99101,5182.187192,33865.6596
39.63,0.500678,-0.000011,0.000225,-0.037334,1.526215,9.740815,17084.96184,6059.32308,34009.35987
39.64,0.507518,-0.00002,0.000156,0.098802,1.678292,9.699646,17385.76014,5820.631928,33643.49412
39.65,0.514118,-0.000154,0.000055,-0.037302,1.71578,9.730503,17390.14158,6180.275706,33906.73276
39.66,0.520974,-0.000174,0.000131,0.017483,1.688241,9.665041,16995.61207,6450.265929,34005.47604
39.67,0.527603,-0.000075,0.000067,0.001749,1.854891,9.724186,17291.57905,6533.698762,33910.8383
39.68,0.534081,-0.000023,0.000123,0.004474,1.887752,9.681168,17034.42613,6724.528697,34344.18923
39.69,0.540554,0.000062,0.000129,-0.041607,1.903645,9.537635,17131.75318,6478.70493,33948.5374
39.7,0.547166,-0.000205,-0.000113,0.015079,2.003746,9.628745,16835.30012,6927.686762,33928.0358
39.71,0.553547,-0.000083,-0.00001,0.025189,1.982496,9.557918,17004.28728,7005.76983,33709.4159
39.72,0.559758,-0.00015,0.000026,0.06723,2.107889,9.570479,17170.26667,7416.652831,33763.65106
39.73,0.56604,-0.000089,0.000094,0.03293,2.090406,9.526909,17015.443,7180.549764,33330.75476
39.74,0.572216,0.000069,-0.000145,0.020055,2.17901,9.57945,17026.87484,7832.549824,33339.30961
39.75,0.578696,-0.000151,0.000103,0.121965,2.259937,9.560446,17122.22205,7926.504154,33791.9003
39.76,0.584645,-0.000031,0.000118,0.106236,2.25488,9.531323,17263.44564,8083.697073,33910.24174
39.77,0.590581,-0.000187,0.000082,-0.021433,2.346693,9.639954,17122.74929,8024.626045,33499.07828
39.78,0.596653,-0.00008,-0.000099,-0.095091,2.471882,9.44383,17095.46168,8672.11596,33535.64397
39.79,0.602394,-0.000002,0.000078,-0.07755,2.457184,9.491132,17133.77767,8454.884791,33383.92812
39.8,0.608375,0.000019,0.000097,-0.012872,2.466423,9.514494,17186.22452,8539.046307,33528.71709
39.81,0.613862,0.000167,0.000056,-0.062483,2.61238,9.608002,17203.10445,8977.40448,33429.68439
39.82,0.619812,-0.000061,0.000038,-0.063308,2.653084,9.45541,17249.04991,9447.066011,33484.17075
39.83,0.625369,0.000109,0.000187,-0.074706,2.699495,9.482329,16950.14122,9417.982939,33025.84278
39.84,0.630978,0.000146,0.000017,0.050771,2.793189,9.386517,16719.60108,9843.110527,33223.56536
39.85,0.636459,-0.000071,0.000167,-0.00255,2.773784,9.457502,16824.92962,10050.84535,33195.59097
39.86,0.641836,0.000057,0.000205,-0.03394,2.82422,9.350401,17011.52772,9447.62649,32995.034
39.87,0.646999,0.000163,0.000081,0.089508,2.858292,9.406292,17002.16899,10515.19222,32949.21273
39.88,0.652434,-0.000201,0.000025,0.042368,2.973015,9.352686,16959.63232,10688.56901,33060.31634
39.89,0.657464,-0.000022,0.000037,-0.071768,3.081624,9.345858,17331.17825,10946.71366,32543.2255
39.9,0.662967,-0.000059,0.000148,-0.034729,3.133054,9.303357,17039.64247,11091.7747,32470.36722
39.91,0.667971,0.000154,0.00003,0.033096,3.221649,9.335547,16911.72665,11022.39986,32765.66396
39.92,0.672924,-0.000165,-0.000046,-0.001226,3.278413,9.304715,16871.11311,11642.21087,32713.0946
39.93,0.677747,-0.000032,-0.000056,0.088829,3.316945,9.213824,17320.60579,11640.2934,32656.88511
39.94,0.682576,0.000033,0.000012,-0.028687,3.36945,9.12731,16882.79271,11739.07834,32515.44628
39.95,0.687365,-0.000109,0.000176,-0.04977,3.472108,9.293951,17104.32423,12232.28276,32465.00176
39.96,0.692229,-0.000011,0.000043,0.074316,3.470297,9.229575,17145.9186,11889.84347,32595.12755
39.97,0.696834,0.000013,-0.000007,0.02263,3.539255,9.210755,16930.37396,12741.7801,32000.69425
39.98,0.701103,-0.000082,0.000249,0.051398,3.675262,9.147747,17240.09475,12953.61838,32024.42889
39.99,0.705632,0.000229,0.000053,0.05504,3.679208,9.077562,17001.86208,12756.69218,31921.92243
40,0.71005,0.000089,0.000031,-0.024558,3.804239,9.090679,17048.22689,13077.343,31698.08919
40.01,0.71441,-0.000122,-0.000058,0.055189,3.806849,9.025544,16647.43792,13343.96308,31835.61263
40.02,0.718538,-0.000009,-0.000006,0.00501,3.889225,9.00024,17385.8838,13490.47434,31454.59284
40.03,0.722578,0.000014,0.000038,0.077982,3.962957,8.851284,17061.57757,13892.54841,31910.67103
40.04,0.726798,-0.000084,-0.000148,-0.025245,4.031319,8.962765,17276.25938,14186.27172,31586.22971
40.05,0.730956,-0.000072,0.000101,0.008961,4.073158,9.002416,17080.93338,14485.78756,31665.79675
40.06,0.734848,0.000072,0.000071,-0.034481,4.188102,8.942789,16575.41834,14524.65903,31479.34155
40.07,0.738554,-0.000001,0.000135,0.055684,4.326538,8.820364,16857.45667,14513.23408,31326.10234
40.08,0.742354,-0.000069,0.000094,-0.025894,4.300815,8.860626,16865.94313,14930.22074,31151.76222
40.09,0.746003,0.000033,0.000072,0.035841,4.313381,8.78246,17338.70502,15048.26282,31137.47089
40.1,0.749677,-0.000011,0.000133,0.086426,4.447516,8.803124,17071.54904,15362.1592,30942.61687
40.11,0.753061,-0.00008,-0.000031,0.050007,4.57042,8.728654,16984.46753,15707.00544,31152.54522
40.12,0.756464,0.000019,0.000167,0.023413,4.465375,8.684533,17155.39457,16041.89884,30846.04589
40.13,0.759808,-0.000075,0.000008,0.023336,4.643492,8.630541,16714.63522,16506.09477,30582.6708
40.14,0.763185,-0.000019,0.000009,-0.061291,4.634533,8.52535,17106.83459,16296.49346,30555.35086
40.15,0.766307,-0.000147,0.000064,-0.047025,4.735372,8.618549,16991.47586,16537.98423,29966.44721
40.16,0.769323,-0.000041,-0.00005,0.080384,4.816417,8.51918,17316.91302,16771.03419,30030.44979
40.17,0.772417,0.000122,-0.000065,0.016749,4.855031,8.573313,17155.37739,17258.0443,30294.97522
40.18,0.775257,0.000029,0.000256,0.059918,4.855779,8.468399,16972.05309,17146.19322,29784.97784
40.19,0.778042,-0.000114,0.000053,0.110452,5.066383,8.433161,16912.84336,17460.25113,29527.08722
40.2,0.781006,-0.000023,0.000077,-0.149839,5.105545,8.42348,17151.62599,18018.9162,29695.79589
40.21,0.783646,-0.00022,-0.00014,-0.002098,5.177078,8.377987,16676.23895,17704.20306,29648.13779
40.22,0.786144,0.000041,-0.00007,0.034579,5.188934,8.314338,16800.04345,18471.62857,29120.50833
40.23,0.788599,-0.000025,0.000073,0.024591,5.250104,8.221236,17010.39694,19015.47525,29272.11486
40.24,0.790883,-0.000069,-0.000025,-0.05843,5.345389,8.196734,16999.90257,19138.7493,28926.39662
40.25,0.793276,-0.000049,0.000204,-0.04001,5.361665,8.230364,16951.84137,19091.11517,29131.58071
40.26,0.795557,-0.00017,0.000091,-0.103032,5.335383,8.161747,17211.36767,19552.74326,28961.56949
40.27,0.797771,-0.000004,0.000151,-0.007775,5.599794,8.092414,17333.87526,19510.84086,28495.42273
40.28,0.799694,0.000034,-0.00003,-0.071601,5.602775,8.078819,16947.91413,19663.98361,28283.10023
40.29,0.801734,-0.000152,0.000169,0.019637,5.671089,8.126986,17032.05813,19576.88245,27879.2954
40.3,0.803407,-0.000218,0.000101,-0.015801,5.737019,7.969505,17589.08166,20440.87021,28098.97912
40.31,0.805318,-0.000018,0.000092,-0.085103,5.719902,7.879109,17265.72523,20510.51217,27902.17657
40.32,0.807033,-0.000108,0.000073,-0.01495,5.782804,7.948803,16854.23258,20804.92978,27853.04835
40.33,0.80868,0.000015,0.000231,-0.004204,5.858094,7.792903,16867.28214,20938.28567,27545.14856
40.34,0.810109,-0.000023,0.000104,0.002891,5.938307,7.727278,17502.38444,20574.89066,27507.48409
40.35,0.811571,-0.000136,0.000003,-0.062088,6.031288,7.819856,16903.19145,21255.29409,26892.38767
40.36,0.813053,-0.000053,0.000108,-0.139613,6.075404,7.684214,17122.30906,21439.50975,26751.06347
40.37,0.814151,0.000011,-0.000007,-0.042193,6.268291,7.640828,17151.79603,21723.18243,26684.62646
40.38,0.81531,-0.000019,0.000058,-0.086775,6.231575,7.521875,17288.82639,21868.39534,26720.44793
40.39,0.816597,-0.000174,0.000099,0.038495,6.280664,7.589977,17300.12544,21866.01878,26551.83688
40.4,0.817599,0.000093,0.000019,-0.049689,6.360474,7.560695,17221.23706,22073.80165,26670.39672
40.41,0.818294,-0.000073,0.000081,-0.014289,6.350903,7.408478,17208.47418,22393.35004,26456.70687
40.42,0.819182,0.000003,0.000107,0.009455,6.444162,7.396147,17023.2604,22659.46363,25791.90418
40.43,0.81979,-0.00013,-0.000056,0.055588,6.480949,7.24228,17196.13532,22959.72967,25842.56141
40.44,0.820397,-0.000038,0.000081,-0.047267,6.501844,7.227263,17137.62957,23147.87385,25601.91627
40.45,0.821284,0.000019,0.000055,-0.0155,6.555682,7.21295,17035.93671,23520.61528,25484.63178
40.46,0.821636,-0.000094,0.000084,-0.006423,6.619055,7.133128,16891.54344,23512.56119,25024.18777
40.47,0.821956,0.000042,0.00009,-0.087327,6.786093,7.083464,17109.86806,24083.57981,25019.44869
40.48,0.822108,-0.00014,0.00004,0.017122,6.88312,7.074401,17382.29098,23713.32649,24860.27669
40.49,0.822267,0.000033,0.000041,-0.007423,6.885425,6.960825,17287.84697,24034.76912,24584.85868
40.5,0.822461,-0.000173,0.000141,-0.009362,7.014384,6.898228,17053.88273,24379.1932,24310.97905
40.51,0.822334,-0.000168,-0.00007,-0.013297,6.995297,6.8875,17804.16143,24335.94628,24283.87104
40.52,0.822264,0.000072,0.000117,0.028695,6.982457,6.78649,16920.86567,24864.50891,24029.46404
40.53,0.822035,-0.000021,0.000044,-0.01284,7.109688,6.784487,17132.09601,24951.21193,23831.65037
40.54,0.821729,-0.000117,-0.000129,0.01202,7.154181,6.649243,17003.22018,25215.04596,23548.54803
40.55,0.821431,-0.000266,-0.000018,-0.065306,7.146845,6.676439,17074.98924,25665.29929,23581.30422
40.56,0.820974,-0.0001,-0.00002,0.068849,7.217822,6.507115,16678.83829,25532.82668,22895.16088
40.57,0.82062,-0.00006,0.000075,-0.027042,7.324018,6.488792,17358.81276,25706.22352,23385.05179
40.58,0.819954,0.000052,0.000114,-0.020672,7.39907,6.473134,17064.92323,25812.19002,22964.92152
40.59,0.819116,-0.000127,-0.000016,-0.031735,7.354931,6.387171,16562.33878,26384.25215,22740.99179
40.6,0.818313,-0.000028,0.000046,0.043724,7.387625,6.409097,17064.5393,26070.17944,22107.42367
40.61,0.817553,-0.000038,0.000214,-0.000641,7.597073,6.239829,17044.09934,26122.26727,22106.1793
40.62,0.816557,-0.000072,0.00013,-0.048386,7.507481,6.222057,17201.61508,26469.72432,21676.63186
40.63,0.815128,0.000094,0.00009,-0.002797,7.613912,6.152962,17335.15151,26856.09512,21609.4117
40.64,0.814252,-0.000179,0.000279,0.012957,7.63505,6.132101,17128.91224,26762.28321,21458.09882
40.65,0.812935,-0.000041,0.000154,-0.087052,7.700196,6.040606,17152.54887,27524.82493,21353.67366
40.66,0.811594,-0.000105,0.000112,-0.021984,7.78022,5.883105,16768.98848,27610.59171,20853.91871
40.67,0.810084,0.000038,0.000066,-0.024571,7.81745,5.827277,17040.01161,27763.8205,20960.72309
40.68,0.80875,-0.000137,0.000165,0.018547,7.80603,5.792304,16950.39338,27453.89137,20791.55204
40.69,0.807062,0.000148,-0.000005,-0.073862,7.923244,5.730838,17096.56283,27968.16782,20454.08778
40.7,0.805499,0.000034,0.000124,0.01917,8.001058,5.687794,17089.68999,28423.13177,20142.30107
40.71,0.803478,0.000021,0.000113,0.016571,8.092393,5.558963,17301.8412,28387.28701,19764.78476
40.72,0.80159,-0.000132,-0.000015,-0.094819,8.13769,5.533082,17136.73503,28351.08047,19656.07561
40.73,0.799827,-0.000015,0.000137,0.131665,8.138111,5.39882,17199.49903,28551.64639,19276.76174
40.74,0.797668,-0.000018,0.000073,0.03377,8.133085,5.452933,17347.15302,28656.87375,19526.98317
40.75,0.795464,0.00008,0.000069,0.032448,8.153414,5.367497,17148.17434,29031.77209,18998.01701
40.76,0.793292,-0.000152,0.000081,-0.001719,8.141083,5.303988,16826.41832,28997.45305,18754.14659
40.77,0.790895,-0.000073,0.000146,0.004159,8.269507,5.260058,17025.47858,28788.37858,18594.97524
40.78,0.788455,-0.000047,0.00011,-0.008353,8.212909,5.144352,16994.00371,29187.46905,18451.8375
40.79,0.786166,-0.000075,0.000082,-0.10434,8.365937,5.170294,17250.46198,29277.2392,17912.34828
40.8,0.783513,-0.000129,-0.000137,-0.000177,8.290491,5.038676,17187.81726,29708.04506,17951.57341
40.81,0.780654,0.000025,0.000063,0.031778,8.453671,5.029513,17057.22628,30050.68583,17631.10806
40.82,0.777959,-0.000086,0.000018,0.033422,8.41621,4.938476,16994.66682,29656.06216,17528.7081
40.83,0.775215,-0.000031,0.00025,0.008412,8.457427,4.832216,16997.1657,30080.91623,17317.67014
40.84,0.772259,-0.000016,-0.000015,-0.012647,8.641011,4.847179,17012.1324,30306.32803,17138.16649
40.85,0.769271,-0.000107,0.000033,-0.005046,8.585016,4.650953,17076.37986,30056.39816,16397.271
40.86,0.766191,0.000002,0.000073,-0.004035,8.668028,4.644024,16875.93002,30186.07726,16359.69463
40.87,0.76299,0.000142,-0.000051,0.020781,8.722209,4.583237,17193.64417,30560.4805,16146.53914
40.88,0.759847,0.000165,-0.00001,-0.08142,8.683887,4.525009,17266.83382,30602.13901,16360.66642
40.89,0.756596,0.000098,0.000084,0.128079,8.718519,4.461139,17033.33112,30835.12348,15566.87934
40.9,0.752893,0.000098,0.000062,0.044524,8.719755,4.384061,17195.57151,30974.27329,15603.94665
40.91,0.749506,0.000085,-0.000011,-0.013113,8.780016,4.353381,17189.91142,31273.75686,15549.71663
40.92,0.746064,-0.000078,0.000101,0.002544,8.7056,4.324261,17024.29338,30915.28401,14995.19929
40.93,0.742206,-0.000064,-0.000028,-0.028119,8.887116,4.207745,17040.33497,31441.11529,14632.97704
40.94,0.73849,-0.000012,0.000038,0.024419,8.949111,4.128648,16904.94291,31394.36705,14477.4577
40.95,0.734741,0.000086,0.000043,-0.02723,8.933207,4.068023,17031.75223,31288.99992,14656.46976
40.96,0.730648,-0.000054,0.000061,0.083136,8.932934,3.978957,17122.83845,31372.47977,14261.20768
40.97,0.726914,0.000063,0.000138,0.093487,8.939438,3.981837,17177.62628,31827.79763,13874.75095
40.98,0.722733,0.000029,-0.000075,-0.034039,9.034621,3.956976,17115.63297,31549.69632,13780.29621
40.99,0.71872,0.00001,0.000099,0.064517,9.01033,3.842007,16841.92833,31875.23911,13673.19757
41,0.714343,-0.000024,-0.000006,0.05586,9.063903,3.842241,17262.33438,31625.79455,13243.62713
41.01,0.710121,-0.000147,0.00014,0.074571,9.169427,3.687555,17105.98879,32020.80128,13111.21305
41.02,0.705734,0.000152,0.00005,0.017579,9.050855,3.578305,17388.70909,32220.54957,13032.59187
41.03,0.701216,-0.000012,0.000057,0.02666,9.100567,3.560498,16876.54923,32425.03819,12786.0767
41.04,0.696676,-0.000127,-0.000045,-0.055074,9.126082,3.434389,16897.83291,32177.60445,11987.45454
41.05,0.69202,-0.000055,-0.000052,0.013205,9.148557,3.438146,17066.36427,32416.43916,12455.5516
41.06,0.687277,-0.000054,0.00012,0.027408,9.190656,3.369133,16956.0697,32347.21871,11825.72388
41.07,0.682597,0.000032,0.00014,0.112359,9.258717,3.384467,17289.72808,32510.03864,11653.05896
41.08,0.677841,-0.000066,0.000018,0.072991,9.297183,3.269263,16892.72443,32718.00416,11362.58936
41.09,0.672691,-0.00009,0.000095,-0.081996,9.299866,3.131208,16947.90727,32642.59259,11159.46063
41.1,0.667771,0.000092,0.000181,-0.068037,9.293069,3.175441,17102.49507,32922.82694,11231.10395
41.11,0.662773,0.000053,-0.000073,0.028186,9.353215,3.095855,17541.8381,32879.24411,10901.42314
41.12,0.657577,-0.000062,0.000054,0.037455,9.284652,2.941143,17342.92976,32767.1174,10595.06529
41.13,0.652447,-0.000106,0.000229,0.003001,9.408278,2.93272,17113.71544,33359.70257,10509.94431
41.14,0.647211,-0.000003,0.000114,-0.038565,9.348287,2.850254,16888.59224,32604.4396,10180.54922
41.15,0.64185,-0.000049,0.000004,-0.033829,9.339235,2.893625,16828.60696,32916.6071,9684.585064
41.16,0.636269,0.000104,-0.000028,0.007854,9.329009,2.763069,17039.51139,33038.69351,10043.09228
41.17,0.630776,-0.000101,-0.000089,0.024913,9.470445,2.643495,17053.06041,33374.57095,9133.906116
41.18,0.625543,0.000004,0.000179,-0.094125,9.559327,2.570761,17307.36424,33081.88711,9281.247612
41.19,0.619867,0.000022,0.000105,-0.071938,9.470061,2.632037,17044.04319,33521.63074,9013.912697
41.2,0.613978,-0.000036,0,0.048258,9.435515,2.519705,17220.77489,33367.43451,8936.16053
41.21,0.608283,-0.000091,0.000166,-0.038452,9.491553,2.426727,17365.99482,33788.35285,8544.011554
41.22,0.602517,-0.000038,-0.000095,0.123376,9.565747,2.393896,17104.98315,33583.71699,8406.625931
41.23,0.596614,0.00005,0.000048,-0.008598,9.589836,2.312029,17479.91693,33459.64816,8246.721348
41.24,0.59048,0.00001,0.000147,-0.014832,9.510902,2.291651,17157.07369,33764.56896,7917.549683
41.25,0.584395,0.000022,-0.000108,0.083518,9.515119,2.172236,16845.80963,33675.15506,8069.853669
41.26,0.578483,0.000127,0.000062,-0.058268,9.52888,2.109589,16881.14006,33631.90362,7522.455442
41.27,0.572365,-0.000057,0.000053,-0.06409,9.530074,2.149267,16893.81024,33709.50181,7270.428134
41.28,0.566315,0.00009,0.000026,0.010772,9.566228,2.08858,17090.98648,33941.98854,7305.72675
41.29,0.559794,-0.000027,0.000249,0.000108,9.589892,1.971849,17244.38484,33945.63747,7037.804871
41.3,0.553507,0.00007,0.000021,0.037984,9.604947,1.952605,16960.71753,33878.76331,6868.945614
41.31,0.546974,0.000089,0.000047,-0.020297,9.624494,1.905878,16976.55277,33625.22128,7048.5836
41.32,0.540557,-0.00009,-0.000006,-0.063587,9.597194,1.798678,17241.93373,34417.42465,6581.849995
41.33,0.534053,-0.000166,0.00016,-0.148645,9.571776,1.935305,17198.97836,34083.35436,5911.683099
41.34,0.527563,0.000058,0.000023,-0.091037,9.640783,1.793634,17009.08646,34270.20836,6251.224831
41.35,0.520923,-0.000014,0.000158,-0.011044,9.649755,1.654316,17266.29221,34082.06305,6111.299643
41.36,0.514272,0.000003,-0.000004,-0.038729,9.627979,1.596982,17016.92921,33972.25686,5533.30685
41.37,0.507343,-0.0001,-0.000003,-0.009917,9.703852,1.652297,16748.03659,34313.30612,5532.575012
41.38,0.500596,-0.000139,0.000201,0.08383,9.710242,1.723116,16964.61359,34205.08193,5662.981018
41.39,0.493808,-0.000208,-0.000043,0.007422,9.633277,1.439029,17134.06355,34272.5494,5417.389512
41.4,0.48675,-0.000008,0.000148,0.011951,9.738957,1.511926,16920.43306,34578.26151,5368.373369
41.41,0.479814,0.000026,0.000029,0.001181,9.770754,1.421698,16899.00839,34078.34038,4758.653391
41.42,0.472983,0.000092,0.000081,-0.019738,9.702697,1.37761,17152.49175,34123.47067,4408.003273
41.43,0.465872,-0.000029,0.000021,0.03112,9.655506,1.274743,17456.41898,34363.28936,4680.254948
41.44,0.458582,0,0.000047,0.058894,9.704851,1.342609,17304.78142,34239.47288,4674.302454
41.45,0.451477,-0.000035,0.000037,0.032871,9.744586,1.300395,16956.66339,34469.1299,4124.843497
41.46,0.444196,-0.000075,0.000155,-0.00726,9.76783,1.237743,17476.37967,34372.4562,4364.983716
41.47,0.436995,0.000095,-0.000049,0.053578,9.692045,1.152757,17257.01219,34314.13678,4063.195038
41.48,0.429576,-0.000017,0.000122,0.076876,9.781207,1.181372,16986.34109,34296.29122,3957.239227
41.49,0.422271,0.000027,0.000136,0.078829,9.720307,1.070641,17172.17645,34260.89938,3644.723229
41.5,0.415011,-0.000039,0.000049,0.074351,9.781576,0.987134,17260.67807,34046.69826,3975.271231
41.51,0.407311,-0.000027,0.000078,0.024102,9.778988,0.965108,16984.81645,34445.02502,3682.478922
41.52,0.400078,-0.000141,-0.000021,-0.018102,9.808803,0.9884,17525.58759,34267.76215,3059.727811
41.53,0.392317,0.000051,-0.00017,-0.054137,9.719918,0.898538,16995.86133,34041.71173,2966.611777
41.54,0.38472,0.000153,0.000112,0.001831,9.765537,0.834247,16694.76876,34527.53201,3054.04308
41.55,0.377065,-0.000034,0.000128,0.017068,9.670149,0.796349,17059.33252,34551.86588,3039.677609
41.56,0.369557,-0.000048,-0.000016,0.001654,9.774712,0.79709,16810.3984,34563.7707,2709.113393
41.57,0.361868,-0.000029,0.000125,0.018246,9.786636,0.751271,16826.9616,34361.92309,2450.988849
41.58,0.354075,-0.00007,0.000181,0.080634,9.775197,0.86441,16914.98138,34113.21776,2424.261105
41.59,0.346203,0.000009,-0.000002,-0.084013,9.827536,0.635105,17031.87478,34356.18449,2617.230403
41.6,0.338396,-0.000051,-0.000005,-0.085713,9.735539,0.518717,16990.21492,34376.39634,2500.09342
41.61,0.330569,0.000087,0.000218,-0.026241,9.781998,0.581585,17207.79304,34517.60489,2201.798501
41.62,0.32277,-0.000044,0.000182,-0.023841,9.811496,0.569212,16923.65243,34197.12457,2171.033459
41.63,0.31474,0.00013,-0.000057,0.046841,9.753387,0.664349,17280.25101,34713.25336,2454.951825
41.64,0.30686,-0.000081,0.000156,-0.001514,9.724717,0.576479,17089.73779,34542.288,1936.236997
41.65,0.29868,0.000052,0.000029,0.011827,9.7184,0.609776,17159.35464,34256.64823,1651.66212
41.66,0.290515,-0.000114,0.000032,-0.022278,9.824281,0.619423,17092.17208,34400.36991,1860.768448
41.67,0.28261,-0.000226,-0.000052,-0.034571,9.760494,0.478634,16836.2878,34825.27955,1330.99131
41.68,0.27444,-0.000047,0.000073,-0.120305,9.853491,0.384368,17054.96584,34138.62244,1560.994799
41.69,0.266298,-0.000162,0.00008,0.072666,9.861818,0.34576,17195.18715,34549.40282,1216.128634
41.7,0.258179,0.000049,0.000007,-0.066418,9.864322,0.314964,17263.67407,34462.20746,1108.522832
41.71,0.250073,-0.000107,0.000077,0.001822,9.825503,0.397159,17142.03193,34634.34159,1441.631098
41.72,0.241806,0.000011,-0.000028,0.003038,9.761831,0.371914,17061.19874,34390.77475,1094.651169
41.73,0.233542,-0.000103,0.00004,0.02468,9.859311,0.253831,16867.21897,34615.94684,970.541874
41.74,0.225337,0.000234,0.000057,0.079902,9.830895,0.268503,17023.78023,34553.0589,1117.536138
41.75,0.217049,-0.000019,0.000153,0.032121,9.800127,0.169342,17332.12885,34635.41985,696.351988
41.76,0.208708,0.000063,0.000085,-0.032582,9.822582,0.256966,17317.60806,34957.24227,875.716507
41.77,0.200536,0.000092,-0.000096,0.01215,9.766555,0.169916,17047.28859,34302.567,714.966683
41.78,0.191987,-0.000022,-0.00014,-0.021773,9.814899,0.198135,16857.00875,34761.12192,369.033534
41.79,0.1835,-0.000069,-0.000011,0.017388,9.771143,0.155686,16957.5467,34647.67165,422.874141
41.8,0.175182,-0.000186,0.000119,-0.031019,9.791139,0.137461,16913.101,34853.41332,186.889914
41.81,0.166814,0.000003,0.000025,-0.003294,9.782461,0.219543,16951.63268,34947.25377,696.248269
41.82,0.158304,-0.000069,0.000154,-0.036515,9.758281,0.157615,16767.94812,34387.24366,162.819531
41.83,0.149887,0.000147,0.000022,0.083773,9.798485,0.060142,17181.9165,34404.46059,315.287753
41.84,0.141494,-0.000079,0.000039,0.038385,9.753202,0.104431,16830.15911,34714.09134,-204.802271
41.85,0.132783,0.000018,0.000049,-0.014182,9.746567,0.135579,16736.4978,34619.13481,48.984367
41.86,0.124422,0.000102,0.000049,0.016749,9.798674,0.09623,17285.75115,34508.42612,450.027806
41.87,0.11588,0.000051,0.000049,-0.060349,9.79114,0.087116,17075.38546,34572.58544,201.074132
41.88,0.107266,0.000003,0.000098,0.034929,9.712831,0.083356,17145.1563,34206.7938,-93.526536
41.89,0.098838,0.000045,-0.000004,-0.054451,9.698935,0.091198,17203.72386,34753.25379,187.038052
41.9,0.090253,0.00008,0.000014,0.054866,9.753981,0.082443,16859.38837,34458.27382,312.544652
41.91,0.08168,-0.000082,0.000069,0.002349,9.846894,0.129406,17169.31776,34317.14456,394.393531
41.92,0.073225,-0.000013,-0.00003,0.062191,9.815357,-0.031919,16739.76883,34401.0531,-335.430745
41.93,0.064521,-0.000009,0.000152,-0.036972,9.790608,-0.011252,17127.19615,34946.96205,38.24403
41.94,0.055781,-0.000108,0.000047,0.017978,9.837657,0.108765,16986.76878,34459.56224,6.451599
41.95,0.04717,0.000071,-0.000123,0.058663,9.741911,0.136772,17164.62021,34675.82006,61.99974
41.96,0.038632,-0.000157,-0.000003,-0.00062,9.785996,-0.083573,17336.15532,34207.09719,-48.462102
41.97,0.030169,0.000025,0.000135,0.006892,9.924716,0.003737,17110.47494,34499.92881,329.449366
41.98,0.021544,-0.000206,0.000081,0.028553,9.829624,0.055595,17067.59506,34300.47706,-26.871383
41.99,0.012718,-0.000072,0.00002,-0.036523,9.766927,0.034364,17262.68206,34853.28836,25.874296
42,0.00422,0.000015,-0.000017,0.050146,9.774392,0.021584,17233.97528,34601.93768,-33.614881
42.01,-0.004194,0.000024,0.000158,0.052233,9.827406,-0.020089,16699.06839,34691.20616,-212.529286
42.02,-0.012891,0.00005,0.000051,0.109046,9.88354,0.035751,17213.60906,34655.65104,20.91205
42.03,-0.021397,-0.00012,0.000095,-0.006273,9.743962,-0.017811,17379.72155,34582.36942,261.915157
42.04,-0.030176,-0.000048,0.000082,0.003234,9.759054,0.060853,16936.56925,34522.4323,502.124825
42.05,-0.038848,0.000048,0.000123,-0.062612,9.892537,-0.008828,17240.00511,34281.42703,181.218703
42.06,-0.047374,0.000037,-0.000037,-0.038997,9.793931,0.04204,17035.05739,34708.64391,-201.770526
42.07,-0.056137,-0.000079,0.000034,0.054633,9.752182,0.055015,17209.08208,34615.64347,89.794327
42.08,-0.06435,-0.000048,0.000145,-0.022301,9.739354,-0.031572,16881.3539,34525.10365,373.385329
42.09,-0.073077,0.000157,0.000065,0.062275,9.73808,0.002151,17348.40329,34410.46423,104.747564
42.1,-0.081668,-0.000045,-0.000021,0.002024,9.884631,-0.067189,17360.95915,34737.23592,31.083665
42.11,-0.090379,-0.000096,0.000179,0.007582,9.815702,-0.034629,17269.62284,34529.28526,166.605697
42.12,-0.098822,-0.000041,0.000056,-0.023215,9.790003,0.089032,16924.93285,34671.3297,300.840816
42.13,-0.107441,-0.000031,0.000051,-0.016891,9.778832,0.081206,17256.43857,34641.05834,216.975456
42.14,-0.115868,0.000052,-0.000089,0.054863,9.738816,0.084459,16907.69045,34402.61901,379.017649
42.15,-0.124425,0.000092,-0.000035,-0.012458,9.803213,0.141546,16988.8847,34621.70206,28.936435
42.16,-0.132974,-0.000013,0.000151,-0.031975,9.729179,0.095643,17069.61915,34537.79645,285.68599
42.17,-0.141392,-0.000047,0.000098,-0.06706,9.889726,0.191939,16995.40675,34392.71233,101.488624
42.18,-0.14983,0.000006,0.000217,-0.056292,9.805366,0.05146,17429.35465,34491.40438,599.945161
42.19,-0.158344,-0.00012,-0.000014,-0.010381,9.780618,0.248598,17441.31123,34499.16167,687.801192
42.2,-0.166835,-0.000046,0.000109,0.024041,9.817012,0.225129,17475.49469,34724.36373,531.881724
42.21,-0.175217,0.000122,0.000125,-0.021424,9.839961,0.14943,16914.42025,34490.4619,873.743577
42.22,-0.183524,-0.000094,0.000017,-0.031387,9.904355,0.057591,17710.30581,34393.72751,705.640866
42.23,-0.191979,-0.00002,0.00011,0.030703,9.765505,0.269843,17336.70004,34447.34915,1049.466337
42.24,-0.200381,-0.000082,0.000204,-0.040213,9.812214,0.171644,17349.79685,34470.08854,932.332288
42.25,-0.208645,-0.000163,0.000001,0.055857,9.764862,0.186936,17253.90446,34283.12673,863.815523
42.26,-0.217062,0.000032,0.000049,-0.167285,9.707718,0.319502,16945.51718,34345.08071,1237.483265
42.27,-0.225478,0.000045,0.000037,-0.067072,9.732719,0.305198,17012.08292,34514.40809,1198.866687
42.28,-0.233525,-0.000001,0.000143,-0.010294,9.806733,0.311466,17264.52068,34522.93099,1180.63548
42.29,-0.241802,0.00005,0.000011,0.093378,9.739354,0.315344,17308.12522,34492.44614,1361.574126
42.3,-0.250004,-0.000009,-0.000054,-0.015177,9.826764,0.452214,17047.94973,34642.20953,1375.111761
42.31,-0.258319,-0.000056,0.000096,0.000132,9.83951,0.422047,17310.3096,34555.99036,1435.439946
42.32,-0.266388,-0.000124,0.000119,0.153109,9.762697,0.499111,16815.14277,34188.68675,1909.555568
42.33,-0.274587,-0.000119,0.000128,-0.002634,9.808593,0.489802,17279.4045,34194.57338,1938.144235
42.34,-0.282751,-0.000131,0.000121,0.064161,9.759681,0.474738,16839.72574,34552.09501,1921.77023
42.35,-0.290679,-0.000084,0.000148,-0.049916,9.65284,0.620324,17465.93342,34846.164,1870.740605
42.36,-0.298711,-0.000072,0.00023,0.007068,9.788259,0.49691,17069.73968,34430.54996,1726.149814
42.37,-0.306811,-0.000007,-0.000152,-0.013783,9.808705,0.632924,16921.76548,34222.01974,2105.355954
42.38,-0.314725,-0.00008,0.000094,0.013913,9.794935,0.544139,17082.31519,34292.49392,2416.249111
42.39,-0.322869,0.000074,0.000183,-0.033467,9.786226,0.534309,16640.34307,34531.78949,2201.392545
42.4,-0.33046,-0.000284,0.000107,-0.028111,9.785169,0.747178,16974.43594,34029.35644,2440.939657
42.41,-0.338462,-0.000289,-0.000008,-0.091198,9.710458,0.738208,17175.34782,34279.28873,2670.34477
42.42,-0.346331,0.000098,-0.000016,-0.128546,9.894421,0.741855,17002.6555,34584.33309,2484.826588
42.43,-0.354098,-0.000031,0.000088,0.045604,9.806758,0.678281,17003.26434,34385.23658,2785.635712
42.44,-0.361905,0.000052,0.000141,0.029544,9.723411,0.789852,17021.20602,34727.59098,2883.975974
42.45,-0.369703,0.000072,-0.000008,-0.00105,9.781395,0.878092,16987.73654,34231.63156,2625.979042
42.46,-0.377282,0.000073,0.000066,0.000708,9.825504,0.890095,17351.03926,34748.58439,3179.06003
42.47,-0.384841,0.000044,0.000109,-0.029916,9.78679,0.889265,17127.29686,34212.45689,3337.335935
42.48,-0.392528,-0.000108,0.000117,0.040704,9.740356,0.932376,17008.67176,34530.02698,3234.400138
42.49,-0.399962,0.000006,0.000041,0.04939,9.66186,1.012997,17616.52621,34449.75796,3426.978627
42.5,-0.407457,-0.000027,-0.000062,-0.027191,9.788104,1.061098,17242.05577,34266.89143,3440.515128
42.51,-0.414966,0.000019,0.000125,-0.050234,9.771523,1.152779,17075.84679,34266.97645,4021.717578
42.52,-0.422481,-0.00009,0.000087,-0.021443,9.782434,1.235204,17330.0775,34598.6293,4034.980275
42.53,-0.429809,-0.00003,0.00014,-0.09995,9.726673,1.24813,17484.50801,34585.91641,4234.703753
42.54,-0.437056,0.000135,0.000084,-0.009429,9.725754,1.14109,17335.56165,34428.88772,4462.117678
42.55,-0.444213,0.000069,0.00028,-0.143049,9.766585,1.271327,16834.25835,34173.42654,4852.703984
42.56,-0.451583,-0.000031,0.000173,0.065091,9.751536,1.229598,17047.82178,34142.46451,4484.118718
42.57,-0.458803,-0.000063,0.000081,-0.100668,9.728619,1.40179,17079.73279,34369.59225,4759.194604
42.58,-0.465848,-0.000144,0.000082,0.019719,9.737163,1.461959,16820.95513,34410.7012,5145.905405
42.59,-0.47298,-0.000024,0.000076,-0.027563,9.693638,1.466638,17391.19221,34389.82551,5245.408489
42.6,-0.47999,0.000071,0.000103,-0.023366,9.657489,1.442129,17117.87498,34132.28274,5180.8403
42.61,-0.486957,-0.000015,0.000151,0.032698,9.648732,1.493289,16867.38471,34037.43323,5269.770609
42.62,-0.493787,0.000089,0.000049,0.01358,9.635923,1.530172,17143.25561,34118.01933,5718.266781
42.63,-0.500703,0.000154,0.000058,0.008564,9.685275,1.567116,17231.1452,33907.53843,5578.469407
42.64,-0.507374,0.000053,0.000025,-0.030714,9.711607,1.632151,16740.85775,34252.86952,6011.971649
42.65,-0.514391,0.000035,0.000001,-0.003321,9.648739,1.671837,17261.75724,33988.63883,5836.238457
42.66,-0.521024,-0.00017,0.000165,0.034496,9.631862,1.666541,16999.33574,34143.78951,6329.882701
42.67,-0.52759,-0.000018,0.000097,0.082029,9.624228,1.814119,17310.44771,33886.97374,6521.418166
42.68,-0.534156,-0.000012,0.000107,0.013606,9.604801,1.80191,17481.50284,33541.01193,6487.080746
42.69,-0.540721,-0.000243,0.000127,-0.050756,9.585839,1.944787,17085.90393,34026.86745,6635.297183
42.7,-0.54712,-0.000018,0.0002,-0.019271,9.630323,1.842256,17287.06246,33573.2713,7012.697094
42.71,-0.553679,-0.00027,0.000192,-0.054139,9.600085,1.957557,17104.04157,33611.86934,7163.992589
42.72,-0.559862,-0.000162,0.000027,0.034773,9.572046,2.053692,17317.1477,33707.79842,7112.294358
42.73,-0.566122,-0.000125,0.000111,-0.05485,9.561456,2.046725,17123.26866,33627.77663,7411.644104
42.74,-0.572209,0.000101,0.00006,0.043732,9.57438,2.161772,17365.9383,33801.25161,7883.430608
42.75,-0.578518,-0.000102,0.000074,-0.059067,9.567898,2.189392,16653.78099,33431.94589,7698.39615
42.76,-0.584665,-0.000106,-0.000054,0.049014,9.567232,2.251997,16977.50998,33437.77885,8083.501692
42.77,-0.590495,-0.000012,-0.000026,-0.01408,9.60939,2.377015,17263.63548,33817.59606,8240.13902
42.78,-0.59666,0.000109,0.000203,0.046713,9.477657,2.440943,17082.1632,33848.48894,8211.096881
42.79,-0.602572,-0.000003,0.00014,-0.069681,9.523226,2.507897,17228.45017,33540.47585,8818.82982
42.8,-0.608379,-0.000121,-0.000022,-0.014819,9.497496,2.497579,17170.70846,33406.92282,9099.80777
42.81,-0.614111,-0.000087,-0.00005,-0.017447,9.471697,2.597229,17028.96685,33403.81798,8746.361128
42.82,-0.619828,0.000061,0.000122,0.004612,9.466953,2.581786,17311.59326,33307.01039,8938.756241
42.83,-0.625455,0.000146,-0.000005,-0.077904,9.449091,2.570055,17325.29982,33105.64218,9603.861632
42.84,-0.631001,-0.000138,0.00013,-0.087566,9.340488,2.789873,17144.03397,33134.43537,9921.326176
42.85,-0.636495,-0.000166,-0.000009,0.030044,9.547583,2.796435,16870.5629,33142.95022,10341.50926
42.86,-0.641749,0.000043,0.000072,-0.0206,9.366673,2.801492,17203.35954,33120.61399,9859.20248
42.87,-0.64718,-0.000158,-0.000009,0.047385,9.307757,2.892019,17059.37916,32960.70196,10325.63183
42.88,-0.652648,-0.000092,0.000029,0.006098,9.308662,3.018828,17039.74359,32880.67191,10488.15369
42.89,-0.657695,0.000067,0.000147,0.033964,9.354532,3.053625,16845.08332,32689.96681,10757.80559
42.9,-0.662644,-0.000063,0.00006,-0.047309,9.293614,3.060459,16975.23909,32823.22566,11209.65853
42.91,-0.667895,-0.000092,0.000037,-0.080998,9.192961,3.229277,17065.0142,32519.42528,10954.6313
42.92,-0.672893,-0.000097,0.000103,-0.074969,9.310033,3.237106,17352.54438,32535.12405,11222.65708
42.93,-0.677737,-0.000117,-0.000136,-0.021696,9.232196,3.384925,17038.25815,32544.74021,11710.35047
42.94,-0.682677,-0.000111,0.000077,-0.07634,9.229463,3.342034,16792.08834,32486.9898,11862.23097
42.95,-0.68749,0.000006,0.00016,-0.057622,9.076502,3.379983,17002.81349,32404.98896,12002.96156
42.96,-0.692071,-0.000052,-0.00004,-0.053232,9.160034,3.536857,17440.85613,32429.7653,12480.12083
42.97,-0.696972,-0.000209,-0.000008,0.016873,9.12128,3.644101,17053.42665,32432.9434,12560.25862
42.98,-0.701287,-0.00008,0.000009,-0.035041,9.111876,3.603985,16834.42207,31838.52389,12699.83496
42.99,-0.705897,-0.000165,-0.000089,0.030624,9.108486,3.68478,17073.06459,32025.61601,13131.72316
43,-0.710089,-0.000194,0.000118,0.028362,9.072574,3.716764,17071.48225,31871.65093,13274.19148
43.01,-0.714529,0.000023,0.000079,0.045654,9.005867,3.782964,16839.21325,31926.56415,13498.25588
43.02,-0.718614,0.000078,-0.000011,0.034294,8.979031,3.882033,17110.91055,31833.60897,13250.26034
43.03,-0.722913,-0.000064,-0.000011,0.128457,9.020068,3.919265,16706.64948,31258.62864,14163.77538
43.04,-0.726843,-0.000036,0.000056,-0.02897,8.997199,4.029198,16893.78369,31508.67319,14463.88671
43.05,-0.730855,-0.000068,0.00015,-0.048141,8.951238,3.995089,16713.04564,31186.69042,14341.68739
43.06,-0.734961,-0.000007,0.000098,0.06436,8.952052,4.225622,17171.97862,31539.51937,14389.24791
43.07,-0.738698,-0.000088,0.000133,-0.066999,8.888528,4.30846,17185.00889,30969.74139,14771.71645
43.08,-0.742408,-0.000195,-0.000063,0.021136,8.817191,4.341225,16990.03865,30994.05602,15238.70961
43.09,-0.74596,-0.000105,0.000168,-0.072767,8.789477,4.361834,17176.28022,30668.45956,15373.21805
43.1,-0.749514,-0.000046,0.000101,-0.023809,8.764369,4.452136,17282.16516,30760.15709,15466.14674
43.11,-0.753208,-0.000064,-0.000007,0.041268,8.725124,4.410748,17274.77783,30608.80882,16020.35184
43.12,-0.756506,-0.00014,0.000042,-0.077752,8.64749,4.510547,16915.37293,30581.42193,15867.44234
43.13,-0.75989,0.000016,-0.000131,-0.03924,8.801485,4.592986,17096.79042,30516.51812,15940.6935
43.14,-0.763304,-0.000105,0.000034,-0.007691,8.655583,4.603148,17079.76544,30399.10207,16338.82794
43.15,-0.766308,-0.000012,0.000228,-0.030268,8.617473,4.698922,16906.90717,30294.11374,16693.10976
43.16,-0.76935,0.000022,0.000011,0.049989,8.518581,4.812567,16741.69391,30208.0052,17251.59086
43.17,-0.772341,0.000031,0.000111,0.07264,8.568984,4.874067,17096.70365,30053.71824,16851.97667
43.18,-0.775336,0.000025,0.000185,0.00657,8.512675,4.912342,17219.34701,29915.8253,17409.05461
43.19,-0.778228,-0.000217,0.000124,-0.05533,8.487212,5.056156,16980.27865,29894.56625,17744.85041
43.2,-0.780842,-0.00005,0.000014,0.01383,8.386425,5.007858,17224.2781,29419.39385,18083.65504
43.21,-0.783329,-0.00007,-0.000053,-0.031565,8.340595,5.143695,17205.67097,29824.59597,17856.24194
43.22,-0.786185,0.000014,-0.000001,0.042109,8.320351,5.215915,17086.80366,29271.05392,18424.80538
43.23,-0.788666,-0.000003,0.000015,-0.064944,8.28238,5.319901,17179.9245,29070.70231,18528.5794
43.24,-0.791025,-0.000034,-0.00004,-0.034211,8.139476,5.360768,16728.91091,29231.56261,18762.32316
43.25,-0.793346,-0.000131,0.000133,0.074534,8.228335,5.367221,17031.16697,28816.8669,18947.99419
43.26,-0.795662,-0.000051,-0.000105,0.029724,8.043971,5.460334,17140.58004,28625.5728,19186.22685
43.27,-0.797762,-0.000138,0.000181,-0.03779,8.16126,5.471808,16805.18233,28625.79392,19611.41956
43.28,-0.799788,0.000015,-0.0001,0.102036,8.181108,5.683816,17067.19005,28257.92311,19678.75624
43.29,-0.801852,-0.000045,-0.000066,0.049298,7.978576,5.636077,17326.30004,28166.16105,19807.21447
43.3,-0.803524,-0.000065,0.000065,0.048718,7.98908,5.683244,17092.07382,28259.09294,20226.75064
43.31,-0.805388,-0.000044,0.000119,-0.011835,7.882401,5.798604,17064.44596,27725.52037,20533.4685
43.32,-0.807175,0.000001,0.000155,-0.003781,7.940913,5.878841,17163.43502,27391.11478,20909.25871
43.33,-0.808712,-0.00002,0.000023,-0.018278,7.898381,5.791031,17303.30458,27731.71225,20939.55776
43.34,-0.810251,0.000028,0.00003,-0.072343,7.75092,5.996115,16961.26825,27614.89599,21248.31237
43.35,-0.811837,-0.000017,0.000039,0.094612,7.772176,6.047137,17370.90626,27179.10454,21154.50477
43.36,-0.812999,-0.000027,0.000187,-0.000809,7.593953,6.065166,17487.7636,27111.32076,21141.30544
43.37,-0.814401,-0.000114,0.000108,0.053719,7.649304,6.127783,16933.56452,26931.46756,21891.96945
43.38,-0.815555,-0.000003,0.00005,-0.00192,7.549558,6.123146,16868.24863,26668.85129,21780.12353
43.39,-0.816715,0.000026,0.000169,-0.0117,7.499204,6.218656,17059.95527,26359.39776,22293.05501
43.4,-0.817518,-0.000151,0.000119,-0.01056,7.463625,6.350065,16928.49461,26312.54729,22447.64076
43.41,-0.818526,-0.000041,0.000087,0.000184,7.436144,6.391287,16992.46676,26189.08661,22486.61924
43.42,-0.819314,-0.000176,0.000039,-0.03817,7.369067,6.462887,17390.74506,25841.75193,22843.21176
43.43,-0.819971,-0.000104,-0.000016,0.046963,7.323269,6.489036,17007.35833,25704.89528,22724.15551
43.44,-0.820535,-0.000039,0.000011,0.039488,7.265533,6.624528,17086.82356,25559.15518,23244.73792
43.45,-0.82119,-0.000017,0.000059,0.106555,7.25312,6.579168,17077.69156,25257.72441,23298.65906
43.46,-0.821605,-0.00015,0.000019,-0.047581,7.183646,6.619014,16803.64358,25310.92232,23771.40286
43.47,-0.822004,-0.000026,0.000149,-0.025009,7.113205,6.735294,17027.01204,24912.78213,24226.99918
43.48,-0.82214,0.000023,0.00006,-0.044628,7.04375,6.799028,17023.40817,25019.89406,23877.91454
43.49,-0.822429,-0.000003,0.00001,-0.027906,7.015765,6.842836,17035.762,24435.85439,24220.14224
43.5,-0.822521,-0.000103,0.000046,-0.013656,6.995361,6.976632,17001.93439,24459.42381,24489.38376
43.51,-0.822499,0.000125,0.000098,-0.00036,6.866227,7.003164,16884.82781,24605.28664,24488.85388
43.52,-0.822434,0.000034,0.00001,0.009875,6.753824,7.007772,17146.52448,24218.17334,24940.54698
43.53,-0.822136,0.000034,0.000296,0.053835,6.712246,7.184923,16978.11899,23703.43406,24955.45904
43.54,-0.822043,-0.000038,0.000041,0.033201,6.700458,7.134371,16575.04545,23771.15935,25511.75184
43.55,-0.821565,0.000029,-0.000032,0.00499,6.683094,7.236347,17302.75423,23796.5266,25287.27812
43.56,-0.821201,-0.000006,0.000133,0.066128,6.607851,7.235543,17092.5561,23219.51199,25732.89482
43.57,-0.820694,-0.000163,0.000147,0.027759,6.562242,7.317096,17020.50213,22594.69517,25886.47808
43.58,-0.819897,0.00006,-0.000032,-0.045327,6.425734,7.403526,17412.63025,22516.17589,25622.71378
43.59,-0.819264,-0.000013,0.000088,-0.044266,6.492547,7.465692,17160.70356,22327.9214,26206.98749
43.6,-0.818447,-0.000036,0.000136,-0.090192,6.288789,7.483704,17153.92525,22210.24446,26136.41212
43.61,-0.817573,-0.000078,0.000014,-0.062892,6.273895,7.576533,17106.68379,21995.91188,26610.40143
43.62,-0.81659,-0.000021,0.000033,0.031786,6.165175,7.620413,17139.87866,22110.44146,26822.81041
43.63,-0.815504,0.000088,0.000076,0.049718,6.121916,7.664716,17202.36076,21300.56806,26754.32686
43.64,-0.814327,0.000075,0.000004,-0.03111,6.028789,7.742454,17526.75878,21567.75401,26932.94568
43.65,-0.81304,-0.00004,0.000002,0.056898,5.985747,7.600619,17020.29502,21611.93916,27360.47032
43.66,-0.811725,-0.000025,-0.00007,0.050419,5.938801,7.799231,17129.50951,20980.25962,27387.66032
43.67,-0.810289,-0.000011,0.000074,-0.066618,5.930955,7.882964,17460.55394,20557.87443,27647.94221
43.68,-0.808706,0.000164,0.000106,0.00655,5.882746,7.892043,16698.13851,20846.65007,27848.92842
43.69,-0.807129,-0.000042,0.00005,0.047998,5.751596,7.894615,17212.57868,20150.46853,27729.13939
43.7,-0.805379,-0.000056,0.000177,-0.098812,5.692184,7.954011,17182.7107,20139.23043,28132.06188
43.71,-0.803717,0.000021,0.000093,-0.058312,5.70095,8.001191,17014.09887,19836.33086,28118.58635
43.72,-0.801841,0.000021,0.000097,0.148634,5.615589,8.018957,16837.50924,19568.88232,28012.99131
43.73,-0.799832,0.000161,0.00011,-0.001269,5.557791,8.158329,17216.99545,19468.38038,28699.86851
43.74,-0.797752,-0.000072,-0.000011,0.074388,5.433631,8.198238,17079.93459,18802.75004,28858.60732
43.75,-0.795561,-0.000027,-0.000067,-0.003004,5.438992,8.185377,17310.53936,18776.13919,28603.91829
43.76,-0.79344,-0.000091,0.000017,-0.002739,5.343278,8.201807,17351.3239,18632.26609,29008.08471
43.77,-0.791068,-0.000087,0.000104,-0.000602,5.280494,8.184753,16854.03479,18580.13643,29067.94502
43.78,-0.788556,-0.000026,-0.000132,-0.026641,5.17187,8.367737,17355.16813,18372.16954,28818.81345
43.79,-0.786158,0.000015,0.000044,0.006674,5.12932,8.32108,16828.06154,18127.98405,29488.03639
43.8,-0.783547,-0.000023,-0.000073,0.021398,5.049329,8.446415,16796.52944,17826.39411,29780.94864
43.81,-0.781118,0.00002,0.000007,-0.014264,4.996558,8.467218,17177.95764,17378.09252,29815.55316
43.82,-0.778127,-0.000057,0.000036,0.022614,4.855325,8.485744,17285.92564,17267.35461,29596.59858
43.83,-0.775215,-0.000131,0.000049,-0.003159,4.774239,8.452529,17300.32667,17316.56877,29937.73485
43.84,-0.772502,-0.000026,0.00009,0.046885,4.818371,8.527534,16959.76109,17092.6673,30187.84002
43.85,-0.769355,-0.00002,-0.000064,0.046384,4.648373,8.656648,17268.75389,16676.43226,30053.96375
43.86,-0.766303,0.000042,0.000133,-0.02909,4.744136,8.603698,17012.41031,16622.7896,30383.52294
43.87,-0.762975,0.000015,-0.000034,-0.026048,4.618151,8.646347,16971.71615,16122.23182,30758.60646
43.88,-0.759941,-0.000025,0.000137,0.050919,4.57778,8.676892,17221.22839,16061.44016,30535.16381
43.89,-0.756655,0.000044,0.000104,-0.009655,4.471837,8.814712,16709.08965,15845.80271,30318.40002
43.9,-0.753212,0.000018,-0.000013,-0.001805,4.45763,8.760061,17303.75491,15813.97766,31035.38717
43.91,-0.749637,-0.000057,0.00007,-0.041904,4.258177,8.806083,16978.76248,15381.45645,30856.20296
43.92,-0.746149,0.000012,-0.00013,0.023937,4.286653,8.890698,16916.91231,15010.30166,31175.99526
43.93,-0.742418,-0.000079,0.000181,0.036153,4.300494,8.889485,17648.13933,14886.39173,31312.74006
43.94,-0.738591,-0.000072,-0.000024,-0.045598,4.199795,8.835921,16868.15811,14663.79022,31489.88757
43.95,-0.734803,-0.000084,0.000235,-0.007181,4.013124,8.965293,17266.0192,14444.68193,31288.75954
43.96,-0.731126,-0.000027,-0.000153,0.070964,3.943906,8.903588,17433.40466,14236.91015,31884.81129
43.97,-0.72682,-0.000099,0.000183,-0.03626,3.851344,8.970184,17214.50227,14165.8893,31330.26619
43.98,-0.722881,0.000058,0.000067,-0.015459,3.810665,8.88916,16925.81687,13765.05286,31898.0943
43.99,-0.718589,-0.00003,-0.000196,-0.077558,3.827157,8.953532,16934.32988,13122.50823,32122.34562
44,-0.714519,-0.000161,0.000129,-0.003759,3.760764,9.09197,16914.63827,13442.08871,32330.64085
44.01,-0.710108,-0.000031,0.000088,-0.007743,3.695827,9.157276,17012.1733,12795.08411,31997.12218
44.02,-0.705752,-0.000079,0.000212,-0.033655,3.621561,9.172927,17307.89683,12497.54615,32175.1517
44.03,-0.701287,-0.000048,-0.000071,-0.062435,3.588304,9.004038,16858.84055,12274.18872,31960.58563
44.04,-0.696819,-0.000031,0.000036,-0.084671,3.412718,9.149179,17021.38273,12061.18225,32299.98782
44.05,-0.692193,-0.000036,-0.000043,-0.004547,3.313711,9.27618,16854.20871,11879.47563,32057.21224
44.06,-0.687462,-0.00016,-0.000021,0.102415,3.430393,9.197395,17179.33734,11719.06309,32453.62084
44.07,-0.682757,0.00004,0.000091,0.021376,3.269336,9.202378,17226.77877,11674.89663,32487.49674
44.08,-0.677849,-0.000127,0.000017,-0.040689,3.257301,9.226837,16978.35341,11194.25749,32721.31324
44.09,-0.672873,0.000072,-0.000072,-0.025328,3.269332,9.258097,17069.99293,10832.89468,32538.40557
44.1,-0.667986,-0.000023,0.000079,0.0287,3.138083,9.273643,17315.6978,11072.44912,32817.67872
44.11,-0.662887,0.000024,-0.000069,-0.022668,3.113989,9.290673,17272.43289,10426.77129,32748.8244
44.12,-0.657624,-0.000127,0.000055,0.032343,2.974228,9.318306,16996.10712,10541.07353,33056.01868
44.13,-0.652502,0.000065,0.000126,0.073188,2.847638,9.320841,17016.34807,10075.17823,32871.7607
44.14,-0.647194,0.000074,0.000038,-0.031612,2.89487,9.340535,16971.67077,10571.9165,33248.49148
44.15,-0.641854,0.000096,-0.000012,0.003924,2.847174,9.491526,17321.81631,10247.73415,33150.12906
44.16,-0.636612,-0.000115,0.000168,0.046738,2.683602,9.497369,17289.70337,9859.101479,33255.11465
44.17,-0.630903,-0.000061,0.000072,-0.001729,2.645198,9.439275,16882.76434,9879.773275,33260.63127
44.18,-0.625407,0.000056,-0.000105,-0.05127,2.615179,9.398922,17074.13885,9463.107883,33379.40924
44.19,-0.619865,-0.000053,0.000078,-0.026603,2.451362,9.524012,17336.02228,8979.407795,32915.83119
44.2,-0.614117,-0.000057,0.000076,0.000493,2.559418,9.495231,16803.32639,8874.450435,33491.69514
44.21,-0.608574,0.000225,0.00012,-0.007211,2.52735,9.556286,17445.98884,8567.533957,33472.37845
44.22,-0.602456,-0.000085,0.000086,-0.02068,2.443218,9.487682,16910.73633,8589.353502,33740.41843
44.23,-0.596463,0.000121,0.000058,-0.027222,2.367758,9.5234,17306.46177,8153.553866,33354.05445
44.24,-0.590776,-0.000017,0.000027,-0.008593,2.187436,9.490361,16898.60046,8130.817997,33274.51463
44.25,-0.584576,-0.000137,0.000036,0.002115,2.268271,9.579008,17382.31357,8075.278094,33838.35752
44.26,-0.578534,-0.000069,0.00014,-0.030693,2.201711,9.496372,16998.61845,7776.191495,34035.922
44.27,-0.572498,-0.000133,0.000023,0.019246,2.216507,9.5597,17137.14792,7686.551391,33829.47718
44.28,-0.566117,-0.000055,0.000003,-0.05424,2.121716,9.576899,17445.96738,7257.854086,33279.37322
44.29,-0.559841,-0.000011,0.000008,-0.002647,2.042592,9.578075,17190.41583,7039.335282,33540.17416
44.3,-0.553558,-0.00005,0.000103,0.032948,1.926486,9.567602,16982.70194,6770.467274,33926.48821
44.31,-0.547156,-0.000097,0.000012,0.011529,1.931557,9.627364,17196.89116,6549.603329,33704.24335
44.32,-0.540742,0.000001,0.000083,0.03044,1.854862,9.593981,17302.97625,6348.000719,34088.6535
44.33,-0.534257,-0.000046,0.000078,0.020649,1.727445,9.636213,17030.75574,6185.909553,34021.82118
44.34,-0.527517,-0.000009,0.000215,0.045183,1.783364,9.70289,17033.67468,5653.534388,33991.73824
44.35,-0.520971,0.000031,0.000025,-0.014866,1.693101,9.631045,16813.27083,5816.47513,33465.17125
44.36,-0.514363,-0.000021,0.000092,-0.027433,1.666063,9.712857,17344.66246,5869.028415,33896.47366
44.37,-0.507503,-0.000018,0.000024,-0.004249,1.685143,9.695837,17191.26268,5686.915164,34022.78448
44.38,-0.500793,-0.000055,0.000091,-0.104015,1.591467,9.65691,16917.69082,5460.471109,34178.85586
44.39,-0.493784,-0.000305,0.000103,0.002792,1.474517,9.661542,17250.13696,5261.640416,34145.39033
44.4,-0.486859,0.000075,0.000084,0.101268,1.516068,9.678063,17199.97407,5338.462364,34261.40317
44.41,-0.479926,-0.000067,0.000045,-0.039057,1.398797,9.671722,17000.16691,5051.200735,34189.41511
44.42,-0.472917,-0.000122,-0.000014,0.029786,1.429078,9.632334,17323.21755,4674.54875,34329.41418
44.43,-0.465872,-0.000142,0.000056,0.021536,1.323504,9.70284,17136.28867,4651.995314,34295.1688
44.44,-0.45889,-0.000014,0.000054,0.038593,1.244766,9.680073,16985.06587,4274.972778,34595.94924
44.45,-0.451639,-0.000109,0.00001,-0.005419,1.202399,9.702109,17325.54361,4349.44899,34587.51309
44.46,-0.444556,-0.000064,0.000062,0.040089,1.131011,9.796284,17278.74155,4067.815304,34413.55204
44.47,-0.436996,-0.000073,0.000037,0.067898,1.137189,9.772286,17091.98862,3972.926701,34262.95188
44.48,-0.42966,0.000115,0.000011,-0.052451,1.098736,9.722542,17143.65238,4044.345807,34393.5697
44.49,-0.422322,0.000068,0.000095,-0.040412,1.119486,9.768483,17054.67368,3534.330448,34231.97545
44.5,-0.415079,-0.000109,0.0001,0.049477,0.954053,9.749069,17202.00424,3608.802023,34314.86731
44.51,-0.407342,-0.000045,0.000183,-0.019724,0.915738,9.813172,17003.03569,3502.783474,34169.52175
44.52,-0.399875,-0.000135,0.000002,0.00656,0.972105,9.839202,16997.25305,3070.364703,34731.71708
44.53,-0.39236,0.000051,0.000098,-0.024101,0.994976,9.676089,17152.21615,3095.333122,34422.76734
44.54,-0.384897,0.000022,-0.000001,0.072639,0.91866,9.712733,17232.94945,3490.128039,34601.17125
44.55,-0.377054,-0.000127,-0.000098,-0.060611,0.970005,9.745012,16865.77207,3046.610191,34651.20196
44.56,-0.369577,0.000091,0.000011,0.063761,0.826455,9.784769,17132.24477,2525.869838,34184.09535
44.57,-0.361879,-0.000116,0.000046,-0.003539,0.708568,9.722822,17530.51926,2785.176522,34262.09769
44.58,-0.354206,-0.000114,-0.000071,-0.037221,0.782403,9.687092,16852.97405,2237.359964,34346.41387
44.59,-0.346373,0.000126,0.000047,-0.050452,0.722838,9.780048,16940.31103,2299.22218,34784.97962
44.6,-0.33848,0.000157,-0.000001,-0.021718,0.618196,9.699471,17444.8495,2269.733868,34038.13051
44.61,-0.330712,0.000013,-0.000051,-0.036745,0.576452,9.762688,16790.46132,2315.525128,34746.51512
44.62,-0.322696,0.000067,-0.000039,-0.046804,0.525753,9.857346,16852.20387,2033.11085,34461.39419
44.63,-0.314828,0.000112,-0.000037,-0.103994,0.610746,9.769417,17274.01784,2071.581435,34457.63335
44.64,-0.306867,-0.00001,0.000025,-0.029388,0.478764,9.744222,16869.26946,2058.971663,34560.09514
44.65,-0.298873,0.000104,0.000003,-0.022924,0.406174,9.844016,16867.71967,1471.376514,34915.0896
44.66,-0.290733,-0.000065,0.000033,0.006687,0.480136,9.79154,16712.57011,1770.127634,34359.99792
44.67,-0.282804,0.000047,0.000016,0.053849,0.452738,9.833564,16932.62156,1578.79015,34823.79774
44.68,-0.274478,-0.000128,0.000011,-0.034485,0.514054,9.763086,17164.05974,1412.448835,34810.7214
44.69,-0.266411,-0.000021,-0.000003,-0.05495,0.366886,9.843514,16840.95042,1597.14215,34733.39711
44.7,-0.2583,-0.000139,0.000057,0.07775,0.393716,9.905653,17074.04175,1365.455358,34660.7286
44.71,-0.25032,-0.000016,0.000166,-0.053274,0.313363,9.775198,17436.31847,1456.481135,34428.72953
44.72,-0.241803,0.000041,0.000017,0.064253,0.279817,9.799887,17014.45327,1024.359498,34287.53206
44.73,-0.233592,-0.000064,0.000044,-0.06103,0.313614,9.757562,16960.37347,888.36377,34335.49868
44.74,-0.225371,-0.000313,0.00013,0.149583,0.321462,9.775348,17184.41491,1058.107511,34600.00277
44.75,-0.217029,0.00004,-0.000028,0.040427,0.257584,9.770498,17186.28312,1046.934461,34564.6184
44.76,-0.208689,0.00001,-0.000136,0.02387,0.165387,9.877592,17194.99518,563.133257,34545.37015
44.77,-0.200554,-0.000026,-0.000004,0.061018,0.164031,9.79588,17035.58232,972.582878,34538.65324
44.78,-0.192043,-0.000084,0.000178,-0.097721,0.229411,9.818783,16865.80402,963.007468,34466.42623
44.79,-0.183816,-0.000145,-0.00003,0.009597,0.156455,9.800742,17215.26043,787.403655,34674.62779
44.8,-0.175366,-0.000079,0.000049,-0.036589,0.154609,9.76963,17252.6969,435.945917,34298.75038
44.81,-0.166939,0,0.000162,-0.034928,0.11507,9.674923,17045.19015,169.860143,34759.72097
44.82,-0.158291,0.000138,0.000147,-0.042859,0.178148,9.877016,17137.88333,426.410306,34362.82342
44.83,-0.149926,0.000119,0.000111,-0.031418,0.121999,9.869269,16768.0797,709.274205,34656.22707
44.84,-0.141289,-0.000046,-0.000124,-0.083958,0.124906,9.718228,16905.01513,211.776418,34805.52564
44.85,-0.133052,-0.000015,0.000099,0.017589,0.081153,9.798653,17135.71884,280.187882,34622.64677
44.86,-0.124464,0.000054,-0.000044,-0.014632,0.177798,9.670069,17095.93717,61.067714,34857.4549
44.87,-0.115986,0.000053,0.000057,-0.074952,0.079971,9.817106,17275.14128,281.681092,34193.46109
44.88,-0.107385,0.000089,0.000145,-0.040124,0.075685,9.804341,17216.35998,124.125308,34653.34462
44.89,-0.098915,-0.000013,-0.00009,0.002743,0.106688,9.760427,17171.36101,-88.911679,34632.37178
44.9,-0.090294,0.000004,-0.000093,0.008266,0.086474,9.776882,17022.31091,-19.622655,34680.07153
44.91,-0.081596,0.000139,0.000095,0.060545,-0.012007,9.720301,17042.32151,359.906385,34647.40733
44.92,-0.073074,0.000097,0.000039,-0.058379,0.028668,9.856435,16853.86036,127.385006,34374.28398
44.93,-0.064482,0.000003,-0.000075,-0.02226,0.014915,9.80279,17160.54361,70.861363,34780.16281
44.94,-0.056056,-0.000076,0.000143,0.028732,-0.03822,9.797889,17035.85229,-177.070857,34461.23304
44.95,-0.047376,0.000054,0.000014,-0.050162,0.030643,9.847022,16927.86478,-397.994175,34376.40721
44.96,-0.03889,0.000145,0.000283,-0.118693,0.014466,9.794273,17318.98562,-264.117099,34637.04667
44.97,-0.030145,-0.000045,0.000154,0.033653,-0.037017,9.805517,16944.9393,119.590966,34575.98361
44.98,-0.021662,-0.000046,-0.000067,-0.065373,0.038568,9.920863,17015.92602,-310.775606,34318.06352
44.99,-0.012917,-0.000008,0.00002,0.00976,0.076109,9.883547,16941.80872,361.169365,34859.93181
45,-0.0044,-0.000156,-0.000016,-0.016082,0.001723,9.813063,16792.63749,9.385961,34255.06343
45.01,0.000064,0.004248,0.00016,0.050181,-0.037051,9.842356,17002.66065,290.023731,34732.07093
45.02,-0.000112,0.012883,0.000015,-0.047694,0.030622,9.803435,17139.70801,-351.362017,34384.06835
45.03,-0.000061,0.021566,-0.000119,-0.093523,-0.022784,9.829559,16854.07838,420.391209,34536.35661
45.04,0.000023,0.030168,0.000054,-0.017676,0.009901,9.919211,17294.93627,67.816559,34532.14773
45.05,-0.000033,0.038696,0.000112,-0.078989,-0.039559,9.765674,16922.01729,283.436798,34545.14936
45.06,-0.000034,0.047245,0.000067,-0.017344,-0.026987,9.793624,17113.52926,15.118907,34427.3465
45.07,0.000041,0.055943,0.000056,-0.065477,-0.041266,9.902214,17138.66657,-172.552062,34617.3896
45.08,-0.000022,0.06446,0.000015,0.098766,-0.010913,9.80948,16793.73216,-374.327803,34803.54858
45.09,-0.000197,0.073068,0.000136,-0.121851,-0.022976,9.843108,17130.36518,21.182949,34286.37325
45.1,-0.000072,0.081582,0.000129,-0.023406,-0.013182,9.897929,16699.59988,59.92277,34342.25383
45.11,-0.000025,0.090236,0.000093,0.097756,-0.01182,9.752309,17469.98092,-202.828943,34542.3348
45.12,0.000019,0.098776,-0.000016,-0.031598,0.042389,9.761269,17110.0427,178.662442,34774.64283
45.13,0.000107,0.107329,-0.000011,-0.076339,0.053661,9.825539,16985.10352,191.767539,34707.94212
45.14,-0.000024,0.115957,-0.000065,-0.128412,0.043667,9.762985,16714.73948,-24.208727,34752.05387
45.15,0.00007,0.124367,0.000221,-0.018137,-0.002042,9.708946,16829.20537,215.025134,34834.61904
45.16,0.000017,0.132876,0.000159,-0.153933,0.038767,9.897787,16894.12829,-66.842947,34616.74281
45.17,0.000067,0.141348,0.000073,-0.1048,-0.016568,9.922505,16528.75845,-31.899624,34494.43889
45.18,-0.000082,0.14993,-0.000063,-0.20543,0.051167,9.726396,16471.38948,84.868315,34689.82084
45.19,-0.000054,0.158136,0.000103,-0.24314,-0.057176,9.846317,16326.41501,-249.821191,34630.18474
45.2,-0.000225,0.166669,0.000076,-0.157143,-0.011818,9.825802,16304.0032,305.407042,35119.5651
45.21,-0.000068,0.175144,-0.000027,-0.223696,0.075927,9.809197,16770.98228,-65.535895,34680.90497
45.22,-0.000078,0.183441,0.000081,-0.177794,-0.06852,9.799918,16227.05431,-250.56908,34912.67692
45.23,0.000028,0.192035,0.000051,-0.28617,0.033077,9.719915,16144.22844,166.928565,34750.07825
45.24,0.000063,0.200375,0.000134,-0.206111,0.051747,9.831647,16256.22324,-545.404309,34895.65076
45.25,-0.000006,0.208681,-0.000009,-0.199283,0.076885,9.78718,16130.1315,5.383707,34892.63277
45.26,-0.000258,0.217051,0.000044,-0.310167,-0.025782,9.80111,16075.13062,8.73768,35045.66267
45.27,0.000126,0.225128,0.000124,-0.318374,-0.013568,9.888728,16267.08829,-62.232436,35234.52903
45.28,-0.000118,0.233564,-0.00002,-0.326894,-0.024064,9.875996,16184.71842,200.875143,35215.07943
45.29,-0.00001,0.241807,0.000127,-0.411826,-0.005569,9.827292,15933.4431,251.567583,35408.3603
45.3,-0.000027,0.250067,0.00016,-0.345441,-0.066412,9.728236,15643.79925,-10.766583,35483.21062
45.31,0.000004,0.258208,0.000157,-0.466362,-0.044617,9.856714,15743.15013,-217.756882,35263.24313
45.32,-0.000048,0.266416,0.000027,-0.435211,0.015006,9.752479,15716.41265,110.504971,35290.85645
45.33,-0.000094,0.274266,0.000112,-0.48461,0.030257,9.812209,15440.16522,-46.676907,35097.91786
45.34,-0.000135,0.28268,0.000204,-0.500036,0.046902,9.763066,15466.72197,79.287196,35222.16157
45.35,-0.000148,0.290765,0.000046,-0.542083,-0.024744,9.761048,15120.35364,-126.345102,35340.9458
45.36,-0.000001,0.298633,0.000057,-0.502148,-0.077562,9.811671,15502.01283,35.269166,35554.05445
45.37,-0.000026,0.306859,0.000232,-0.667703,-0.09103,9.787761,15063.27945,36.060868,35475.30895
45.38,-0.000013,0.314685,0.000239,-0.589654,-0.010211,9.682391,14612.72525,220.702034,35670.41433
45.39,-0.000047,0.32265,0.000063,-0.576346,0.052513,9.741147,14937.92668,112.960632,35799.31657
45.4,0,0.330618,0.000007,-0.601877,-0.03349,9.784112,14629.32034,154.945627,36141.65665
45.41,-0.000048,0.338584,0.000188,-0.740888,-0.054471,9.702298,14887.49836,77.922885,35400.68237
45.42,-0.000001,0.346281,0.000036,-0.749877,0.03078,9.758519,13985.43156,-77.457502,35861.46287
45.43,0.000047,0.354009,0.000065,-0.738557,0.040541,9.85077,14267.08909,92.90758,35909.8816
45.44,-0.000076,0.361754,0.000058,-0.753127,-0.000285,9.785452,14399.63572,279.011809,35931.76559
45.45,-0.000038,0.369473,0.00005,-0.847483,-0.044836,9.70849,14016.82369,-26.308921,35753.54028
45.46,-0.000033,0.377156,0.000001,-0.791539,-0.047098,9.794501,14506.01377,209.490056,36114.39192
45.47,-0.00005,0.384886,0.000147,-0.840566,0.008805,9.734948,13555.53061,-213.548505,36061.39494
45.48,-0.000023,0.392396,0.000052,-0.933485,0.076778,9.711725,13799.97444,154.834931,36359.34817
45.49,0.00012,0.400041,-0.000024,-1.037057,-0.027158,9.794622,13646.43595,-14.427414,36106.1681
45.5,-0.000042,0.407425,0.000025,-0.991079,-0.030205,9.755472,13538.25851,262.697897,36446.22442
45.51,-0.000178,0.41493,-0.000058,-1.02691,-0.0613,9.740534,13366.07168,445.587099,36144.91284
45.52,-0.000087,0.422467,0.000138,-1.091697,0.033291,9.777091,13155.22093,-117.456497,36245.3888
45.53,-0.00011,0.429623,-0.000021,-1.226293,-0.005151,9.708734,13271.74549,-207.321647,36326.1639
45.54,-0.000194,0.436947,0.000033,-1.18596,0.020284,9.727538,12730.87436,61.792487,36524.26652
45.55,-0.000125,0.444363,0.000051,-1.228947,0.108319,9.820275,12447.762,-82.419162,36327.00498
45.56,-0.000082,0.451669,0.000114,-1.236769,0.001504,9.824719,12229.81375,-4.807727,36390.97529
45.57,-0.000032,0.458851,0.000164,-1.361223,-0.090532,9.705992,12163.95268,-183.331587,36299.08263
45.58,-0.000096,0.465848,0.000019,-1.42167,-0.118495,9.654436,11859.25049,-217.633629,36427.93698
45.59,-0.000157,0.473051,0.00018,-1.441301,-0.024661,9.720815,11640.50583,-206.745616,36998.74568
45.6,-0.000143,0.479955,-0.000081,-1.436538,0.028675,9.637404,11498.33139,120.862982,37280.01727
45.61,0.000051,0.486877,0.000031,-1.478021,0.078854,9.675719,11802.62944,131.248095,36731.65712
45.62,0.000067,0.493797,0.000034,-1.574102,0.021684,9.71098,11795.75835,2.527302,36869.20231
45.63,0.000038,0.500631,0.000128,-1.609907,0.018549,9.624765,10874.64444,64.358722,36999.97997
45.64,-0.000038,0.507531,0.000108,-1.750028,-0.032452,9.643343,10673.97542,63.817871,37046.18796
45.65,0.000028,0.514128,0.000212,-1.71443,-0.029969,9.607468,10884.04097,-228.915697,36933.61994
45.66,-0.000051,0.521052,0.000005,-1.750796,0.021757,9.632138,10875.65018,143.421034,36814.16389
45.67,-0.000061,0.527519,0.000152,-1.831476,0.000358,9.608436,10481.12466,-342.635832,37232.89011
45.68,-0.000073,0.534154,-0.000076,-1.839155,-0.030012,9.528596,10475.92514,453.042387,37083.0219
45.69,-0.000078,0.540658,0.000046,-1.824116,0.016931,9.661662,10019.49424,-14.094565,37060.6522
45.7,-0.000195,0.547142,-0.000026,-1.977132,-0.009822,9.609966,9645.9054,108.743509,37168.43877
45.71,0.000125,0.553484,0.000245,-2.013873,-0.008946,9.552656,9594.398388,-94.124189,37222.21358
45.72,0.000018,0.559879,0.000015,-2.043709,0.000902,9.681817,9205.22725,-78.371962,37576.65134
45.73,-0.000048,0.566157,-0.000108,-2.168279,-0.020543,9.569638,9454.761401,391.097741,37129.88126
45.74,0.000046,0.572237,0.000034,-2.279171,-0.045028,9.460447,8737.781438,168.649791,37608.16093
45.75,-0.000267,0.578527,0.000118,-2.270827,0.005257,9.5535,8628.428674,136.031893,37555.75461
45.76,-0.000014,0.584606,0.000024,-2.241473,0.009518,9.584663,8251.12666,99.718654,37641.8279
45.77,-0.000025,0.590706,0.000019,-2.323312,-0.112612,9.52802,8328.110425,66.312038,37323.57871
45.78,0.000004,0.596627,0.000035,-2.483612,0.030935,9.570178,8263.797079,18.659887,37950.69474
45.79,-0.000018,0.60248,0.000014,-2.3955,0.015556,9.492842,7920.204521,68.659002,37601.01707
45.8,0.000167,0.608255,0.000199,-2.590116,0.035887,9.488172,7401.932132,75.519622,37606.42956
45.81,0.000052,0.613883,0.000076,-2.593284,-0.067256,9.392485,7481.252523,-18.637259,37423.66983
45.82,0.000049,0.619819,-0.000021,-2.662788,0.039607,9.443415,7244.771845,177.317974,37717.34634
45.83,-0.000016,0.625277,-0.000033,-2.741383,0.037733,9.481839,6740.644241,49.094562,37823.57216
45.84,-0.000058,0.630953,0.000191,-2.744742,-0.013525,9.424355,6677.547907,-239.278828,37853.56722
45.85,-0.000008,0.636516,-0.000046,-2.823502,0.026339,9.338394,6372.435891,-81.255517,38256.00884
45.86,-0.000136,0.641806,0.000203,-2.815247,0.000847,9.49081,6052.953445,-313.343911,37815.417
45.87,-0.000151,0.647063,0.000049,-3.042596,-0.045064,9.28059,5780.614589,85.195275,38344.61586
45.88,0.000063,0.652338,0.000034,-2.996825,0.01828,9.307095,5713.342345,207.269592,37965.74034
45.89,-0.000153,0.657805,0.000114,-3.050933,0.00835,9.277035,5624.61631,-13.343603,38141.70766
45.9,-0.000015,0.662814,0.000035,-3.123714,-0.060052,9.273554,5103.09944,-34.770502,38388.36657
45.91,-0.000026,0.667825,-0.00002,-3.213254,-0.037475,9.220421,4870.802957,83.110548,38178.65906
45.92,-0.000132,0.67287,-0.000013,-3.230024,-0.004123,9.342799,4607.700296,-0.022852,37863.11918
45.93,0.000036,0.677607,0.000103,-3.415468,-0.007955,9.234593,4476.023492,61.866859,38042.47434
45.94,0.000007,0.682729,0.000033,-3.345039,0.010054,9.324379,4129.104639,23.276472,38103.17366
45.95,-0.000166,0.687314,0.000151,-3.47337,-0.084387,9.212623,3911.484789,145.244201,38485.0368
45.96,-0.000064,0.692048,0.000005,-3.541337,0.005091,9.145457,3657.113927,316.908076,38554.09493
45.97,-0.000044,0.696678,-0.000078,-3.459039,-0.051981,9.216066,3256.521297,21.350281,38704.75034
45.98,-0.000089,0.701322,0.000178,-3.604498,0.007195,9.116731,3217.946594,-24.602153,38588.78289
45.99,-0.000049,0.705654,0.00017,-3.742419,-0.000253,9.091953,2866.405827,-115.89508,38326.58096
46,-0.000054,0.709982,0.000044,-3.773319,-0.064542,9.031545,2493.052174,-369.247499,38387.27555
46.01,0.00002,0.714521,0.000013,-3.831998,-0.011071,8.96007,2113.185583,-69.910533,38399.32806
46.02,0.000007,0.718588,0.000151,-3.877367,0.054844,8.996029,2077.163464,-21.423011,38437.02726
46.03,-0.000017,0.722788,-0.000029,-3.877604,0.011788,8.953316,1744.156672,50.766675,38391.85411
46.04,-0.000066,0.726808,-0.000251,-4.065548,-0.063156,8.910702,1342.797164,-19.360624,38570.56611
46.05,0.000034,0.730825,0.000037,-4.089684,-0.056,8.903507,1241.282967,-316.750356,38388.07729
46.06,-0.000069,0.734738,0.000075,-4.058223,-0.099697,8.900106,800.318836,-316.698273,38514.1435
46.07,-0.00015,0.738576,0.000064,-4.20376,0.016448,8.872457,753.799033,-187.044102,38408.58797
46.08,-0.000036,0.742187,0.000043,-4.277407,-0.019422,8.81356,511.511623,-110.8288,38472.38858
46.09,-0.000148,0.74601,0.000166,-4.387419,-0.037316,8.797183,33.327533,-32.118755,38633.48074
46.1,0.000035,0.749537,0.000008,-4.404372,0.006622,8.723914,-205.739859,-246.906566,38664.49952
46.11,-0.000087,0.753099,-0.000002,-4.53407,0.103785,8.751708,-524.366658,263.652225,38646.02122
46.12,-0.000084,0.756277,-0.000018,-4.495142,0.010514,8.729953,-954.201275,209.626551,38473.09455
46.13,-0.000105,0.759781,0.000157,-4.554759,0.067492,8.655659,-1232.470408,-9.784218,38509.71151
46.14,-0.000154,0.762968,0.000105,-4.644156,0.041722,8.54599,-1520.507216,5.272957,38378.06558
46.15,-0.000122,0.766238,0.000069,-4.736262,0.017672,8.542198,-1871.688855,335.615826,38230.69871
46.16,-0.000038,0.769272,0.000132,-4.832438,0.055883,8.572547,-1814.200953,37.805489,38241.54941
46.17,0.000088,0.772255,0.000031,-4.871159,-0.027283,8.522326,-2464.782794,-363.570054,38323.30108
46.18,0.000041,0.77524,-0.000031,-4.766522,0.006062,8.425973,-2405.869641,-516.158857,38554.23298
46.19,-0.000075,0.778161,-0.00003,-5.082114,0.053241,8.46232,-2927.054763,-243.740113,38310.35211
46.2,-0.000017,0.78087,-0.000001,-5.112105,0.069432,8.462036,-2990.22378,-128.13047,38414.21439
46.21,0.000009,0.783555,0.000139,-5.168965,-0.036536,8.378599,-3709.593242,-86.152394,38420.83651
46.22,0.00004,0.785948,0.00013,-5.197869,0.024649,8.371752,-3701.144991,-263.353899,38481.55549
46.23,0.00001,0.788647,-0.000018,-5.291465,0.01389,8.21112,-3938.189136,-109.074138,38432.75947
46.24,0.000038,0.790998,-0.000044,-5.295436,0.053288,8.095592,-4584.458299,107.632805,38321.12325
46.25,0.000069,0.793217,-0.000032,-5.452831,0.016575,8.111033,-4757.579597,159.526397,38419.81349
46.26,-0.000005,0.795461,0.000085,-5.4561,0.028506,8.154433,-4997.850826,-32.180457,38378.12794
46.27,-0.00006,0.797678,0.000123,-5.487714,-0.005067,8.158389,-5349.853908,446.991184,37696.02254
46.28,-0.000042,0.799782,0.000126,-5.60228,-0.02477,8.013204,-5452.028779,256.186871,38131.06918
46.29,-0.00011,0.801748,0.000107,-5.740833,-0.007563,8.016151,-6293.66378,120.082308,38082.09878
46.3,-0.000027,0.803649,0.000195,-5.726446,-0.050214,7.947598,-6133.721847,257.505878,38023.75223
46.31,0.000026,0.805221,0.000092,-5.73161,0.008608,7.983321,-6607.54104,129.78503,37885.98244
46.32,-0.00005,0.807024,0.000084,-5.822373,-0.022792,7.986625,-6967.524223,33.905668,37965.54032
46.33,-0.000066,0.808799,0.000078,-5.953257,-0.084061,7.796815,-6998.754024,239.999008,37907.14436
46.34,-0.000037,0.810253,0.000122,-5.958905,0.038284,7.793416,-7615.833584,394.759745,38244.69169
46.35,0.000062,0.811676,0.000052,-6.061579,0.069897,7.75057,-7591.389418,-279.506312,37444.25072
46.36,-0.000027,0.812788,-0.000069,-6.085909,-0.024408,7.768418,-8052.381407,-277.544341,37827.05143
46.37,0.00005,0.814201,0.000208,-6.094208,-0.042522,7.694274,-8330.742598,140.304562,37642.27257
46.38,0.000114,0.815291,0.000081,-6.20596,-0.012485,7.641737,-8751.025366,-218.310767,37203.89857
46.39,0.000206,0.81641,0.000088,-6.312331,0.005801,7.595334,-8704.456747,162.093403,37123.24906
46.4,-0.000058,0.817446,0.000031,-6.331795,-0.067677,7.448355,-9266.069857,-76.090629,37521.13916
46.41,-0.00004,0.818432,-0.000013,-6.390907,-0.034658,7.430102,-9530.182845,351.561667,37086.55785
46.42,0.000005,0.819118,0.000099,-6.428526,-0.027187,7.313813,-10037.91729,267.498614,37160.54893
46.43,-0.000011,0.819833,0.000067,-6.506626,0.084367,7.316877,-10045.52059,222.758161,37114.29344
46.44,-0.0001,0.820458,0.000154,-6.56132,0.02906,7.287006,-10572.61951,162.514449,36855.3917
46.45,-0.000192,0.821117,0.000115,-6.704095,0.02517,7.243873,-11221.5749,63.782044,36752.64325
46.46,-0.000088,0.821613,0.000132,-6.740096,0.023257,7.121398,-11206.9815,193.176734,37095.94802
46.47,-0.000148,0.821926,0.000095,-6.813499,-0.041234,7.160982,-11095.33157,99.169211,36860.65948
46.48,-0.0001,0.822201,0.000119,-6.772752,0.010046,7.132652,-11911.87443,-144.866056,36144.46957
46.49,-0.000099,0.822164,0.000089,-6.912942,0.04669,6.970939,-11762.12584,-109.168814,36473.43256
46.5,-0.000101,0.822277,0.000023,-7.037026,0.042942,6.951075,-12617.16045,-106.327118,36437.81872
46.51,-0.00024,0.822394,0.000182,-7.061715,-0.017632,6.903209,-12852.2755,43.346561,36334.05223
46.52,-0.000279,0.822371,-0.000023,-7.064683,0.040041,6.744191,-13025.98486,-392.419295,36103.28451
46.53,-0.000073,0.822075,0.000109,-6.993528,-0.00576,6.72579,-13078.68342,-123.795416,35821.84923
46.54,-0.000039,0.821815,-0.000056,-7.184791,-0.032705,6.623088,-13812.33758,244.18229,36224.44684
46.55,-0.000074,0.821618,-0.000048,-7.27005,0.009506,6.684897,-13869.04984,137.461827,35832.10803
46.56,-0.000003,0.821099,-0.000114,-7.328011,0.019715,6.564182,-14048.12031,37.549478,35731.71075
46.57,0.000056,0.820526,0.000244,-7.210354,0.031988,6.56353,-14556.88066,20.558991,35455.96255
46.58,0.00011,0.819877,0.000042,-7.357297,0.024823,6.454247,-14537.30047,62.1566,35286.20871
46.59,-0.000123,0.819061,0.000123,-7.466602,0.083244,6.475508,-15303.03051,-407.466108,35270.77089
46.6,-0.000059,0.818333,0.000041,-7.424946,-0.051418,6.343291,-15301.33412,-352.102204,35153.63409
46.61,0.00002,0.817547,0.000055,-7.495909,0.005758,6.193809,-15674.23689,-80.343125,35180.27187
46.62,-0.000054,0.816486,0.000231,-7.583574,-0.066445,6.164315,-16028.36074,283.134216,34965.58368
46.63,-0.000215,0.815299,0.000096,-7.605595,-0.157933,6.215236,-16047.24252,-252.34593,35055.69658
46.64,-0.000025,0.814334,0.000167,-7.73527,-0.024441,6.086545,-16139.91235,80.939787,34419.89866
46.65,0.000131,0.812903,0.000108,-7.752829,-0.012936,5.994169,-16593.90416,86.821901,34582.69551
46.66,-0.000058,0.811706,0.000071,-7.774812,-0.054656,5.964917,-16867.3277,153.464041,34475.57733
46.67,0.000038,0.810124,0.00007,-7.82928,-0.01324,5.966503,-17196.03467,14.163765,34547.76154
46.68,-0.000081,0.80864,0.000017,-7.885481,-0.028057,5.950817,-17558.91959,-361.52784,34339.78362
46.69,-0.000126,0.807144,0.000081,-7.851261,0.029307,5.765622,-18093.64225,-244.46307,34405.61585
46.7,0.000056,0.805261,-0.000111,-7.892953,0.017204,5.708453,-18148.56473,-60.124061,33461.09995
46.71,-0.000093,0.803542,0.000123,-8.022084,0.047235,5.666541,-18503.63712,47.427017,33748.56524
46.72,0.000053,0.801781,0.000187,-8.090319,-0.107121,5.625009,-18832.22701,23.549982,33591.53354
46.73,0.000025,0.799719,-0.00001,-8.101106,0.042506,5.534361,-19136.63591,-281.531693,33345.95322
46.74,0.000021,0.797613,-0.000013,-8.098974,0.026393,5.456148,-19215.77514,222.629332,33328.03448
46.75,0.000013,0.795532,0.000129,-8.20036,-0.094495,5.315495,-19676.893,-39.882241,32975.09839
46.76,-0.000099,0.793385,0.000087,-8.130876,-0.043392,5.292945,-19879.90582,-129.988773,33152.6537
46.77,-0.000052,0.790904,-0.000036,-8.1735,0.014058,5.161874,-19971.55162,43.473918,32808.91766
46.78,-0.000154,0.788685,-0.000066,-8.445644,-0.086148,5.174524,-19998.2928,-10.357022,32652.37048
46.79,0.000017,0.786055,0.000007,-8.317218,0.021313,5.103335,-20496.73325,-135.952169,32731.99215
46.8,-0.000078,0.783492,0.000133,-8.357253,-0.071896,5.046053,-20909.02585,-2.498155,32783.64323
46.81,0.000011,0.780839,-0.000062,-8.38243,0.137854,4.964457,-20817.9355,128.743196,32244.6161
46.82,-0.00019,0.778252,-0.00003,-8.529369,0.010386,4.94572,-21403.0212,-80.461508,32275.67331
46.83,-0.000172,0.775356,-0.000073,-8.47575,0.028601,4.949972,-21352.23674,47.452204,32151.36016
46.84,0.000026,0.772422,0.000077,-8.454714,0.035162,4.753207,-21972.9276,188.598751,31393.42479
46.85,0.000045,0.769221,-0.000049,-8.600234,0.010122,4.726079,-22218.58606,-133.981022,31521.87776
46.86,-0.000054,0.766253,0.000048,-8.562191,0.035645,4.685462,-22257.16617,567.211007,31392.60064
46.87,0.000003,0.76302,-0.000127,-8.65626,0.04965,4.567685,-22157.69418,-151.757475,31540.13528
46.88,-0.000003,0.759809,0.000125,-8.753375,-0.020693,4.488153,-22862.47338,160.908427,31171.21176
46.89,0.000141,0.756498,0.000105,-8.753337,-0.122352,4.46957,-22826.14582,-6.282018,30669.99349
46.9,-0.000114,0.753148,0.000085,-8.795259,0.03821,4.4564,-23371.4251,-0.133595,30927.44064
46.91,-0.000016,0.749646,-0.000041,-8.763814,-0.078579,4.351262,-23525.36791,-66.392915,30739.82356
46.92,0.000011,0.746021,0.000192,-8.8112,-0.054677,4.299604,-23825.49488,21.91723,30426.20717
46.93,-0.000192,0.742307,0.000243,-8.899357,-0.075533,4.231135,-23743.39219,-343.690984,30183.9885
46.94,-0.000072,0.738529,0.000208,-8.913931,0.107081,4.15495,-23813.27736,-333.291256,30023.70508
46.95,0.000177,0.734747,-0.000006,-8.944892,0.00823,4.079491,-24383.88306,-157.571583,29750.76391
46.96,-0.000088,0.730793,-0.000017,-8.955527,-0.04485,3.973783,-24724.92614,348.112139,29738.71789
46.97,-0.000107,0.726851,0.000059,-8.899171,-0.039245,4.031087,-24653.47248,-125.580501,29244.99982
46.98,0.000003,0.722769,-0.000048,-9.04538,0.041821,3.883499,-24796.97437,143.637427,29183.31918
46.99,0.000026,0.718638,0.000005,-8.963089,0.006886,3.821289,-25403.59226,285.844196,29296.91194
47,-0.000061,0.714417,0.000062,-9.085704,0.013159,3.784971,-25413.03078,127.329634,29335.99202
47.01,-0.000049,0.710148,0.000147,-9.041102,-0.008298,3.688141,-25427.39735,211.569148,28976.16536
47.02,-0.000065,0.705697,-0.00004,-9.119283,-0.102671,3.636479,-25815.61267,-142.037257,28995.64916
47.03,-0.000052,0.701278,0.000129,-9.198235,0.002316,3.53263,-26440.24018,-124.811048,28513.86688
47.04,-0.000023,0.696691,-0.000006,-9.187326,-0.002887,3.434502,-26319.31437,-18.618946,28278.54634
47.05,-0.000019,0.69199,0.000066,-9.185844,0.079673,3.513986,-26345.54726,120.994331,28361.66988
47.06,-0.000036,0.687315,0.000083,-9.118871,0.060036,3.39375,-26196.70023,111.712929,27957.68985
47.07,-0.000056,0.682678,0.000014,-9.133813,0.00073,3.355039,-26710.6049,-99.866318,27646.69316
47.08,0.000003,0.677919,0.000071,-9.223835,0.011951,3.204404,-26936.6989,140.276639,27757.18543
47.09,0.00003,0.672815,0.000025,-9.25882,0.09665,3.202305,-27248.44291,97.369573,27435.3942
47.1,-0.000199,0.667868,-0.000041,-9.310942,0.013727,3.104819,-26941.60501,206.267491,27401.19019
47.11,-0.000028,0.662642,-0.000019,-9.318851,-0.037923,3.098691,-27712.94937,-197.607993,27008.85755
47.12,-0.000031,0.657716,-0.000087,-9.352837,-0.005256,2.996469,-27559.07904,-270.156353,26902.19644
47.13,-0.000073,0.652695,0.000122,-9.435163,0.075474,3.024783,-27766.46522,106.117917,26937.09391
47.14,-0.000024,0.646961,-0.000024,-9.406738,0.131417,2.881931,-28296.20971,-196.026507,26564.4166
47.15,0.000006,0.641867,0.000094,-9.413882,0.017617,2.839853,-28280.56538,92.973328,26424.4878
47.16,0.000044,0.636435,0.000128,-9.437048,0.023371,2.693252,-28701.98461,354.475963,26421.15075
47.17,-0.000191,0.631151,0.000029,-9.389151,-0.029403,2.623792,-28807.68591,-100.825532,26096.87194
47.18,-0.000093,0.625506,0.000107,-9.446343,-0.061602,2.685404,-28762.82446,93.526133,25576.44271
47.19,0.000045,0.619697,0.000079,-9.383453,-0.055557,2.554415,-28596.29676,-245.572616,25537.53749
47.2,0.000023,0.613957,0.000036,-9.535976,-0.05846,2.476042,-28957.52788,-265.182364,25436.51256
47.21,-0.000059,0.608266,-0.000005,-9.49733,-0.071428,2.502514,-29110.51461,131.707906,24928.031
47.22,-0.000146,0.602498,0.000076,-9.39458,-0.04907,2.407054,-29048.14237,-158.106196,24885.45406
47.23,0.00006,0.596559,-0.000003,-9.548865,-0.12722,2.250195,-29555.27143,123.430761,24805.85011
47.24,-0.000162,0.590611,0.000028,-9.445699,-0.002129,2.373338,-29649.24084,96.642985,24638.88247
47.25,0.000133,0.584774,0.000189,-9.544142,0.045019,2.293293,-29856.34699,-131.357417,24447.87192
47.26,-0.000116,0.578369,0.000034,-9.585548,0.071714,2.249179,-29855.21256,229.509369,24352.59227
47.27,-0.000115,0.572456,0.000064,-9.585833,0.005419,2.069954,-29823.49337,148.717363,24449.51338
47.28,-0.000073,0.566117,0.000162,-9.503403,-0.045206,2.077071,-30114.96659,-65.642231,23597.25492
47.29,-0.000119,0.559881,-0.000059,-9.623357,-0.019441,2.06752,-30335.18969,88.360025,23949.42811
47.3,-0.000056,0.553443,0.000081,-9.597087,0.060047,1.967478,-30725.55989,-145.388504,23495.39269
47.31,-0.000025,0.547201,0.000113,-9.559925,-0.051228,1.877696,-30650.47879,148.885677,23600.8913
47.32,-0.00009,0.540525,-0.000015,-9.800054,0.062862,1.914088,-30453.37688,-282.846748,23017.73746
47.33,-0.000075,0.534099,-0.00001,-9.705098,-0.046894,1.805696,-30813.22412,-138.249871,23159.50953
47.34,0.000054,0.52762,0.000031,-9.699461,0.067434,1.848166,-30929.50609,153.688326,23206.3398
47.35,-0.000081,0.520884,0.00005,-9.64299,0.017101,1.697725,-31154.6273,68.760499,22937.61587
47.36,-0.000041,0.514072,0.000017,-9.731626,-0.07607,1.622201,-30894.0651,61.258138,22359.72196
47.37,-0.000199,0.507464,0.000112,-9.679324,0.060838,1.574915,-31209.22749,-60.652206,22252.4039
47.38,-0.00013,0.500669,0.000002,-9.660781,0.099294,1.656758,-31195.8662,-112.137286,22371.80784
47.39,-0.000098,0.493963,0.00013,-9.637174,0.049555,1.393418,-31609.83028,13.185511,22272.61764
47.4,0.000002,0.486843,0.000089,-9.718985,0.015286,1.467542,-31518.23141,389.312528,22413.88933
47.41,-0.000055,0.479951,-0.000023,-9.663182,0.053006,1.448108,-31819.35507,188.318691,22164.11293
47.42,-0.000045,0.472858,-0.000067,-9.761597,-0.022218,1.327394,-31647.8457,110.4656,21781.99517
47.43,0.000105,0.465889,-0.000013,-9.660583,0.02124,1.393996,-31970.98313,-139.154943,21477.6184
47.44,-0.000164,0.458634,-0.000018,-9.713413,-0.051667,1.278191,-31901.81414,-94.223156,21645.25006
47.45,-0.000091,0.451393,-0.000017,-9.777569,-0.071775,1.158414,-32290.47198,190.889302,21154.76822
47.46,-0.000034,0.444334,-0.000115,-9.685933,-0.014824,1.142405,-32392.41738,-83.657296,21501.72018
47.47,-0.000039,0.436943,-0.000035,-9.77009,-0.001333,1.14517,-32085.95114,-266.060419,21320.88584
47.48,-0.000066,0.429648,0.000114,-9.759443,-0.028728,1.150972,-32442.09379,-332.195102,21258.12433
47.49,0.000021,0.422314,-0.000001,-9.768148,0.090906,1.026076,-32529.5141,-155.452196,20955.5365
47.5,0.000114,0.415087,0.000087,-9.893084,-0.04449,1.057677,-32328.25364,-279.458158,20775.39163
47.51,-0.000052,0.407554,0.000178,-9.741746,0.034128,1.029757,-32822.1877,-236.486816,20449.95656
47.52,-0.000084,0.400119,0.00004,-9.672088,-0.02611,1.009092,-32708.35086,-92.282496,20159.14683
47.53,0.000054,0.392373,0.00006,-9.753356,-0.008994,0.994683,-32822.24575,249.797498,20157.67451
47.54,-0.000078,0.384829,0.000141,-9.692207,-0.076891,0.925247,-32646.08533,-101.993924,20139.87605
47.55,-0.000116,0.377168,0.000101,-9.726722,-0.060572,0.803398,-32928.02932,-177.820026,20293.57825
47.56,-0.000079,0.369695,-0.000072,-9.784201,-0.007786,0.855648,-32945.91817,49.51348,19877.1186
47.57,0.000179,0.361749,0.000138,-9.715513,-0.065058,0.632749,-33050.98016,166.624465,20003.91163
47.58,0.0001,0.354097,-0.000068,-9.820633,0.020488,0.751066,-33116.11469,64.99076,19565.44912
47.59,-0.000068,0.346264,0.000103,-9.710849,0.067748,0.760287,-33440.85857,108.024186,19241.07987
47.6,0.000046,0.338524,0.000181,-9.837528,0.072333,0.622371,-33115.61313,26.624574,19190.05376
47.61,-0.000121,0.330644,-0.000097,-9.699873,0.052956,0.665359,-33339.82557,-270.017812,19128.31096
47.62,-0.000026,0.322562,-0.0001,-9.747058,0.033718,0.597712,-33819.8197,304.907883,19115.68423
47.63,0.00004,0.314712,0.000139,-9.854957,0.04864,0.603675,-33735.39309,97.291495,18899.83989
47.64,-0.000176,0.306635,0.000045,-9.758174,-0.010144,0.593298,-33702.38074,25.345292,19167.15816
47.65,-0.000097,0.298738,0,-9.821188,-0.062643,0.570254,-33421.90362,41.29758,18736.40793
47.66,-0.000069,0.290593,0.000165,-9.804598,-0.02863,0.463858,-33755.17281,-103.612332,18802.6611
47.67,-0.000067,0.282517,0.000113,-9.715334,0.021046,0.435726,-33807.26161,-191.342662,18782.78829
47.68,0.000003,0.274534,0.000073,-9.845706,-0.040004,0.424755,-33902.40283,-270.357971,18814.75987
47.69,-0.000073,0.26637,-0.000138,-9.871038,-0.014705,0.388644,-33625.19336,-306.037229,18443.76092
47.7,-0.000174,0.258112,0.000079,-9.859085,-0.018079,0.333321,-34039.58247,219.270626,18348.53615
47.71,0.000066,0.250013,0.000031,-9.794813,0.08025,0.445566,-33825.01249,-257.684551,18381.43916
47.72,0.000058,0.241777,0.000111,-9.851642,-0.004874,0.358924,-33455.31468,290.254776,18472.23687
47.73,-0.000002,0.233449,0.000081,-9.81869,-0.073755,0.271344,-33709.38708,-45.267988,18264.20714
47.74,-0.000022,0.225193,-0.000036,-9.850025,-0.055204,0.293086,-33982.61791,-72.474725,18076.80854
47.75,-0.00015,0.217116,0.000237,-9.805983,-0.042746,0.342295,-33776.69592,208.310776,17982.94437
47.76,0.000022,0.208814,-0.000063,-9.815727,0.085732,0.225519,-33924.20484,438.032384,17814.32924
47.77,0.000083,0.200507,0.000194,-9.792898,-0.018541,0.21023,-34189.23443,-102.73023,18211.79529
47.78,-0.000121,0.192066,0.000044,-9.855644,-0.064952,0.154663,-34288.98973,-42.198111,17542.27554
47.79,0.000054,0.183531,0.000055,-9.770067,0.04073,0.227518,-34266.82388,88.271747,17602.19126
47.8,-0.000089,0.175222,0.000045,-9.872031,0.072884,0.189499,-34398.20596,-141.962509,17949.27574
47.81,0.000057,0.166828,0.00009,-9.855312,-0.014043,0.145495,-33975.3122,634.133237,17351.13924
47.82,-0.000042,0.158288,0.000054,-9.796244,-0.101919,0.059472,-34154.30647,-290.6425,17483.7793
47.83,0.000026,0.149865,0.000079,-9.776424,0.02563,0.073218,-34452.69391,-66.397782,17177.72611
47.84,-0.000042,0.14137,-0.000004,-9.811744,0.044648,0.109285,-34009.63927,108.546711,17460.50509
47.85,-0.000202,0.132935,0.000103,-9.823177,-0.087267,0.037869,-34418.1652,-96.997838,17718.31323
47.86,-0.000124,0.124544,-0.000048,-9.785595,0.000721,0.101716,-34334.27011,-91.156085,17645.04567
47.87,0.000048,0.11588,0.000081,-9.862435,-0.122536,0.038174,-34190.63396,252.019915,17289.08174
47.88,0.00006,0.107405,0.000056,-9.831511,-0.016822,0.129147,-34382.09448,-6.513578,17661.2928
47.89,-0.000131,0.098674,0.00007,-9.742124,0.015152,0.053224,-34149.05049,374.789076,17373.9165
47.9,0.000098,0.090301,0.000051,-9.793109,-0.01019,0.095735,-34383.01324,160.777594,16957.24514
47.91,-0.00001,0.081718,0.000204,-9.88935,0.03896,0.050267,-34285.57342,-35.944426,17299.37444
47.92,-0.000105,0.073147,0.000078,-9.822881,-0.079578,0.041284,-34597.4429,78.403687,17495.72871
47.93,-0.000105,0.064413,0.000164,-9.864162,-0.061614,0.011962,-34406.91282,-251.956438,17090.88909
47.94,-0.00001,0.055893,0.000063,-9.820309,-0.003379,-0.024497,-34459.49977,112.453085,17113.45611
47.95,0.000046,0.047324,0.000194,-9.812917,0.083227,0.007832,-34611.58909,153.76135,17123.59313
47.96,-0.000062,0.038647,0.000044,-9.856101,-0.043444,-0.027019,-34555.06055,119.84116,17130.62181
47.97,-0.000121,0.030079,0.000161,-9.736264,0.02321,0.074123,-34641.50363,-204.61525,17269.98259
47.98,0.00011,0.021556,0.000071,-9.789067,0.081889,-0.090242,-34697.23506,188.711803,16934.33188
47.99,-0.000118,0.012803,0.000086,-9.888958,0.008337,0.023784,-34453.45289,1.295774,16901.53554
48,-0.000024,0.004228,0.000015,-9.867371,-0.021505,-0.026016,-34892.86037,110.480578,16962.04752
48.01,0.000097,-0.004248,0.000059,-9.776458,-0.044736,-0.055946,-34417.01355,193.580904,17351.80582
48.02,-0.000019,-0.012836,0.000085,-9.839436,-0.044627,0.004897,-34585.4496,97.227364,16886.34696
48.03,-0.000018,-0.021695,-0.000093,-9.813549,0.038765,-0.027669,-34410.79811,119.709286,17235.77468
48.04,-0.000205,-0.030363,0.000053,-9.829523,-0.045739,0.109684,-34672.21281,162.859931,16865.31252
48.05,-0.00001,-0.038847,0.000093,-9.848973,0.028548,0.035598,-34385.36777,121.430019,17373.54752
48.06,0,-0.047379,-0.000074,-9.86023,0.037061,0.034835,-34653.5369,290.763703,16830.72035
48.07,0.000087,-0.055848,0.000004,-9.847084,-0.078856,-0.001261,-34315.13911,173.581236,17209.51917
48.08,0.00013,-0.064554,-0.000014,-9.835321,-0.053389,-0.020057,-34172.72717,133.687464,16795.64451
48.09,-0.000075,-0.073302,0.000024,-9.786658,-0.04171,-0.022377,-34319.36432,179.516584,17261.56964
48.1,-0.000179,-0.081616,0.000082,-9.803631,0.06488,-0.013061,-34454.92229,-84.178883,17388.78266
48.11,-0.00016,-0.090231,-0.000096,-9.868388,0.064879,-0.055844,-34400.08431,-144.196833,17342.40005
48.12,-0.000025,-0.098795,0.00006,-9.825619,0.06208,0.051883,-34397.54173,-238.214103,17255.98647
48.13,-0.000137,-0.107391,0.000038,-9.840559,-0.001369,0.102095,-34516.50244,-59.111398,17420.40925
48.14,-0.000034,-0.115785,0.000202,-9.845709,-0.004411,0.05484,-34806.11465,274.650536,17376.98638
48.15,0.000099,-0.12449,-0.000011,-9.787198,0.011579,0.058368,-34325.57704,-279.422319,17394.1218
48.16,-0.000037,-0.132904,-0.000126,-9.814314,0.006961,0.16771,-34478.365,183.070464,17571.5991
48.17,-0.000093,-0.141277,-0.000054,-9.810525,-0.042475,0.124458,-34390.35101,-145.193055,17597.59355
48.18,-0.000104,-0.149972,0.000096,-9.707013,0.063257,0.204478,-34391.41969,-162.528919,17838.1493
48.19,-0.000045,-0.158399,-0.000079,-9.875982,0.097461,0.176124,-34217.05114,279.886021,17691.94276
48.2,0.000014,-0.166813,-0.000004,-9.791325,0.003116,0.194377,-34190.13647,40.458668,17653.35424
48.21,-0.000037,-0.175169,-0.000075,-9.905754,0.049015,0.115663,-34286.73885,309.602726,17623.35713
48.22,-0.000175,-0.183733,-0.000023,-9.721372,0.014376,0.169544,-34188.86049,178.314404,18121.75218
48.23,-0.000305,-0.192081,0.000151,-9.85607,-0.013634,0.298047,-33810.54364,-113.411571,17957.80245
48.24,-0.000068,-0.200304,-0.000197,-9.806131,0.004522,0.200206,-34086.67345,-195.654813,17990.44964
48.25,-0.000049,-0.208614,0.000191,-9.726929,-0.015112,0.227959,-34340.15718,-203.511836,17888.78548
48.26,-0.000083,-0.217127,0.000087,-9.78694,-0.032092,0.270581,-33735.19809,-282.484142,18328.31773
48.27,-0.000146,-0.225382,-0.000092,-9.887733,-0.082616,0.331052,-34591.33704,44.601212,18089.28203
48.28,-0.000032,-0.23362,0.000196,-9.844133,0.024352,0.348834,-33907.5138,-2.771856,18082.3859
48.29,-0.000008,-0.241924,0.000046,-9.768087,0.031189,0.404887,-33983.01905,-90.568702,18176.24626
48.3,-0.000152,-0.250082,0.000035,-9.809381,-0.019089,0.42846,-34064.65806,285.999173,18365.82052
48.31,-0.000003,-0.258194,-0.000121,-9.857621,-0.048409,0.336853,-33500.8111,-70.543582,18448.45157
48.32,-0.000011,-0.266374,-0.000051,-9.839735,0.060259,0.494496,-33860.79775,-99.082104,18460.23387
48.33,0.000127,-0.274635,0.000269,-9.821033,-0.074549,0.415171,-33703.93118,-3.778273,18628.38776
48.34,0.000029,-0.282591,0.000077,-9.787543,0.076828,0.470477,-34037.21425,416.947706,18738.59153
48.35,0.000049,-0.290839,-0.000017,-9.748373,0.038283,0.437554,-33599.38393,141.631585,18935.4421
48.36,-0.000211,-0.298742,-0.000008,-9.736136,0.064027,0.568095,-34089.82935,-137.525514,18956.30664
48.37,0.000026,-0.306745,-0.000064,-9.796138,0.059881,0.598494,-33633.65252,249.188447,19200.82939
48.38,0.000022,-0.314749,0.000071,-9.780728,0.022094,0.67444,-33691.39979,54.631804,19424.6628
48.39,0.000001,-0.322714,0.000055,-9.83572,-0.010598,0.608739,-33392.23565,-322.211498,19377.18628
48.4,0.000053,-0.330703,-0.000052,-9.772177,0.007578,0.646306,-33400.41294,-337.314403,19248.35881
48.41,-0.000106,-0.338393,0.000025,-9.770004,-0.006358,0.762232,-33294.38153,-22.656009,19637.32174
48.42,0.000128,-0.346585,-0.000009,-9.724909,-0.002323,0.736987,-33103.9312,-239.627448,19604.42373
48.43,-0.000078,-0.354084,0.000171,-9.793339,-0.042551,0.788684,-32969.83568,-123.596133,19633.96582
48.44,-0.000056,-0.361951,0.000127,-9.725534,-0.094845,0.752326,-33090.95643,-104.461838,19604.64972
48.45,0.000096,-0.3698,0.000104,-9.71735,0.069727,0.791938,-32902.4388,50.867311,20077.84876
48.46,-0.000014,-0.377324,0.000012,-9.824935,-0.07232,0.927236,-32934.18247,-135.750149,20176.86324
48.47,-0.000014,-0.384881,0.000032,-9.757477,-0.006744,0.870686,-32768.73224,-50.888824,20451.487
48.48,-0.000142,-0.392449,-0.000005,-9.725329,-0.023601,1.019074,-32560.45818,-298.522581,20305.62062
48.49,-0.000032,-0.400073,0.000071,-9.768498,0.040625,1.015869,-32723.53146,265.175996,20277.00684
48.5,0.000026,-0.407504,0.000111,-9.747201,-0.016072,1.11542,-32641.34111,5.349086,20998.93295
48.51,-0.000161,-0.414943,0.000079,-9.685737,-0.049683,1.153918,-32779.06643,-252.691498,20516.64832
48.52,-0.000094,-0.422412,-0.000191,-9.809354,0.027876,1.146166,-32733.2065,-290.178402,20734.62091
48.53,-0.000033,-0.4298,-0.000145,-9.739321,-0.050363,1.107113,-32476.73149,-38.934583,20892.3463
48.54,0.000005,-0.43714,0.000078,-9.690131,-0.038522,1.196288,-32528.80926,86.169612,21277.40053
48.55,-0.000061,-0.444314,0.000061,-9.718469,-0.032765,1.185479,-32336.4957,260.376918,21124.97269
48.56,-0.000065,-0.451537,0.000126,-9.786592,-0.020733,1.334396,-31970.04563,-231.834973,21314.25054
48.57,-0.000238,-0.458751,0.000001,-9.723407,-0.014349,1.413377,-31850.34785,13.71965,21800.05316
48.58,-0.000137,-0.465763,0.000137,-9.641812,0.042459,1.394498,-31754.2767,-105.090155,22039.59872
48.59,-0.00013,-0.473047,0.000125,-9.675806,0.049648,1.43345,-31870.77027,-176.643138,21984.67029
48.6,-0.000095,-0.479998,-0.000119,-9.649155,0.01196,1.515753,-31659.25012,-117.443949,22053.58769
48.61,-0.000052,-0.486839,0.000013,-9.757908,-0.053281,1.586914,-31764.74241,143.626189,22128.76281
48.62,-0.00005,-0.4937,0.00013,-9.617007,-0.041491,1.507477,-31478.34947,89.548541,22018.00806
48.63,0.000084,-0.500658,0.000158,-9.622098,-0.011944,1.613114,-31166.47128,22.3937,22593.99685
48.64,-0.000185,-0.50759,-0.000091,-9.598526,0.028365,1.662769,-30960.17225,-61.426337,22713.64448
48.65,0.000154,-0.514252,0.000042,-9.592474,-0.083268,1.676876,-30764.87165,82.843502,22741.57796
48.66,-0.000106,-0.52105,-0.000192,-9.497311,0.03757,1.837579,-31169.84289,-53.006523,23180.57307
48.67,0.000156,-0.527605,0.000058,-9.68079,0.09949,1.745394,-30773.80666,129.827683,23318.00647
48.68,-0.000163,-0.534181,0.000086,-9.599737,0.016834,1.815107,-30745.79989,-396.845509,23076.91716
48.69,-0.000047,-0.540642,-0.00002,-9.58976,-0.15308,1.952057,-30316.81566,-185.316474,23639.5156
48.7,-0.000012,-0.547078,0.000102,-9.609762,-0.032805,1.891835,-30309.64189,-117.830901,23384.69538
48.71,-0.000007,-0.553566,-0.000033,-9.664263,-0.058072,1.964867,-30053.96838,-27.321538,24057.76215
48.72,0.000008,-0.559931,-0.00003,-9.588111,-0.076236,2.034302,-30215.67471,-221.281681,23959.24687
48.73,0.000027,-0.566315,0.000004,-9.665797,0.100524,2.148779,-30017.95434,-10.075016,24384.95913
48.74,0.000028,-0.572309,0.00002,-9.69485,0.031375,2.313268,-29828.80329,-114.171317,24165.9652
48.75,-0.000035,-0.578497,0.000047,-9.536347,0.023232,2.26164,-29948.464,229.856421,24496.75488
48.76,-0.000107,-0.584597,0.000067,-9.441419,0.108549,2.305687,-29385.52901,100.835636,24846.81615
48.77,-0.000031,-0.590564,0.00008,-9.622828,-0.005601,2.263226,-29295.11956,-159.921769,24637.97641
48.78,-0.00008,-0.596608,0.000222,-9.581376,0.049716,2.394222,-29460.73848,-179.940386,24980.1354
48.79,-0.000103,-0.602541,-0.000017,-9.51329,0.02483,2.502743,-29311.38369,-76.031267,25550.7435
48.8,-0.000009,-0.608458,0.000092,-9.521431,0.074987,2.475941,-29091.25243,115.947983,25147.142
48.81,0.000026,-0.614178,-0.000021,-9.428931,-0.014688,2.569808,-29076.23483,460.212818,25793.0994
48.82,-0.00017,-0.619803,-0.000045,-9.463003,0.051156,2.680034,-28626.11384,-100.960703,25540.87215
48.83,-0.000095,-0.625471,-0.000007,-9.429111,0.058954,2.626931,-28631.35763,400.588181,25764.16753
48.84,0.000033,-0.630854,-0.000133,-9.390655,-0.06845,2.615305,-28559.81228,-90.82261,26068.76427
48.85,-0.000111,-0.636462,-0.000039,-9.477314,0.04084,2.808047,-28216.85541,-73.252162,26125.50403
48.86,-0.000087,-0.641885,0.000174,-9.371574,-0.045151,2.837631,-28114.85189,489.085167,26601.03464
48.87,0.000062,-0.647279,0.000064,-9.418512,-0.007667,2.943932,-28168.2716,288.781121,26900.03161
48.88,-0.000072,-0.652547,-0.000049,-9.340117,-0.004392,2.985059,-27544.4296,68.618595,27213.92875
48.89,-0.000195,-0.657771,0.000138,-9.314727,0.033068,3.01497,-27794.80328,-23.093184,26840.89254
48.9,0.000027,-0.663037,0.000036,-9.273419,0.054434,3.050688,-27056.20357,-185.744373,27339.848
48.91,-0.000095,-0.667912,-0.000043,-9.316535,-0.019105,3.128033,-27417.25518,267.62135,27297.72081
48.92,0.00004,-0.672944,0.000103,-9.280522,-0.031906,3.324883,-27153.36899,-199.865215,27424.97951
48.93,0.000036,-0.678011,0.000034,-9.21898,0.076622,3.298227,-26825.72558,12.639183,27497.48597
48.94,0.000092,-0.682681,0.000144,-9.21088,-0.007846,3.358282,-26284.59337,84.151339,27767.6516
48.95,-0.000003,-0.687492,0.000078,-9.053278,0.062283,3.440931,-26233.10966,231.023745,28174.40097
48.96,0.000052,-0.692027,0.00018,-9.267981,-0.022812,3.544467,-26474.80562,-6.341374,28205.01849
48.97,-0.000136,-0.696682,-0.000067,-9.122527,-0.014657,3.601761,-26281.13324,9.564931,28270.98535
48.98,-0.000051,-0.701311,0.000108,-9.09884,-0.037922,3.634132,-25933.97132,81.925037,28260.16219
48.99,-0.000012,-0.705646,0,-9.049864,0.038038,3.680165,-25474.63844,-213.331298,29068.65817
49,0.000034,-0.710105,0.000053,-9.090029,-0.00373,3.783174,-25489.39586,-264.897964,29487.74208
49.01,-0.000144,-0.714395,0.000081,-9.018869,0.057315,3.799929,-24673.16065,-437.761105,29292.92522
49.02,0.000029,-0.718676,0.000031,-9.008619,-0.009299,3.90253,-25464.77213,61.311494,29263.20931
49.03,-0.000006,-0.722782,0.000113,-9.032791,0.064598,3.933839,-24762.83869,-35.388912,29434.47919
49.04,0.000125,-0.726946,0.000228,-8.878097,0.07328,3.944278,-24789.61634,30.058252,29844.29614
49.05,-0.000298,-0.730799,-0.000018,-8.906552,0.028985,4.076487,-24405.104,257.823636,29745.81334
49.06,0.000135,-0.73487,0.000146,-8.859581,-0.042923,4.192536,-23953.60298,228.871458,29830.59432
49.07,-0.000126,-0.738721,0.000123,-8.844782,-0.01075,4.083662,-23779.09536,-138.144711,30150.64046
49.08,0.000036,-0.742431,0.000263,-8.78638,-0.071681,4.346489,-23145.55821,121.143176,30433.53224
49.09,-0.000068,-0.745902,-0.000035,-8.74147,-0.06649,4.265677,-23664.5216,62.392367,30526.38293
49.1,-0.000124,-0.749615,-0.000035,-8.74043,0.064884,4.418338,-23224.49157,-38.082501,31242.9585
49.11,0,-0.753313,0.000069,-8.713944,0.008377,4.557263,-22824.84558,51.160452,31059.93623
49.12,-0.000089,-0.75663,0.000072,-8.667202,-0.061497,4.607898,-22928.64703,134.971862,31140.69233
49.13,-0.000059,-0.759923,0.000124,-8.607473,-0.000287,4.59622,-22680.43786,165.816256,30839.14374
49.14,-0.000014,-0.763105,0.000169,-8.549903,0.031957,4.659698,-22294.13829,-119.840233,31235.3801
49.15,-0.000046,-0.766236,0.000017,-8.525265,-0.016209,4.726735,-22121.59904,-39.167155,31782.06017
49.16,0.000013,-0.76935,0.000006,-8.638475,-0.017717,4.93825,-21576.87348,113.978935,32074.27646
49.17,-0.000171,-0.772509,-0.000029,-8.594836,-0.06604,4.917591,-21946.54435,-305.864988,32019.90316
49.18,0.000009,-0.775327,0.000028,-8.514515,0.047285,5.019475,-21491.86423,-19.769642,32258.37845
49.19,0.000002,-0.778084,0.000175,-8.453975,-0.02821,5.054907,-20711.13643,135.231392,32413.45762
49.2,-0.000091,-0.780847,0.000115,-8.368247,0.077351,5.056514,-20693.31187,-157.179063,32379.42344
49.21,-0.000122,-0.783545,-0.000026,-8.333597,-0.031005,5.074965,-20759.61333,-8.286354,32673.43536
49.22,-0.000059,-0.786095,-0.000094,-8.368683,-0.048353,5.278193,-20458.29764,127.477425,32633.83869
49.23,-0.000115,-0.788691,0.000061,-8.229698,0.006469,5.256597,-19685.66536,2.044491,32801.72529
49.24,-0.000104,-0.790991,-0.000021,-8.241628,0.063743,5.326938,-19585.70934,280.516274,33149.64104
49.25,-0.000084,-0.793287,0.000081,-8.277199,-0.006579,5.299658,-19476.51489,-199.795392,33066.47184
49.26,-0.000026,-0.795572,0.00014,-8.173388,-0.041722,5.366952,-19484.55192,-54.700475,33770.55456
49.27,0.00008,-0.797743,-0.00001,-8.19277,-0.001109,5.54709,-18990.63934,-302.581884,33622.39149
49.28,-0.00013,-0.799615,-0.000024,-8.037756,-0.045504,5.538885,-18671.0437,199.717485,33828.45456
49.29,-0.000154,-0.801709,0.000145,-8.009366,0.047725,5.69917,-18730.98194,32.935542,33892.60882
49.3,-0.000147,-0.803622,-0.000071,-7.967087,-0.049094,5.748161,-18300.18083,242.691239,34023.72275
49.31,-0.0001,-0.80526,0.000068,-7.908573,-0.028537,5.724569,-17960.18305,-37.384388,34296.82128
49.32,-0.000062,-0.807098,0.000078,-7.904441,0.057572,5.90822,-17341.08126,94.579757,34308.4851
49.33,-0.000049,-0.808821,-0.000049,-7.846549,0.009306,5.985854,-17191.38976,-195.172433,34412.71043
49.34,0.000135,-0.810309,0.000157,-7.851398,-0.025948,5.957614,-17113.06217,-91.122012,34983.27973
49.35,-0.000102,-0.811566,0.000114,-7.715513,-0.084657,6.053471,-16593.21629,-1.458525,34347.63129
49.36,-0.000058,-0.812852,-0.000028,-7.759035,0.04414,6.090039,-16268.51495,18.896842,34739.19472
49.37,-0.00006,-0.814359,-0.000014,-7.659285,0.042141,6.158285,-16280.60802,52.672286,34601.78907
49.38,-0.000071,-0.815537,0.000025,-7.631449,0.044661,6.204641,-16106.33157,103.666124,35003.50648
49.39,0.000097,-0.816684,-0.000055,-7.518153,0.065014,6.208048,-15728.14245,-185.100171,35529.76912
49.4,-0.000122,-0.817563,0.000141,-7.445623,0.043423,6.45288,-15445.95835,26.303778,35515.24309
49.41,0.000023,-0.818382,0.000071,-7.522688,0.039528,6.51432,-15114.44599,-155.320893,35919.80677
49.42,0.000168,-0.819331,-0.000046,-7.357303,0.001291,6.44592,-14607.98511,165.848018,35510.01638
49.43,-0.000042,-0.819937,0.000033,-7.408846,0.065976,6.459891,-13895.17752,132.476792,35544.27946
49.44,-0.000112,-0.820699,0.00003,-7.362689,0.038424,6.63545,-14450.60803,224.536037,35640.64483
49.45,-0.000101,-0.821168,-0.00004,-7.171609,0.041026,6.594406,-13592.44643,-343.288213,35864.88533
49.46,0.000077,-0.821538,0.000214,-7.164243,-0.019467,6.657684,-13257.7415,-81.301288,36214.95146
49.47,-0.000084,-0.821932,0.000032,-7.086988,-0.054807,6.751533,-13264.55472,216.3398,36211.35718
49.48,-0.000038,-0.82223,0.000039,-6.976512,-0.006762,6.810033,-12954.90723,208.169397,36253.18106
49.49,-0.00021,-0.822412,0.000113,-6.953446,-0.064473,6.892579,-12567.09562,500.267619,36390.75514
49.5,-0.000208,-0.822509,0.000103,-6.877679,0.028357,6.894927,-12116.41246,-101.592848,36352.83885
49.51,0.00007,-0.822486,0.000093,-6.836335,-0.023204,7.03012,-12084.82019,198.516357,36842.87415
49.52,0.000112,-0.822276,0.000014,-6.871944,-0.057923,7.124468,-11633.73963,-71.98519,36820.25869
49.53,-0.000092,-0.82212,0.000073,-6.773566,-0.011498,7.0366,-11456.38004,362.000503,36941.57548
49.54,-0.000087,-0.821957,0.000081,-6.731203,0.071871,7.182555,-11098.60393,4.808614,36819.01124
49.55,-0.000057,-0.821599,0.000033,-6.647634,-0.097242,7.252995,-10824.1253,372.482942,36728.43942
49.56,-0.000169,-0.820976,0.000159,-6.565367,0.056308,7.244,-10436.43545,121.254469,36837.78142
49.57,0.000092,-0.820597,0.000064,-6.499856,-0.032477,7.245754,-10069.23039,141.981221,36870.51359
49.58,0.00001,-0.819883,-0.000105,-6.564076,0.033729,7.354516,-9722.225836,-52.063602,37149.46824
49.59,-0.000009,-0.81932,0.000047,-6.411614,-0.085245,7.509649,-9790.168044,14.451615,37557.28296
49.6,-0.000097,-0.818275,0.0001,-6.375523,-0.094254,7.408666,-9439.780206,272.190786,37819.2061
49.61,-0.000042,-0.817402,0.000047,-6.316041,0.045101,7.550534,-8778.23113,-154.229693,37572.88118
49.62,-0.000102,-0.816549,0.000022,-6.198666,-0.038944,7.621312,-8793.213621,-278.481999,37599.03349
49.63,-0.000035,-0.815381,0.000043,-6.163305,0.049181,7.589052,-8793.524687,9.909222,37395.98569
49.64,-0.000045,-0.814197,0.000079,-6.131449,-0.048048,7.64672,-8401.185786,-75.106578,37555.54257
49.65,0.000043,-0.813015,-0.000059,-6.079515,0.021813,7.705799,-7544.635229,233.374054,38165.55039
49.66,-0.000137,-0.811823,0.000152,-6.052699,-0.027507,7.741895,-7436.559003,-67.227225,37816.74814
49.67,-0.000004,-0.810284,-0.000032,-5.996801,0.003493,7.832086,-6956.761482,-6.449468,38121.00509
49.68,-0.000008,-0.808729,0.000081,-5.848955,0.069742,7.794756,-6922.49503,-99.515686,38186.32645
49.69,-0.000112,-0.8072,0.000189,-5.751513,0.008868,7.869337,-6410.291911,122.678812,37974.08602
49.7,-0.000122,-0.805403,0.000169,-5.654475,-0.064435,7.974346,-6302.021966,45.486312,37845.59731
49.71,-0.000198,-0.80355,0.00006,-5.625511,-0.021861,7.976846,-5998.609592,-185.913991,38147.72078
49.72,-0.000052,-0.801708,-0.000049,-5.545159,0.054352,8.030843,-5839.682171,-318.637236,38034.56036
49.73,-0.000232,-0.799602,0.000029,-5.460201,0.012594,8.041951,-5519.389977,-118.572704,37907.17227
49.74,0.000038,-0.797615,0.000079,-5.420851,-0.009132,8.123269,-4521.627219,-15.960125,38547.23852
49.75,0,-0.795507,0.00019,-5.375795,0.015261,8.149846,-4637.761055,-15.965671,38026.11491
49.76,0.000003,-0.793231,0.000028,-5.357883,0.02948,8.269473,-4243.234077,86.25737,38325.42017
49.77,-0.000076,-0.791016,0.000088,-5.175671,-0.004669,8.282187,-4112.806104,-191.289052,38112.92379
49.78,0.000007,-0.788452,0.000126,-5.238266,0.097715,8.328304,-3794.361269,102.810879,38688.73891
49.79,-0.000034,-0.785959,0.000082,-5.109149,0.063448,8.393763,-3899.49266,91.292178,38369.73351
49.8,-0.000008,-0.783513,0.000025,-5.105068,-0.017531,8.454909,-3373.653829,-52.203249,38539.10378
49.81,-0.000134,-0.780883,0.000027,-4.983963,-0.026418,8.424765,-2993.308255,-31.432708,38371.00956
49.82,-0.000114,-0.778137,0.000037,-4.880786,-0.061824,8.46722,-2641.73509,524.866881,38908.93865
49.83,-0.00009,-0.775468,0.000039,-4.812212,0.051175,8.460639,-2089.54699,-333.844825,38845.99961
49.84,0.000113,-0.77232,0.000147,-4.80877,0.01687,8.563297,-2078.478288,65.93678,38394.77023
49.85,-0.000041,-0.769304,-0.000004,-4.748819,-0.030186,8.573296,-1626.102865,-207.003573,38723.99571
49.86,-0.000079,-0.766264,-0.000069,-4.663612,-0.000102,8.706829,-1316.008603,-97.611731,38495.28832
49.87,-0.000034,-0.763112,0.000199,-4.586346,0.036383,8.689508,-1312.191065,3.085939,38496.08384
49.88,-0.0001,-0.759847,-0.000002,-4.554496,0.042055,8.664912,-941.338942,-170.665579,38524.43427
49.89,-0.000086,-0.756779,-0.000027,-4.419904,0.03232,8.702217,-616.781644,-14.521037,38405.36276
49.9,0.00006,-0.753081,0.000067,-4.36502,-0.022585,8.801849,27.108087,-95.012961,38788.06078
49.91,0.000174,-0.749576,-0.000053,-4.3922,0.010053,8.860964,48.801494,159.076702,38143.29014
49.92,-0.000057,-0.746042,0.000193,-4.303328,-0.099068,8.786049,681.309484,-344.621833,38456.09314
49.93,-0.000117,-0.742333,0.000138,-4.185051,-0.005829,8.777199,462.583478,199.058161,38700.49192
49.94,-0.000109,-0.738614,-0.000119,-4.171778,-0.025609,8.786837,689.839773,130.48633,38707.85515
49.95,-0.00003,-0.734982,0.000021,-4.102485,-0.010036,8.893841,1058.350386,-53.795835,38490.67406
49.96,0.000109,-0.730846,0.000058,-4.03889,0.06278,8.875074,1444.358745,116.714785,38656.43404
49.97,-0.000026,-0.726705,0.000102,-3.978154,0.054189,8.982963,1616.223761,11.034905,38560.41872
49.98,0.000051,-0.722859,0.000017,-3.954526,0.019069,8.879107,2012.230571,-297.725218,38263.54524
49.99,-0.000129,-0.718687,-0.000006,-3.845615,0.025068,8.963693,2141.976041,-85.20882,38608.93561
50,0.000046,-0.714389,0.000044,-3.721581,0.000774,9.056731,2378.446116,456.491532,38224.77426
50.01,-0.000086,-0.710387,0.000003,-3.561108,0.036935,9.091799,2832.707737,-7.094935,38219.22987
50.02,-0.000013,-0.705697,-0.000212,-3.711297,-0.080349,9.09002,3281.356807,62.977028,38312.444
50.03,-0.000246,-0.701278,-0.000035,-3.560313,0.028675,9.087183,3303.989971,-230.237645,38590.2335
50.04,-0.000058,-0.696794,0.000105,-3.522596,0.022674,9.084588,3655.578309,-149.990013,38535.96112
50.05,-0.000199,-0.692188,0.000135,-3.44071,0.045091,9.165542,3531.486673,77.063753,38451.1676
50.06,-0.000021,-0.687519,0.000093,-3.362652,0.00304,9.23098,4163.97154,80.710381,38506.84467
50.07,-0.000014,-0.682758,0.000114,-3.287433,-0.010233,9.211105,4628.610687,-136.814497,38465.38407
50.08,0.000019,-0.677852,0.000135,-3.262161,0.026804,9.208768,4602.87892,-101.703652,38340.68247
50.09,-0.00014,-0.672859,0.000037,-3.117139,-0.129866,9.302927,4846.802083,138.87922,38344.57273
50.1,-0.00012,-0.667987,0.000155,-3.036832,0.004244,9.328486,5338.637134,-173.388672,38240.54042
50.11,-0.000087,-0.662903,-0.000002,-3.04089,0.137512,9.365157,5626.674536,199.190407,38525.55677
50.12,-0.000107,-0.657655,0.000245,-2.92244,-0.028467,9.341808,5925.627352,-249.648978,38100.77757
50.13,0.000077,-0.652487,0.000119,-2.959281,-0.017733,9.324478,5985.75579,-249.322926,37981.28379
50.14,-0.000069,-0.647295,-0.000047,-2.869508,-0.045807,9.416835,5963.299214,-85.678765,38333.51091
50.15,0.000085,-0.641932,-0.000008,-2.809309,0.033272,9.359988,6451.9469,-200.705782,37703.84356
50.16,-0.000094,-0.636466,0.000007,-2.734121,0.124367,9.459207,6573.522372,429.541282,37865.20463
50.17,-0.000037,-0.630978,0.00017,-2.664073,0.044739,9.494749,6863.595129,548.044127,38011.83005
50.18,-0.000146,-0.625408,-0.000006,-2.566923,-0.024732,9.427933,7071.483623,-16.350824,37653.68474
50.19,-0.000076,-0.619666,0.000108,-2.56205,0.077285,9.510112,7585.756596,-6.053782,37572.79632
50.2,-0.000072,-0.614067,0.000053,-2.54027,0.031841,9.507445,7377.570188,-145.305478,37566.38161
50.21,0.000057,-0.608388,0.000096,-2.480237,-0.028941,9.403626,7908.725541,-407.376519,37987.31732
50.22,-0.000057,-0.602516,0.000041,-2.476431,-0.047564,9.59351,8281.059641,-420.502647,37455.05876
50.23,-0.000092,-0.596612,0.000139,-2.337962,0.053757,9.536263,8328.482011,124.040611,37827.11664
50.24,-0.000091,-0.590693,0.000086,-2.299199,0.08023,9.531285,8529.904726,25.247806,37376.49996
50.25,-0.000104,-0.584559,0.000115,-2.193813,0.015378,9.517754,8849.470584,-161.884981,37474.46013
50.26,-0.000236,-0.5786,-0.000039,-2.204235,0.031709,9.544081,8834.481754,35.632851,37789.94279
50.27,0.000033,-0.572309,-0.000049,-2.061811,-0.016484,9.607957,9294.66931,-202.03713,37659.93847
50.28,-0.000098,-0.56618,0.000023,-2.067924,-0.003921,9.610624,9603.017524,-243.622269,37265.10787
50.29,0.000023,-0.559811,0.000105,-2.032598,-0.031512,9.567212,9799.811275,-111.83292,37267.27061
50.3,0.000055,-0.553475,0.000048,-1.953762,0.010274,9.66842,10040.14109,175.435116,37532.71989
50.31,-0.000076,-0.547218,0.000125,-1.894553,0.042859,9.665991,9855.355016,357.293833,36775.84146
50.32,0.000038,-0.540607,0.000026,-1.866969,0.055159,9.602745,10290.09798,60.009579,37018.52372
50.33,-0.000072,-0.534151,0.000162,-1.899923,-0.148781,9.630188,10134.58203,-15.958129,37243.57288
50.34,-0.000008,-0.527576,-0.000016,-1.702828,-0.021361,9.423443,10447.02174,76.443527,37121.24458
50.35,0,-0.520913,-0.000027,-1.638486,0.068119,9.617183,10729.85684,-138.089307,37261.51234
50.36,0.000113,-0.514345,0.000135,-1.637643,0.068761,9.631365,10812.52974,193.52192,36785.08621
50.37,-0.000056,-0.507503,-0.000013,-1.64402,0.014925,9.715922,11145.42108,10.160591,37143.92312
50.38,-0.000087,-0.500651,0.000038,-1.563281,0.02063,9.700182,11279.23482,162.839491,36718.54589
50.39,-0.000068,-0.493774,0.000116,-1.490158,0.021136,9.644959,11826.00798,-167.849318,36990.66463
50.4,-0.000024,-0.486916,0.000203,-1.560737,-0.024157,9.657633,11953.08048,-221.431355,36952.22539
50.41,-0.000053,-0.479935,0.000091,-1.522946,0.068097,9.668143,11745.33924,-136.352925,36458.19811
50.42,-0.000159,-0.473114,0.000066,-1.327652,-0.039924,9.724368,11912.93089,-44.09284,36753.17487
50.43,0.000036,-0.465858,0.000009,-1.312765,0.016359,9.707525,12647.5253,39.067483,36302.19038
50.44,-0.000094,-0.458682,0.000029,-1.297068,-0.003451,9.860679,12571.60911,-296.337738,36593.18662
50.45,-0.000176,-0.45152,0.000075,-1.171844,-0.038394,9.719954,12436.45379,-134.269854,36168.06803
50.46,-0.000005,-0.444265,0.000169,-1.256165,0.08321,9.774805,12920.57506,41.687056,36359.23751
50.47,0.00001,-0.437098,-0.000127,-1.163575,-0.056764,9.688998,12547.507,-133.400499,36169.58191
50.48,-0.000013,-0.429776,0.000168,-1.132829,-0.02363,9.726418,13273.74194,285.10455,36448.41347
50.49,0.000071,-0.422355,0.000173,-1.081775,-0.060594,9.758299,13508.11242,235.17852,36134.80788
50.5,-0.000045,-0.414986,-0.000018,-1.034052,0.031307,9.685208,13388.63075,-323.804058,36280.12625
50.51,-0.000065,-0.407506,0.000146,-0.953692,0.051799,9.774078,13633.66943,-249.898436,36270.90174
50.52,-0.000101,-0.399951,0.000256,-0.993323,-0.042452,9.754969,13603.12084,-379.411466,36018.84725
50.53,-0.000154,-0.392495,0.000057,-0.898106,0.023487,9.766773,13944.08867,-109.765386,36001.31472
50.54,0.000048,-0.384712,0.000161,-0.959357,-0.016082,9.765338,14014.09251,-92.082262,35825.84874
50.55,-0.000041,-0.377323,0.00005,-0.866677,0.018568,9.825442,13752.75176,57.699641,35902.68337
50.56,-0.000042,-0.369555,-0.000022,-0.862618,0.023713,9.731551,14530.85675,98.568143,35803.39177
50.57,0.000093,-0.361923,0.000113,-0.814793,-0.015635,9.869451,14062.49283,-395.312824,35682.67692
50.58,-0.00002,-0.354201,0.00006,-0.70466,-0.012296,9.836809,14359.86211,94.415581,35730.89069
50.59,-0.000037,-0.34633,0.000124,-0.695535,0.021379,9.728871,14578.66438,225.079358,35744.26363
50.6,-0.000079,-0.338264,0.000152,-0.71767,-0.075978,9.828611,14779.6196,40.939177,35716.36254
50.61,-0.000117,-0.330829,0.000163,-0.705223,0.068249,9.71575,14792.45404,309.399024,35607.3129
50.62,-0.000017,-0.322703,-0.000029,-0.604522,0.008162,9.727935,15052.33239,256.89091,35481.17668
50.63,-0.000162,-0.314931,0.000276,-0.674007,-0.029438,9.868428,14923.63271,120.886366,35744.67459
50.64,0.0001,-0.306844,0.000216,-0.471936,-0.068043,9.791992,15495.55666,4.186739,35773.93058
50.65,-0.000198,-0.298728,0.000115,-0.525206,0.054839,9.810256,15223.90307,-15.666226,35524.12982
50.66,-0.000113,-0.290787,-0.000036,-0.529779,0.111506,9.833529,15339.29528,-177.152984,35269.07364
50.67,-0.000035,-0.282562,0.00014,-0.497652,0.05851,9.83755,16010.96413,109.789424,35439.29716
50.68,-0.000003,-0.274475,-0.0001,-0.367346,-0.059478,9.805748,15353.62094,-69.082569,35234.62601
50.69,0.000136,-0.266443,-0.00006,-0.43745,-0.009554,9.787635,15680.58083,131.049828,34955.27207
50.7,-0.000072,-0.258332,0.000062,-0.357318,-0.051584,9.850811,15793.14833,213.443754,35412.6694
50.71,-0.000012,-0.250286,0.000163,-0.375175,0.019356,9.794918,15279.9369,214.038614,35055.9594
50.72,0.000111,-0.241955,0.000182,-0.314742,0.037051,9.782729,15771.20634,278.234433,35416.53108
50.73,0.00007,-0.233533,0.000195,-0.262429,-0.022369,9.821633,15913.49481,-4.482137,34932.91726
50.74,-0.000159,-0.225287,-0.000034,-0.290225,-0.035569,9.688909,15977.27224,-80.774013,34673.75827
50.75,0.000166,-0.217138,-0.000052,-0.304996,-0.034911,9.777834,16100.97691,282.387829,34838.2351
50.76,0.000058,-0.208681,0.000056,-0.179361,-0.051107,9.833306,16125.81747,-45.610737,34908.48021
50.77,-0.000027,-0.200339,0.000204,-0.091186,-0.047216,9.825524,16256.7612,70.447449,35030.83787
50.78,-0.000101,-0.192077,0.000004,-0.16742,0.001072,9.81307,16406.66751,89.646471,35040.18094
50.79,-0.000046,-0.183642,-0.000058,-0.152159,0.121767,9.770171,16668.14713,-63.983716,34632.34168
50.8,-0.000013,-0.175348,0.000027,-0.143079,0.009184,9.911963,16709.11055,-200.51149,34670.21545
50.81,-0.000061,-0.166835,0.000183,-0.074731,0.09814,9.834934,16630.13898,-188.956673,34704.22112
50.82,0.000103,-0.158277,0.000192,-0.1163,0.002638,9.788546,16723.64296,40.319119,35024.44254
50.83,-0.000064,-0.149788,0.000049,-0.160499,0.018411,9.84568,16738.36658,-253.661082,35004.10419
50.84,-0.000019,-0.14141,-0.000063,-0.091542,-0.07754,9.833605,16848.67138,-336.409196,34613.86473
50.85,-0.000092,-0.132956,0.000086,0.043628,-0.003357,9.75408,16705.5552,342.030913,34705.1383
50.86,-0.00005,-0.124509,-0.000047,-0.017059,-0.049883,9.813915,16808.04037,183.053647,34742.40141
50.87,-0.000039,-0.116018,-0.000049,-0.056367,-0.02655,9.761054,16764.56115,58.404422,34726.44098
50.88,-0.000048,-0.107366,-0.000019,-0.046042,-0.057183,9.826633,16993.59032,-68.879108,34688.27985
50.89,-0.000195,-0.098812,0.000125,-0.026477,-0.056071,9.843793,17037.19863,-211.95734,34383.14163
50.9,-0.000075,-0.090314,-0.000149,-0.105256,0.01186,9.77079,17244.18772,-524.824681,34773.33153
50.91,0.000039,-0.081811,0.000116,-0.094683,-0.025289,9.815215,16735.52285,97.548143,34722.60184
50.92,-0.000091,-0.073153,0.000037,0.00884,0.030659,9.764238,16794.14169,-49.404998,34528.92115
50.93,-0.000196,-0.064318,-0.000083,-0.026073,-0.131763,9.84801,16968.28362,61.338555,34672.98249
50.94,-0.00003,-0.05604,0.000033,-0.015645,-0.007947,9.793205,17096.91081,-9.344659,34676.13253
50.95,0.000081,-0.047536,0.000041,-0.106083,0.015136,9.814421,17309.38938,-135.457028,34950.76317
50.96,0.000004,-0.038761,0.000088,-0.011212,0.051139,9.799837,17224.71762,6.542674,34659.70677
50.97,-0.000105,-0.03031,-0.000061,-0.030473,0.056453,9.795437,17095.69128,-462.740199,34406.76048
50.98,-0.000075,-0.021493,0.000061,-0.044876,-0.109943,9.784243,16841.62377,150.691153,34707.45668
50.99,0.000101,-0.012939,0.000071,-0.021897,-0.055238,9.829621,17449.83388,256.176492,34735.71357
51,-0.000022,-0.004486,0.000104,-0.083024,-0.005617,9.809068,17292.68989,-17.632426,34599.66307
51.01,0.003927,-0.001745,0.001941,0.049403,-0.000913,9.792778,17292.24894,327.829864,34582.99949
51.02,0.012043,-0.005068,0.005128,0.050938,0.070425,9.819312,17028.30483,143.52512,34746.20158
51.03,0.020287,-0.008443,0.00842,-0.041956,0.027701,9.749345,16987.47784,-285.87005,34447.46041
51.04,0.028572,-0.011983,0.011744,0.066556,0.018711,9.761465,17182.07942,132.35005,34600.30561
51.05,0.036648,-0.015124,0.01513,0.096545,-0.061261,9.858955,17439.87475,-322.302855,34386.34058
51.06,0.044556,-0.018555,0.018788,-0.011615,-0.011343,9.730446,17198.97681,302.875822,34203.1495
51.07,0.052788,-0.021983,0.021938,-0.088667,0.030551,9.75755,17545.22613,21.328893,34416.73831
51.08,0.060796,-0.025119,0.025301,0.062078,0.02287,9.823954,16959.10765,242.078062,35058.48042
51.09,0.069059,-0.02859,0.028807,0.108316,-0.051983,9.812996,17088.55378,426.982658,34459.0816
51.1,0.077075,-0.031931,0.031892,-0.005636,0.073043,9.798335,17294.06722,288.49271,34528.01936
51.11,0.085085,-0.03527,0.035285,-0.007268,0.007143,9.795527,16933.8672,91.797858,34191.71148
51.12,0.093412,-0.038649,0.038606,-0.048866,0.088307,9.666789,17085.38341,504.326374,34588.41252
51.13,0.101344,-0.042034,0.042048,0.052907,0.091388,9.809685,17076.73726,14.9268,34384.1131
51.14,0.109302,-0.045385,0.045469,0.015236,0.123612,9.843886,16795.73487,216.053655,34377.19208
51.15,0.117357,-0.048558,0.048648,0.076329,0.067585,9.828053,17204.35941,304.048658,34305.12133
51.16,0.125252,-0.052086,0.051957,0.036402,0.075972,9.859577,17522.26656,236.201507,34092.79568
51.17,0.133373,-0.055292,0.055366,-0.020407,0.100453,9.741187,17437.71692,273.180259,34172.80944
51.18,0.141279,-0.05859,0.058528,-0.039813,0.189409,9.839384,17391.12914,336.770059,34520.96214
51.19,0.149311,-0.061693,0.062053,0.073318,0.083312,9.804169,16992.15604,273.099869,34379.96399
51.2,0.157306,-0.06506,0.065365,0.100851,0.059641,9.839189,17136.21172,452.721407,34518.01047
51.21,0.165364,-0.068381,0.068512,0.092073,0.264056,9.75783,17442.02006,663.901371,34414.12487
51.22,0.173207,-0.071869,0.07187,0.171411,0.194983,9.8229,17256.38514,409.817069,34257.40282
51.23,0.181021,-0.075116,0.075137,0.129852,0.323628,9.854528,17322.06035,808.50738,34268.72041
51.24,0.188979,-0.07831,0.078525,0.188035,0.230853,9.839341,17734.40506,542.698665,34235.23762
51.25,0.196808,-0.081479,0.081567,0.147894,0.180506,9.815488,17376.42757,484.000469,34066.50358
51.26,0.204663,-0.084833,0.084968,0.122971,0.29612,9.884201,17243.94662,931.218582,34553.13686
51.27,0.21251,-0.088159,0.088082,0.155231,0.302554,9.808034,17091.40108,968.357957,34302.59814
51.28,0.220313,-0.091311,0.091291,0.134362,0.241241,9.791102,17529.95999,1017.454188,34482.84894
51.29,0.228134,-0.094519,0.094539,0.095964,0.263774,9.851272,17756.36867,959.481177,34047.39724
51.3,0.236012,-0.097822,0.09772,0.103304,0.302977,9.717089,17793.75035,637.90915,34372.9433
51.31,0.243818,-0.100833,0.100995,0.217464,0.448628,9.818205,17481.34111,733.239886,34321.35765
51.32,0.251415,-0.104125,0.104135,0.154769,0.428261,9.823439,17638.01944,904.91385,34292.34321
51.33,0.259077,-0.107307,0.10747,0.186147,0.440928,9.712623,17584.01965,1258.24137,33978.96434
51.34,0.266503,-0.110431,0.11054,0.20004,0.432103,9.784298,17823.33879,1355.342317,33954.72242
51.35,0.274221,-0.113694,0.113646,0.198996,0.410778,9.805876,18048.50405,1044.893281,34253.69364
51.36,0.281753,-0.116849,0.116892,0.247703,0.399117,9.714999,17680.35482,1285.591197,33916.62073
51.37,0.289292,-0.119961,0.119747,0.300506,0.460591,9.825345,17842.80406,1434.288279,33951.50198
51.38,0.296899,-0.123011,0.123066,0.284787,0.656832,9.772168,17995.18739,1664.163032,34036.15822
51.39,0.304445,-0.126246,0.126223,0.216367,0.557673,9.748191,18049.61461,1384.664338,34100.97114
51.4,0.311821,-0.129159,0.129282,0.184683,0.567478,9.755844,18032.51998,2242.45814,33850.1994
51.41,0.319291,-0.132184,0.132304,0.257861,0.690809,9.81653,18135.31652,1711.758551,34198.56825
51.42,0.326803,-0.135365,0.135399,0.297357,0.595443,9.805906,18190.79913,2044.602851,34050.028
51.43,0.334154,-0.138382,0.138444,0.294866,0.623797,9.747462,17835.11947,1873.830183,33898.48403
51.44,0.341373,-0.141432,0.141483,0.284428,0.749866,9.788169,18087.50218,1963.278524,34390.31979
51.45,0.348635,-0.144556,0.144265,0.419892,0.749817,9.775405,18111.45515,2345.814575,33882.05858
51.46,0.355894,-0.147486,0.147596,0.301984,0.789268,9.698049,18293.91703,2559.601496,33839.3746
51.47,0.363145,-0.150349,0.150625,0.366763,0.879647,9.744487,18134.60988,2392.316148,33664.85441
51.48,0.370259,-0.153489,0.153512,0.456213,0.88493,9.800319,18744.15408,2565.575433,33747.93789
51.49,0.377338,-0.156387,0.156516,0.388705,0.922935,9.838304,18568.09099,2747.263264,33557.06423
51.5,0.384519,-0.159202,0.159205,0.374068,0.99518,9.667339,18533.60403,2582.878698,33740.35064
51.51,0.391512,-0.162115,0.162126,0.426112,1.044105,9.853716,18568.88794,3018.513042,33472.13948
51.52,0.398521,-0.165075,0.164935,0.498225,1.04776,9.72671,18852.9002,2784.375905,33417.89446
51.53,0.405595,-0.168052,0.168003,0.457555,1.079862,9.739337,18720.22256,3037.181691,33471.60102
51.54,0.412509,-0.171007,0.170917,0.556079,1.073431,9.685487,18557.58576,2949.296012,33743.25049
51.55,0.419185,-0.173689,0.173647,0.565959,1.188077,9.7032,18943.3661,2606.351185,33303.7727
51.56,0.426159,-0.176614,0.176573,0.521499,1.223441,9.705181,18906.09637,3242.468506,33563.93816
51.57,0.432856,-0.179328,0.179322,0.515965,1.244219,9.747981,19006.25862,3262.759444,33330.22631
51.58,0.439508,-0.182015,0.182169,0.524413,1.257337,9.733934,18886.64266,3767.493887,33362.64937
51.59,0.446197,-0.184964,0.184908,0.503181,1.307341,9.74329,18991.60265,3437.983454,33205.40629
51.6,0.452875,-0.187615,0.187763,0.568266,1.394819,9.80936,19243.93292,3819.801888,33214.74734
51.61,0.459237,-0.190118,0.190345,0.666556,1.360238,9.797886,19566.52466,3783.816338,33428.95036
51.62,0.465828,-0.193191,0.19314,0.694076,1.503686,9.694856,19696.43397,4058.619806,32904.00592
51.63,0.472451,-0.195739,0.195741,0.638496,1.490378,9.657647,19531.59802,3879.258608,33032.41105
51.64,0.478838,-0.198416,0.198506,0.788584,1.602643,9.645102,19354.37917,4193.978856,33233.7926
51.65,0.485246,-0.201028,0.2009,0.734622,1.615672,9.714659,19477.44621,4734.555147,32936.05449
51.66,0.491627,-0.203675,0.203569,0.789685,1.576025,9.700825,19424.48851,4506.013869,32682.35318
51.67,0.497882,-0.206184,0.206077,0.709297,1.655818,9.556293,19708.10345,4980.125527,33152.91046
51.68,0.503832,-0.208833,0.208715,0.772948,1.762371,9.623853,19552.03536,4515.686491,32524.53823
51.69,0.510116,-0.211118,0.211633,0.868578,1.82331,9.600302,19828.55311,4763.300284,32741.17894
51.7,0.516221,-0.213802,0.213976,0.813199,1.886224,9.634753,19659.54438,4922.436243,32430.81675
51.71,0.522254,-0.216502,0.216493,0.915822,1.931079,9.573922,19786.30652,5251.808435,32420.47488
51.72,0.528231,-0.218811,0.218939,0.856161,1.928264,9.551256,20450.50609,4970.392866,32543.62315
51.73,0.534101,-0.221158,0.221338,0.882473,1.922854,9.557762,20245.6311,5642.262566,32872.73626
51.74,0.540057,-0.223772,0.223823,0.925256,2.038233,9.580373,20731.64753,5683.574989,32521.52305
51.75,0.545932,-0.226188,0.226217,1.029238,2.082252,9.549193,20557.50394,5782.320904,32063.85341
51.76,0.551552,-0.228628,0.228518,1.01817,2.125353,9.542704,20078.15419,5547.322568,31949.66225
51.77,0.557329,-0.230827,0.230996,0.992823,2.174354,9.445347,20647.09875,6015.834734,32041.76012
51.78,0.562842,-0.233232,0.233238,1.10175,2.228647,9.518805,20485.54783,6137.699795,32217.22862
51.79,0.568519,-0.23552,0.235453,1.006989,2.222335,9.449055,20781.04787,6304.282631,31750.44259
51.8,0.57383,-0.237685,0.237908,1.002932,2.372005,9.494007,20647.76653,6519.709652,31723.4757
51.81,0.579345,-0.239911,0.240062,1.132754,2.426655,9.35711,21170.1989,6879.046507,31795.76822
51.82,0.584818,-0.242156,0.242252,1.108635,2.478971,9.466697,21192.90201,6603.76078,31723.01381
51.83,0.59002,-0.244618,0.24452,1.183371,2.500339,9.418703,21040.45115,6867.929748,31641.77063
51.84,0.595373,-0.246563,0.246719,1.195737,2.50536,9.346582,21222.52754,6447.813349,31435.23175
51.85,0.600523,-0.248684,0.248722,1.245835,2.574151,9.419882,21217.81867,6850.833477,31174.60213
51.86,0.605663,-0.250858,0.25092,1.197277,2.635877,9.33499,21303.59811,7369.974978,31301.78908
51.87,0.610828,-0.252955,0.253139,1.271884,2.675599,9.412044,21166.6593,6925.058509,31233.56259
51.88,0.615736,-0.255073,0.255254,1.426843,2.639314,9.366391,21676.4319,7408.654268,31219.87735
51.89,0.620668,-0.25709,0.257109,1.288963,2.743701,9.248751,21601.88938,7633.564995,31081.51363
51.9,0.625326,-0.259112,0.259106,1.334485,2.909899,9.35477,21424.82586,7888.018547,31024.17766
51.91,0.630212,-0.261115,0.261156,1.344135,2.938658,9.272753,21608.22227,7783.476473,30828.84351
51.92,0.634894,-0.263166,0.263011,1.440931,2.943166,9.218278,21786.14423,7811.708703,30883.88361
51.93,0.639461,-0.265061,0.264955,1.478951,2.969495,9.197547,21969.77989,8044.652254,30529.00865
51.94,0.644188,-0.266939,0.266693,1.53463,3.079846,9.127208,22054.34904,8132.826217,30567.62922
51.95,0.648591,-0.268442,0.26868,1.596554,3.061068,9.123933,22300.36713,8157.83932,30526.86217
51.96,0.653055,-0.270573,0.270641,1.535217,3.089405,9.139891,22319.72516,8193.881739,30323.1041
51.97,0.657512,-0.272355,0.272473,1.587172,3.301482,9.093348,22717.88995,8590.964768,30338.71714
51.98,0.661573,-0.274096,0.274032,1.704902,3.250926,9.050133,22763.67245,8707.628674,30164.00181
51.99,0.665895,-0.275912,0.275908,1.720216,3.325693,9.008568,22599.31778,8933.230407,29659.52886
52,0.669917,-0.277552,0.27761,1.73205,3.463277,9.047459,22804.80812,9042.705724,29969.47595
52.01,0.674029,-0.279325,0.27918,1.791095,3.581669,9.037238,22887.36664,9113.423574,30111.4807
52.02,0.678034,-0.280872,0.280925,1.7765,3.527463,8.911818,23001.76627,9341.650446,29536.98784
52.03,0.681997,-0.282418,0.28253,1.820563,3.647985,8.966665,22809.39014,9357.594641,29540.87112
52.04,0.68585,-0.284047,0.284194,1.81485,3.595512,8.838152,23496.83973,9536.72295,29428.48234
52.05,0.689623,-0.285672,0.285877,2.020927,3.664314,8.820781,23124.78133,9624.961029,29218.59403
52.06,0.693272,-0.287241,0.287288,2.021356,3.74712,8.800122,23384.62186,9758.473897,28827.45661
52.07,0.697036,-0.28858,0.288736,1.935322,3.741942,8.807857,23839.09878,9969.291109,28882.11418
52.08,0.700502,-0.290126,0.290205,2.008061,3.874876,8.740712,23843.79869,9929.881087,28877.70449
52.09,0.703947,-0.291548,0.291644,2.025937,3.929719,8.814445,23522.13077,10120.87675,28733.36851
52.1,0.707424,-0.293037,0.293155,2.191053,4.024511,8.65694,23521.4121,10031.75529,28373.11764
52.11,0.710762,-0.294188,0.294426,2.111932,4.054666,8.638428,24195.74619,10604.66142,28404.843
52.12,0.71379,-0.29585,0.295734,2.101693,3.996258,8.645101,23986.21281,10543.276,28113.96866
52.13,0.717169,-0.297152,0.296909,2.168534,4.11199,8.549607,24389.80496,10761.7315,27895.32993
52.14,0.720099,-0.298232,0.298156,2.259602,4.147339,8.513459,24211.23966,10938.3472,27851.86207
52.15,0.723013,-0.299496,0.299422,2.223911,4.177113,8.563399,24329.07191,11030.59645,27608.93329
52.16,0.726014,-0.300848,0.30086,2.354654,4.26145,8.460317,24920.61688,10917.10831,27406.96606
52.17,0.728781,-0.301966,0.301794,2.459524,4.392492,8.53321,24711.41567,10981.65324,27163.84372
52.18,0.731486,-0.303054,0.303064,2.423075,4.412886,8.433825,24571.69654,11204.73457,27128.63928
52.19,0.734136,-0.304171,0.304258,2.513555,4.570885,8.40298,25355.03402,11746.44258,26776.80437
52.2,0.736701,-0.305245,0.305296,2.48254,4.56602,8.38182,24888.78134,11827.02508,26790.66185
52.21,0.73929,-0.306191,0.306432,2.510369,4.540777,8.268633,25258.98065,11743.87469,27012.26623
52.22,0.741691,-0.307254,0.307045,2.634527,4.606254,8.245614,25620.94107,12054.49826,26584.7345
52.23,0.74404,-0.308188,0.308177,2.578343,4.618412,8.243919,25470.89641,12018.68776,26407.71108
52.24,0.746454,-0.30935,0.309333,2.633618,4.754131,8.245937,25219.74168,11965.69444,25935.76141
52.25,0.748478,-0.31018,0.310077,2.666385,4.790128,8.097199,25668.30803,12307.29942,26169.97353
52.26,0.750603,-0.311051,0.31087,2.761256,4.859638,8.140917,25583.3808,12487.13622,25628.8788
52.27,0.752602,-0.311716,0.311863,2.836623,4.824398,8.121243,25958.0333,12405.14373,25679.77082
52.28,0.754704,-0.312656,0.3126,2.734651,4.88974,7.898098,26171.35611,12734.16813,25392.82647
52.29,0.756413,-0.313359,0.31344,2.914874,4.967483,7.979238,26119.07814,12647.83872,25465.95309
52.3,0.758369,-0.314044,0.314148,2.845966,5.12805,7.840333,25921.13872,12496.70874,25621.61383
52.31,0.760023,-0.314874,0.314718,2.9171,5.03819,7.841165,26515.66586,12880.66346,24985.35049
52.32,0.761569,-0.315456,0.315509,3.028946,5.1593,7.8223,26482.83417,12770.75857,24750.40369
52.33,0.763115,-0.316131,0.31612,3.038974,5.169328,7.695296,26589.59821,12971.85913,24505.97421
52.34,0.764506,-0.316641,0.316812,2.985378,5.219511,7.767612,26613.41464,13740.4836,24604.71018
52.35,0.765838,-0.317236,0.317075,3.082429,5.269081,7.661828,26628.26385,13197.82153,24303.76176
52.36,0.767206,-0.317923,0.31781,3.087365,5.385131,7.646235,26853.66644,13493.41596,24461.27279
52.37,0.768508,-0.318307,0.318167,3.125296,5.475123,7.494705,26646.66761,13689.92486,23890.82029
52.38,0.76953,-0.318783,0.318748,3.228015,5.422558,7.545841,26948.58644,13437.55401,23212.43657
52.39,0.770393,-0.319092,0.319252,3.290422,5.489333,7.465955,27076.40954,13987.7843,23284.50059
52.4,0.771331,-0.319446,0.319492,3.218374,5.457575,7.399205,27036.20768,13831.58431,23566.10585
52.41,0.77225,-0.31995,0.319984,3.344777,5.552166,7.376489,27851.57711,13572.43029,22964.58871
52.42,0.772897,-0.320251,0.320368,3.425681,5.537815,7.309714,27636.47174,14044.5417,22729.51
52.43,0.773537,-0.320597,0.320571,3.508111,5.665982,7.235582,27921.87607,14248.9594,22685.34629
52.44,0.774207,-0.320778,0.320755,3.45536,5.73962,7.05814,28009.30176,14407.79074,22469.63035
52.45,0.774927,-0.321043,0.320955,3.518345,5.740119,7.157666,28246.54932,14117.38352,22332.31564
52.46,0.775181,-0.321211,0.321152,3.506704,5.798576,7.087184,28143.74521,14231.83711,22203.165
52.47,0.775549,-0.321349,0.321393,3.62789,5.838344,7.032315,28325.0225,14369.90693,21958.36626
52.48,0.775662,-0.321388,0.321431,3.569178,5.885288,6.975296,28499.20968,14232.19805,21528.63463
52.49,0.77621,-0.321599,0.321496,3.75643,5.88844,6.905866,28486.53713,14642.87994,21339.64501
52.5,0.776237,-0.321533,0.321602,3.676384,6.001691,6.800636,28725.04323,14505.80035,21257.48749
52.51,0.776036,-0.321606,0.321541,3.784969,5.960298,6.86645,28835.49099,14668.71688,21014.63285
52.52,0.775854,-0.321438,0.321341,3.788354,6.041972,6.728915,28945.3994,14763.35015,20749.9727
52.53,0.775825,-0.321586,0.321386,3.839184,6.11173,6.717086,28480.16054,15059.48397,20566.31504
52.54,0.775619,-0.321225,0.321265,3.869435,6.10166,6.535712,29077.79646,14928.6645,20174.37888
52.55,0.775145,-0.321166,0.321392,3.882467,6.122276,6.591678,29321.73614,15113.65197,20158.28802
52.56,0.774736,-0.320954,0.320914,3.892263,6.184651,6.496909,29298.6791,15408.6866,19838.06424
52.57,0.774189,-0.320688,0.320713,4.062819,6.168628,6.416928,29192.20713,15028.06713,19802.56383
52.58,0.773565,-0.320543,0.320489,4.077051,6.203025,6.397811,29327.81271,15120.64221,19525.28214
52.59,0.77297,-0.320256,0.320222,3.962019,6.313967,6.25248,29854.25375,15395.56118,19748.68207
52.6,0.772125,-0.319789,0.319929,4.088549,6.371584,6.314211,30116.47003,15188.86125,19137.92118
52.61,0.771313,-0.319519,0.319566,4.109545,6.469296,6.259409,30148.43183,15482.23493,19183.58008
52.62,0.77027,-0.319173,0.319327,4.11792,6.42594,6.14275,29752.35846,15552.13345,18931.83868
52.63,0.769432,-0.318633,0.318702,4.305864,6.492602,6.030511,29934.34909,15496.85868,18503.145
52.64,0.768155,-0.31834,0.318422,4.247096,6.525771,5.949287,30231.46017,15498.00169,18260.33937
52.65,0.767011,-0.317857,0.317909,4.323719,6.523845,5.882951,30308.47421,15365.27529,18254.70646
52.66,0.765805,-0.317278,0.317319,4.464748,6.560889,5.967148,30401.94101,15961.63118,17843.78578
52.67,0.764479,-0.316726,0.316746,4.443276,6.636093,5.764746,30455.06806,15266.02288,17458.84032
52.68,0.76297,-0.316107,0.316185,4.40076,6.617605,5.725561,30517.69512,15671.68375,17158.66252
52.69,0.761417,-0.315491,0.315398,4.406729,6.754593,5.785182,30501.01661,15869.39184,17598.01037
52.7,0.759968,-0.314753,0.314914,4.535708,6.680498,5.589231,30780.63498,15813.6623,16856.97689
52.71,0.758303,-0.314018,0.314195,4.492428,6.72043,5.535848,31275.44431,15715.22532,17085.56934
52.72,0.756372,-0.313291,0.313318,4.611699,6.775036,5.579875,31030.20266,15671.34054,16315.21435
52.73,0.754788,-0.312579,0.312681,4.618805,6.765111,5.39455,31043.93652,16317.64228,16560.94345
52.74,0.752538,-0.311708,0.311929,4.675086,6.729155,5.422503,31389.12393,15804.88199,16263.54387
52.75,0.750488,-0.311013,0.310948,4.722279,6.740333,5.27678,31545.78253,15676.3896,15877.65511
52.76,0.748465,-0.309972,0.310307,4.792824,6.862455,5.180437,31524.54774,15924.20831,15745.15348
52.77,0.746243,-0.309096,0.30919,4.802272,6.870237,5.114732,31614.56238,15961.97812,15553.95945
52.78,0.744188,-0.308462,0.308235,4.824231,6.818902,5.059696,31649.12451,15925.72971,15335.08103
52.79,0.741826,-0.307342,0.307404,4.781337,6.946524,5.064477,31706.54099,15954.26395,14847.95388
52.8,0.739245,-0.30617,0.306345,4.858187,6.929957,5.020114,31754.85347,15926.42921,14991.01267
52.81,0.736741,-0.305295,0.305239,4.838584,6.939322,4.908271,32016.87234,15796.2723,14878.04122
52.82,0.734287,-0.304156,0.304122,4.981143,6.939563,4.716329,32166.29125,15912.64624,14305.93273
52.83,0.731803,-0.303186,0.303053,4.952318,7.033548,4.718066,32010.46206,15874.42498,14483.66925
52.84,0.728808,-0.301999,0.301931,5.032629,6.992629,4.727408,32100.96441,16019.42727,13928.49444
52.85,0.725891,-0.300864,0.300799,5.024706,7.036707,4.627822,32535.43248,15824.62577,13790.77313
52.86,0.722916,-0.299594,0.29966,5.040085,7.054124,4.598665,32496.85257,15975.05429,13237.34038
52.87,0.719926,-0.298236,0.298416,5.145943,7.02108,4.452936,32416.30389,16187.09173,12996.76909
52.88,0.717039,-0.296976,0.297021,5.094737,7.015177,4.31423,32575.89415,15596.23214,13026.15742
52.89,0.713681,-0.2957,0.295775,5.211643,7.088385,4.34985,32210.46748,16084.82212,13176.05741
52.9,0.710531,-0.294462,0.294476,5.352855,7.105476,4.324032,32822.91352,16494.6688,12709.33308
52.91,0.707178,-0.292968,0.292988,5.196488,7.099648,4.188247,32749.78017,16080.52908,12308.27578
52.92,0.70374,-0.291465,0.291682,5.302089,7.077129,4.119955,32864.28203,15640.51929,12550.69801
52.93,0.700474,-0.290296,0.290184,5.292072,7.15705,4.02533,33111.91671,15943.59569,11992.06705
52.94,0.696914,-0.288773,0.288874,5.367235,7.181976,4.029161,32628.64906,15720.35568,12114.42696
52.95,0.693099,-0.28715,0.287068,5.449785,7.173884,3.968518,32868.42556,15858.61475,11654.81731
52.96,0.689449,-0.285795,0.285754,5.434567,7.226599,3.916893,33434.03499,15649.28112,11773.18416
52.97,0.685758,-0.284183,0.284065,5.456768,7.227692,3.790408,33046.14068,15760.26068,11497.20113
52.98,0.68185,-0.282612,0.282467,5.526502,7.144109,3.830856,33279.32539,15542.65506,11045.31146
52.99,0.678035,-0.280946,0.280721,5.486533,7.201716,3.688301,33397.7949,15757.50551,11072.61535
53,0.674017,-0.279155,0.279236,5.572474,7.127637,3.613468,33544.58429,15782.71687,10854.82616
53.01,0.670003,-0.277642,0.277534,5.609179,7.248884,3.514265,33343.47342,15668.12859,10174.10177
53.02,0.665865,-0.275984,0.275865,5.668524,7.332783,3.465695,33430.3119,15619.02761,10021.79855
53.03,0.661515,-0.274093,0.273997,5.614892,7.186208,3.413973,33694.2057,16144.15423,10475.56736
53.04,0.657435,-0.272261,0.272219,5.65454,7.358959,3.316442,33772.37509,15842.3336,9793.237681
53.05,0.653082,-0.270582,0.270658,5.786289,7.258975,3.300998,33948.86659,15585.40327,9855.089432
53.06,0.648549,-0.268738,0.268697,5.69797,7.296807,3.238185,33770.5471,15819.40528,9775.924144
53.07,0.644208,-0.26702,0.266926,5.73951,7.262988,3.196938,34230.51473,15534.02551,9250.878418
53.08,0.639538,-0.265001,0.264946,5.791007,7.262329,3.093444,34238.76209,15637.57151,9355.631377
53.09,0.634973,-0.262966,0.263194,5.836766,7.287879,3.073229,34407.7631,15374.27441,9087.99585
53.1,0.630127,-0.261253,0.261047,5.734625,7.281264,2.971955,34130.38793,15479.17348,8911.165446
53.11,0.62539,-0.259148,0.259223,5.806214,7.264379,2.902679,34368.09327,15781.13773,8862.728208
53.12,0.62076,-0.257069,0.256954,5.786637,7.230079,2.933074,34672.76432,15528.50189,8091.255577
53.13,0.615738,-0.255124,0.255078,5.89954,7.250502,2.826232,34393.93649,15186.7369,8285.550245
53.14,0.61074,-0.252972,0.253005,5.836004,7.366889,2.823038,34466.97004,15368.66915,8457.260216
53.15,0.605643,-0.250847,0.250975,5.953577,7.313876,2.676522,34330.3477,15192.75801,8009.710294
53.16,0.600685,-0.249056,0.248733,5.961109,7.284778,2.624026,34630.22464,15474.02685,7747.311886
53.17,0.595272,-0.246577,0.246675,6.035419,7.241533,2.619101,34650.26448,15414.61298,7622.929994
53.18,0.590152,-0.244601,0.244464,5.985486,7.306115,2.596832,34729.14854,15115.98995,6964.458414
53.19,0.584824,-0.242281,0.242248,6.144272,7.227027,2.509275,34647.94246,15300.71008,7012.182248
53.2,0.579417,-0.239907,0.239873,6.153178,7.3006,2.489279,34625.04192,15388.78576,7189.109755
53.21,0.574094,-0.237774,0.23773,6.06427,7.299616,2.477098,34892.56251,15059.43244,6773.628861
53.22,0.568512,-0.235516,0.235631,6.164645,7.344724,2.301215,34886.1589,14716.52588,6602.324344
53.23,0.562821,-0.233131,0.233142,6.139881,7.341776,2.257848,35246.95815,15150.09803,6340.982785
53.24,0.557294,-0.230825,0.230884,6.254795,7.257295,2.15508,35043.98264,15107.83535,6277.052364
53.25,0.551636,-0.228582,0.228629,6.21568,7.22035,2.175173,35092.44631,14653.698,6116.562896
53.26,0.545789,-0.226211,0.226146,6.285807,7.381003,2.030935,34934.40396,15134.38189,6007.801602
53.27,0.540022,-0.223818,0.22382,6.217208,7.328961,2.01624,34990.20329,14694.95135,5886.583028
53.28,0.53415,-0.221262,0.221191,6.279432,7.203201,1.980078,35476.24793,14894.83887,5711.991379
53.29,0.528122,-0.218884,0.218781,6.307244,7.249258,1.95629,35182.30985,14962.65395,5216.941359
53.3,0.522243,-0.216334,0.216487,6.301447,7.263052,1.833838,34647.71146,14602.17491,5260.883747
53.31,0.516344,-0.213813,0.213826,6.306767,7.290844,1.818431,35222.00182,14691.27412,4945.889314
53.32,0.510167,-0.211402,0.21141,6.36841,7.294078,1.722992,35489.97465,14558.11088,4849.987137
53.33,0.503875,-0.208691,0.208851,6.356859,7.31772,1.760099,35387.20739,14449.93995,5110.306891
53.34,0.497735,-0.206356,0.206268,6.358419,7.194804,1.687023,35042.68753,14223.92954,5266.980203
53.35,0.491452,-0.203621,0.203588,6.401934,7.31325,1.628292,35282.57692,14494.56415,4925.15792
53.36,0.485135,-0.200973,0.201163,6.410456,7.268714,1.651908,35800.06688,14603.81073,4408.974448
53.37,0.478703,-0.198406,0.19843,6.474877,7.341583,1.512468,35603.57658,14454.98513,4668.164631
53.38,0.472379,-0.195767,0.195925,6.495533,7.252837,1.565295,35729.7108,14151.83058,4076.244534
53.39,0.465845,-0.193016,0.193012,6.437779,7.272197,1.478118,35872.25065,14000.69648,4253.857962
53.4,0.459386,-0.190544,0.190429,6.434349,7.230393,1.388464,35753.99457,13952.29321,3945.458661
53.41,0.452801,-0.187706,0.187774,6.470519,7.18956,1.284751,35466.364,14428.54349,3686.552745
53.42,0.446171,-0.184931,0.184811,6.529179,7.221572,1.31659,35790.24021,14047.30191,3983.254062
53.43,0.439615,-0.182111,0.182094,6.519215,7.227471,1.23333,35824.15909,14191.6242,3653.568603
53.44,0.432685,-0.179408,0.179367,6.494115,7.224402,1.239876,36043.02089,13887.9461,3684.477524
53.45,0.426029,-0.176701,0.176456,6.580677,7.218513,1.120973,35861.26264,13986.30783,3388.752838
53.46,0.419235,-0.173468,0.173644,6.512356,7.156755,1.229464,35428.51386,14086.8565,3360.784144
53.47,0.412159,-0.170793,0.170825,6.61284,7.130929,1.146845,36169.93349,13934.73325,2991.747368
53.48,0.405331,-0.16795,0.167986,6.634294,7.156144,1.091794,36034.36688,13594.91682,2867.732919
53.49,0.398411,-0.165234,0.165116,6.61966,7.172534,1.032775,35961.6512,13511.04645,3165.880752
53.5,0.391507,-0.162377,0.162315,6.682612,7.198513,0.89487,36007.16656,13638.42038,2575.91247
53.51,0.384351,-0.159184,0.159343,6.60766,7.225736,1.049899,36193.76044,13669.62789,3121.958886
53.52,0.377365,-0.156345,0.15633,6.596516,7.208436,0.832213,35847.22668,13586.07624,2456.721202
53.53,0.370254,-0.15328,0.153382,6.723963,7.133226,0.924767,35792.10385,13569.75439,2448.437144
53.54,0.363169,-0.150536,0.150463,6.704546,7.09938,0.784439,36463.19802,13472.01867,2480.149078
53.55,0.355979,-0.147579,0.147511,6.625546,7.041773,0.637397,36074.68026,13258.98795,2177.314401
53.56,0.348467,-0.144575,0.144446,6.645265,7.128114,0.744266,36434.05606,13595.71526,2349.47427
53.57,0.341452,-0.141397,0.141387,6.733955,7.09429,0.760041,35911.02144,13689.62044,2067.82911
53.58,0.334047,-0.138413,0.1383,6.74118,7.089442,0.635716,35934.72251,13222.74393,1960.898677
53.59,0.326741,-0.135265,0.135499,6.635557,7.13594,0.660971,36191.61104,13376.25886,2146.12248
53.6,0.319264,-0.132358,0.132248,6.649111,7.056782,0.612647,36297.05276,13012.78433,1933.225524
53.61,0.311848,-0.129269,0.129314,6.827827,7.1412,0.590228,35688.56593,13293.50533,1696.271715
53.62,0.30444,-0.126238,0.126236,6.79364,7.008308,0.547517,36034.93673,13421.55946,1632.98407
53.63,0.297017,-0.123107,0.12304,6.748911,7.008783,0.601644,36245.81252,12988.49065,1654.247175
53.64,0.289407,-0.120081,0.119957,6.759539,7.133642,0.433075,36097.1367,12868.16512,1392.323604
53.65,0.281918,-0.116638,0.116832,6.833478,7.102737,0.432255,36403.11275,12973.04355,1743.934638
53.66,0.274248,-0.113678,0.113726,6.811184,7.069501,0.490764,36211.10447,13235.52614,1423.048426
53.67,0.266725,-0.110584,0.110534,6.783326,7.005519,0.380466,36531.0506,12906.55329,1386.027127
53.68,0.259066,-0.107517,0.10747,6.820709,7.013788,0.404717,36537.21755,12767.30958,1020.335893
53.69,0.251316,-0.104087,0.104167,6.700607,7.024286,0.292905,35969.18837,12855.00885,898.003678
53.7,0.24361,-0.100979,0.101006,6.834729,7.097696,0.373008,36537.72832,12566.62015,800.25776
53.71,0.235979,-0.097794,0.097681,6.820247,7.070629,0.23173,35982.78027,12569.53122,1081.203706
53.72,0.228087,-0.094644,0.094633,6.815165,7.072449,0.285729,36171.52048,12724.60767,1134.863797
53.73,0.220284,-0.091203,0.091356,6.754913,6.963964,0.313965,36517.54831,12864.12704,900.760937
53.74,0.212556,-0.087989,0.08808,6.881191,7.017648,0.315422,36388.26228,13204.03337,951.146426
53.75,0.20471,-0.084793,0.084934,6.86713,7.016337,0.298959,36503.55939,12937.79543,962.164127
53.76,0.196799,-0.081395,0.081668,6.776825,7.136159,0.249098,36475.31465,12729.57655,515.894721
53.77,0.188905,-0.078364,0.078439,6.985507,7.004499,0.2766,36523.68718,12571.82468,939.611216
53.78,0.181142,-0.075004,0.075296,6.906537,7.012651,0.199913,36388.09424,12668.64695,547.896588
53.79,0.173292,-0.071626,0.071871,6.875621,7.060435,0.220229,36112.23154,12349.87953,696.681364
53.8,0.165222,-0.068384,0.068466,6.973414,6.909773,0.068682,36525.12384,12726.4181,162.649535
53.81,0.157414,-0.065166,0.065161,6.919853,7.060009,0.089052,36508.75241,12463.37397,586.038975
53.82,0.149303,-0.061938,0.06197,6.846163,6.928838,0.123873,36413.30856,12485.98222,305.903197
53.83,0.141498,-0.058609,0.058795,6.955468,6.96497,0.131363,36559.09374,12687.3575,19.533371
53.84,0.13346,-0.055358,0.055262,6.826576,6.871329,0.117616,36371.70475,12307.31645,100.860849
53.85,0.125379,-0.052028,0.05199,6.92595,6.927408,0.102529,36577.41154,12424.08491,-266.73186
53.86,0.117413,-0.048634,0.048758,6.920243,6.990564,0.050479,36496.95951,12582.44235,745.177633
53.87,0.109245,-0.045402,0.045221,6.916542,7.043238,0.027128,36457.68656,12468.2702,746.112418
53.88,0.101099,-0.04203,0.042015,6.89904,6.925008,0.09653,36642.74176,12387.34183,352.332125
53.89,0.093174,-0.038651,0.038848,6.876553,6.883264,0.011287,36475.36806,12371.56799,-81.970565
53.9,0.085023,-0.03533,0.035283,6.852134,6.960712,0.133555,36892.21521,12548.43227,78.05402
53.91,0.076957,-0.031841,0.031975,6.958901,6.972734,0.055895,36249.76486,12288.767,-533.234824
53.92,0.069055,-0.028706,0.02879,6.911589,6.865267,-0.025368,36855.45703,12195.17366,116.267765
53.93,0.061045,-0.025329,0.025271,6.974772,6.870042,0.105797,36605.77613,12548.54871,45.596994
53.94,0.052731,-0.021846,0.021802,6.874986,6.918878,-0.028681,36395.05953,12621.54082,381.467621
53.95,0.044673,-0.018472,0.018503,6.872256,6.915026,-0.000233,36331.26768,12476.46595,147.552077
53.96,0.036319,-0.015233,0.01516,6.91995,6.957735,0.013622,36414.57718,12473.12481,114.894142
53.97,0.028463,-0.011864,0.011731,6.999576,6.915906,-0.041292,36358.74643,12365.92674,-15.0683
53.98,0.020327,-0.008413,0.00853,6.900806,6.929928,0.059662,36460.34478,12473.89731,156.834055
53.99,0.012153,-0.004988,0.005146,6.9436,6.916125,0.009976,36851.43834,11960.24399,-176.950953
54,0.003866,-0.001696,0.001802,6.875435,6.914535,-0.033311,36447.91478,12409.60156,204.377104
54.01,-0.004101,0.00178,-0.001671,6.883402,6.964904,-0.041516,36136.66167,12381.50886,-385.912409
54.02,-0.01217,0.004912,-0.004997,6.902538,6.879173,0.016559,36787.10812,12393.34053,-84.103594
54.03,-0.020404,0.008297,-0.008477,6.879886,7.039393,-0.047091,36336.55702,12248.28244,9.105327
54.04,-0.02846,0.011787,-0.011783,6.976173,6.963759,0.050413,36501.9471,12194.77366,-45.762793
54.05,-0.036707,0.015036,-0.015024,6.940582,6.887963,0.11866,36740.64443,12587.76016,-63.900588
54.06,-0.04482,0.018574,-0.018598,6.941763,6.885456,0.07914,36317.99227,12239.6316,364.484426
54.07,-0.052801,0.021892,-0.021705,6.927211,6.906644,0.052662,36799.94365,12205.9619,43.568096
54.08,-0.060968,0.025125,-0.025293,6.932104,6.973788,0.02501,36692.42084,12389.0803,58.599687
54.09,-0.06895,0.028535,-0.028564,6.977802,6.966953,0.015243,36178.60497,12446.45334,299.142923
54.1,-0.077156,0.031919,-0.031872,6.925237,7.000703,0.040398,36440.6836,12205.57111,216.249758
54.11,-0.085099,0.035057,-0.035149,6.887208,6.957282,0.077442,36646.07565,12309.25843,-166.944212
54.12,-0.093322,0.038582,-0.038594,6.943017,6.886895,0.003122,36527.65431,12225.39659,328.838995
54.13,-0.101345,0.041995,-0.041887,6.902216,6.996313,0.078713,36577.67966,12406.92578,226.532947
54.14,-0.109515,0.045258,-0.04525,6.989327,7.036361,0.118761,36237.6939,12392.90295,-103.950003
54.15,-0.117397,0.048598,-0.048578,6.918745,6.954252,0.048158,36685.3615,12276.55891,85.662924
54.16,-0.125367,0.051824,-0.051706,6.915954,6.910067,0.146534,36196.76282,12506.45942,541.97964
54.17,-0.133518,0.055148,-0.055147,6.819103,7.027747,0.106501,36522.89083,12504.16508,374.691694
54.18,-0.141374,0.058661,-0.058401,6.861755,6.979405,0.136548,36784.59747,12406.67813,292.158335
54.19,-0.149409,0.061864,-0.061802,6.896118,6.913216,0.005527,36383.11743,12689.18993,321.036163
54.2,-0.157417,0.065111,-0.064994,6.936062,6.98227,0.195681,36406.0464,12642.94958,619.115098
54.21,-0.165208,0.068452,-0.068447,6.764803,6.966496,0.127805,36654.96873,12479.24447,372.341846
54.22,-0.17334,0.07159,-0.071771,6.8845,7.038499,0.135309,36303.75139,12721.88538,521.37919
54.23,-0.181254,0.075012,-0.075077,6.896784,7.01988,0.107736,36496.12094,12820.98715,331.285008
54.24,-0.189268,0.07834,-0.078108,6.862148,6.999101,0.214671,36490.44235,12617.72049,721.146052
54.25,-0.197159,0.081532,-0.081444,6.885617,7.065664,0.285189,36361.89606,12660.96808,802.549963
54.26,-0.204925,0.08467,-0.084768,6.913633,7.054439,0.263643,36572.62342,12663.11016,835.940734
54.27,-0.212671,0.087982,-0.087869,6.818094,6.955546,0.195134,36583.48354,12682.69723,967.230539
54.28,-0.220324,0.091328,-0.091251,6.81197,7.035823,0.304163,36471.41702,12567.22557,657.146149
54.29,-0.228263,0.094571,-0.094488,6.831414,7.067545,0.379369,36218.67629,12741.97917,1204.137105
54.3,-0.235859,0.097815,-0.097732,6.815972,7.02643,0.283197,36104.28301,13135.9196,818.180394
54.31,-0.243652,0.101045,-0.100823,6.874414,7.029142,0.250451,36023.21221,12812.9224,888.55218
54.32,-0.251503,0.104076,-0.1041,6.812452,7.034225,0.441809,36238.59926,12992.15823,904.400254
54.33,-0.259084,0.107281,-0.10728,6.804456,7.074005,0.403734,36190.31033,13180.40425,1077.627673
54.34,-0.266666,0.110564,-0.110465,6.837878,7.000941,0.450248,36632.76895,12991.02922,1103.080878
54.35,-0.274486,0.113634,-0.11357,6.797273,7.04695,0.528039,36579.05472,12863.86941,1505.325313
54.36,-0.281907,0.116685,-0.116687,6.797724,7.081828,0.522187,36437.03018,13343.5566,1407.317838
54.37,-0.289579,0.119971,-0.119695,6.793089,7.105353,0.4946,35923.79039,13299.50914,1528.633339
54.38,-0.297105,0.122766,-0.123001,6.758795,7.069674,0.554418,35903.07175,13230.37253,1435.170286
54.39,-0.304561,0.126113,-0.126059,6.754231,7.0902,0.53663,36219.66839,13177.39187,1856.586585
54.4,-0.31193,0.129423,-0.129199,6.728101,7.14569,0.663335,36216.53133,13085.7806,1970.795426
54.41,-0.31943,0.132299,-0.132387,6.637766,7.073996,0.681166,36299.34499,13752.51553,1991.240853
54.42,-0.326718,0.135268,-0.135411,6.654167,7.11779,0.770619,36140.99089,13453.43589,1939.556049
54.43,-0.334213,0.138413,-0.138258,6.730557,7.071187,0.745448,36215.59219,13363.22369,2324.451948
54.44,-0.341347,0.141438,-0.141425,6.61007,7.118338,0.663047,36030.82033,13224.77737,2052.688803
54.45,-0.348687,0.144408,-0.144173,6.658916,7.03594,0.76027,36430.18929,13709.41974,2048.498675
54.46,-0.356156,0.147556,-0.147309,6.652869,7.187469,0.85006,36023.1238,13498.80943,2812.028828
54.47,-0.363142,0.15039,-0.150408,6.751483,7.208031,0.871177,36049.71377,13595.30601,2535.373895
54.48,-0.370424,0.153229,-0.153147,6.682357,7.10304,0.905143,35659.3687,13590.91425,2505.928766
54.49,-0.377379,0.156374,-0.156243,6.613181,7.109091,0.990628,35885.30056,13381.65838,2798.67888
54.5,-0.384709,0.159224,-0.159197,6.592086,7.182399,0.964134,36044.62137,13661.6607,2897.259552
54.51,-0.391478,0.162077,-0.162099,6.656995,7.193958,0.941421,36065.10062,13901.624,2881.870539
54.52,-0.398595,0.165065,-0.165088,6.61444,7.310643,1.093921,35486.53684,13423.15071,3009.921876
54.53,-0.405494,0.167949,-0.168062,6.638978,7.214295,1.176864,35645.54307,13944.07962,2898.640461
54.54,-0.412326,0.170995,-0.170836,6.542509,7.160547,1.11837,35815.72067,14122.27342,3242.224874
54.55,-0.419193,0.17356,-0.173648,6.487555,7.150542,1.237893,35437.66972,13770.42131,3527.028934
54.56,-0.425956,0.176486,-0.176292,6.5077,7.170644,1.286595,35718.60355,13591.31508,3571.922336
54.57,-0.432853,0.179361,-0.179243,6.552558,7.187465,1.233144,35530.77833,14265.89142,3771.718735
54.58,-0.439474,0.182213,-0.181953,6.499425,7.222347,1.362311,35929.5111,14109.20526,3713.87957
54.59,-0.446322,0.18479,-0.184858,6.513091,7.180046,1.345575,35407.16443,13908.421,3957.215382
54.6,-0.452844,0.187611,-0.187581,6.411296,7.202862,1.481274,35555.63114,14184.86831,4085.325988
54.61,-0.459391,0.190239,-0.190084,6.396217,7.211786,1.485913,35188.93071,14172.78715,4318.900626
54.62,-0.465923,0.193131,-0.193007,6.455545,7.227793,1.454048,35784.67972,14456.86642,4787.757581
54.63,-0.472556,0.195515,-0.19557,6.386619,7.282006,1.532068,35449.86159,14298.77294,4342.096718
54.64,-0.478988,0.198451,-0.198273,6.42627,7.284881,1.513353,35442.64459,14323.17837,4374.6603
54.65,-0.485192,0.20086,-0.200975,6.306836,7.278177,1.680231,35268.07799,14431.87536,4541.07268
54.66,-0.491558,0.203653,-0.203652,6.374124,7.301225,1.606388,35377.16971,14535.12963,4814.176493
54.67,-0.497806,0.20611,-0.206063,6.339544,7.240759,1.704631,35358.36292,14701.87128,4681.416867
54.68,-0.504063,0.208728,-0.208666,6.360569,7.140103,1.755566,35250.00731,14484.47332,5463.055561
54.69,-0.510094,0.211281,-0.211146,6.367585,7.257011,1.775345,35386.28994,14764.5662,5302.080685
54.7,-0.516378,0.213852,-0.213875,6.312609,7.212451,1.923441,35180.96321,14761.67091,5064.317836
54.71,-0.522312,0.216249,-0.216276,6.240255,7.348828,1.949882,35406.51674,14411.09656,5450.975484
54.72,-0.528259,0.218723,-0.21891,6.196807,7.277949,1.978717,35330.34409,14586.76536,5815.163426
54.73,-0.534253,0.221306,-0.221191,6.264617,7.21886,2.080644,35177.72307,14613.52804,6088.601502
54.74,-0.540182,0.223763,-0.223666,6.168148,7.200161,2.080236,34690.73494,14879.14963,5891.49525
54.75,-0.545843,0.226018,-0.226008,6.155331,7.295692,2.220977,34945.21343,14956.18618,6116.802291
54.76,-0.551554,0.228418,-0.228452,6.165507,7.37787,2.299731,35393.81834,15198.41409,6740.942933
54.77,-0.557289,0.230876,-0.230751,6.249052,7.308662,2.321005,35086.1534,14998.7467,6500.27401
54.78,-0.562978,0.233024,-0.233113,6.194254,7.362933,2.3102,35019.07703,14764.6883,6495.436348
54.79,-0.568643,0.235472,-0.23562,6.171379,7.350316,2.381153,34541.53688,15230.09379,6691.680606
54.8,-0.573907,0.237908,-0.237657,6.039156,7.333111,2.445324,34817.03199,15118.65739,6923.247427
54.81,-0.579544,0.239969,-0.239871,5.990758,7.245438,2.540413,34660.67747,15226.26891,7355.006157
54.82,-0.584788,0.242161,-0.24207,6.024606,7.341273,2.522107,34761.42824,14886.99658,7330.81181
54.83,-0.590092,0.244467,-0.244405,5.947787,7.267507,2.480905,34875.65755,15648.24696,7688.849791
54.84,-0.595401,0.246532,-0.246531,6.013094,7.229587,2.758478,34746.43126,15467.42688,7489.883123
54.85,-0.600638,0.24884,-0.248689,5.921391,7.308165,2.660311,34284.87316,15308.73143,7819.270122
54.86,-0.605677,0.250886,-0.250783,5.862923,7.294226,2.735104,34483.70774,15268.14834,7714.475955
54.87,-0.610867,0.253059,-0.252894,6.027493,7.281923,2.711555,34152.99227,15163.46323,8750.27648
54.88,-0.615772,0.254927,-0.255025,5.885892,7.248114,2.865185,34488.50101,15417.24206,8322.413584
54.89,-0.620691,0.257048,-0.257075,5.819277,7.241171,2.866937,34435.7533,15412.90617,8239.341245
54.9,-0.625474,0.259066,-0.259068,5.843518,7.28604,3.007332,33938.62856,15476.87733,8747.773343
54.91,-0.63007,0.261022,-0.260958,5.787863,7.361428,3.036516,33992.47676,15272.71141,8902.110582
54.92,-0.634959,0.262968,-0.262879,5.753179,7.358845,3.148973,34172.23075,15608.58422,9352.921723
54.93,-0.639488,0.264896,-0.264933,5.722955,7.231384,3.17107,33758.07697,15551.19742,9271.489549
54.94,-0.644128,0.266608,-0.266737,5.70765,7.261928,3.331725,33945.24018,15875.27413,9477.993292
54.95,-0.648689,0.268685,-0.268744,5.625518,7.266829,3.353328,33847.01948,15344.71696,9869.561511
54.96,-0.653137,0.270401,-0.270494,5.699839,7.242213,3.34532,33749.30106,15784.05453,10001.74899
54.97,-0.657404,0.272276,-0.272304,5.654718,7.280616,3.440123,33847.09882,15835.01884,9942.506002
54.98,-0.661635,0.274068,-0.274201,5.587296,7.306958,3.497198,33638.44937,15792.33785,10590.83544
54.99,-0.666038,0.275846,-0.275733,5.572478,7.300605,3.573568,33353.03329,15769.70557,10578.94182
55,-0.670066,0.277546,-0.277562,5.548214,7.211636,3.7144,33443.65969,15599.9689,10522.97585
55.01,-0.674158,0.279103,-0.279241,5.515131,7.284912,3.740965,33592.86629,15716.20109,10703.96719
55.02,-0.678218,0.280785,-0.280851,5.489977,7.253332,3.737089,33225.32432,15513.50048,11008.06665
55.03,-0.682075,0.28241,-0.282351,5.552987,7.156475,3.847891,33162.48239,15745.3326,11150.05179
55.04,-0.685936,0.284201,-0.283949,5.47169,7.199384,3.956807,33167.97288,15747.17192,11500.96684
55.05,-0.689767,0.285704,-0.285716,5.465644,7.115404,3.944713,33003.4555,15747.39226,11820.28564
55.06,-0.693228,0.287184,-0.28721,5.387602,7.168016,4.015083,33092.38359,15881.95146,11733.83757
55.07,-0.697155,0.288617,-0.288738,5.349906,7.10616,4.06364,33069.89646,15526.56727,12435.36781
55.08,-0.70041,0.290009,-0.290107,5.355114,7.148347,4.227045,32918.31196,16125.47084,12628.79716
55.09,-0.703923,0.29155,-0.291499,5.154233,7.061713,4.157321,32292.90265,15780.20749,12749.11782
55.1,-0.70737,0.293012,-0.293003,5.242462,7.183803,4.216608,32915.79744,15621.23605,12651.52306
55.11,-0.710605,0.294215,-0.294277,5.190135,7.155527,4.299136,32792.81651,15826.89873,13026.50176
55.12,-0.71398,0.295638,-0.295579,5.272559,7.01384,4.375371,32513.52689,16102.45286,13331.7564
55.13,-0.716925,0.296804,-0.297,5.037828,7.081111,4.399371,32549.8783,15984.13003,13382.39225
55.14,-0.720186,0.298335,-0.298281,5.095513,7.039517,4.519591,32651.9197,15794.71997,13339.9458
55.15,-0.723034,0.299426,-0.29957,5.034729,6.999421,4.634234,31993.75712,16164.71957,13588.44497
55.16,-0.725998,0.300578,-0.30059,4.985073,6.959372,4.623789,32321.94429,15622.10012,14098.2707
55.17,-0.728769,0.301964,-0.301913,5.038347,7.050623,4.77414,32081.44455,15788.28938,14280.22181
55.18,-0.731458,0.303073,-0.303121,4.872325,6.963939,4.83954,32333.23853,16084.11828,14816.58821
55.19,-0.734075,0.304242,-0.304163,4.963484,6.939729,4.838893,32066.88805,16136.11849,14881.36389
55.2,-0.73683,0.305055,-0.305159,4.984015,6.921231,4.907622,31716.93082,15991.18949,15206.54447
55.21,-0.739353,0.306264,-0.306258,4.864159,6.95602,4.994887,31735.38769,15930.32487,15221.24612
55.22,-0.741802,0.307137,-0.307161,4.833616,6.887489,5.068123,31887.56676,15625.37713,15669.61538
55.23,-0.744091,0.308196,-0.308068,4.754067,6.867914,4.996654,31361.12917,15792.20558,15710.96086
55.24,-0.746351,0.309161,-0.309006,4.726258,6.766863,5.154765,31260.24045,16022.1685,15843.5726
55.25,-0.748709,0.310031,-0.310164,4.712445,6.785268,5.260047,31459.87145,15697.89609,15830.8573
55.26,-0.750706,0.310865,-0.310812,4.652342,6.681186,5.25871,31242.33094,15637.24874,16231.51691
55.27,-0.752764,0.311688,-0.311728,4.690764,6.700897,5.384935,31555.96745,15893.16516,16423.2885
55.28,-0.754676,0.31259,-0.312598,4.606127,6.710187,5.46497,31053.57974,15953.47677,16434.54427
55.29,-0.75665,0.313177,-0.313192,4.444428,6.637571,5.546854,30421.33928,15605.57463,16868.22662
55.3,-0.758402,0.314009,-0.314121,4.512148,6.722417,5.634882,30851.6293,15636.183,16836.46423
55.31,-0.759907,0.3147,-0.31462,4.440123,6.645823,5.632202,30711.42343,16033.80322,17223.68378
55.32,-0.76165,0.31544,-0.315326,4.457455,6.575113,5.752643,30709.81843,15375.11474,17414.75464
55.33,-0.763028,0.315942,-0.316054,4.407726,6.650893,5.748385,30464.04476,15694.69822,17754.27136
55.34,-0.764558,0.316483,-0.316556,4.347447,6.481432,5.906702,30352.2073,15585.99357,17814.16087
55.35,-0.765872,0.317247,-0.317299,4.297704,6.487356,5.867869,30617.33826,15502.5137,18156.28135
55.36,-0.767161,0.317767,-0.317617,4.230071,6.471691,5.969301,30065.30931,15522.86791,18398.9291
55.37,-0.76841,0.31828,-0.318028,4.299056,6.442165,6.049153,29935.88613,15312.68046,17998.7647
55.38,-0.769505,0.318642,-0.318682,4.088698,6.39081,6.210387,29919.5706,15304.38984,18441.22633
55.39,-0.770615,0.319069,-0.318936,4.235259,6.276057,6.254629,29726.68466,15525.12445,18879.70723
55.4,-0.7715,0.31947,-0.31936,4.097731,6.287314,6.266675,29980.78073,14858.93866,19263.09681
55.41,-0.77222,0.319859,-0.319844,4.107344,6.354233,6.321754,29441.76617,14965.31631,19504.53254
55.42,-0.773044,0.320157,-0.320072,4.105795,6.277358,6.390314,29619.81671,14783.4707,19344.1909
55.43,-0.773707,0.320519,-0.320574,4.115847,6.251897,6.346135,29520.81509,14976.00318,20012.48426
55.44,-0.774238,0.320638,-0.320658,4.02157,6.215831,6.425998,29330.59279,15224.48406,20276.21644
55.45,-0.774856,0.320951,-0.320881,3.993148,6.226019,6.538197,28981.96013,15063.05933,20287.10401
55.46,-0.775191,0.321002,-0.321031,3.880015,6.042817,6.611702,29086.15948,14950.71742,20604.46379
55.47,-0.775479,0.321309,-0.321219,3.715431,6.030576,6.741831,28503.69747,14892.06739,20617.7993
55.48,-0.775828,0.321287,-0.321304,3.794341,5.961857,6.689257,29072.70279,15123.07252,20888.65785
55.49,-0.776009,0.321493,-0.321314,3.782934,6.000206,6.785647,28693.91426,14737.00553,20994.69638
55.5,-0.77597,0.321557,-0.321508,3.690737,5.90992,6.904881,28853.70937,14708.47397,21262.56548
55.51,-0.776069,0.321386,-0.321538,3.571564,5.913248,6.827158,28266.53641,14739.04076,21574.85831
55.52,-0.776103,0.321346,-0.32122,3.606281,5.885005,6.944043,28625.97874,14100.33857,21853.00067
55.53,-0.775832,0.321303,-0.321296,3.585898,5.879956,6.912765,28218.19094,14263.03317,22011.31564
55.54,-0.775649,0.321228,-0.321195,3.536765,5.86251,7.148627,28480.18812,14208.4523,22107.8605
55.55,-0.775384,0.321026,-0.320758,3.539485,5.689648,7.088224,27776.82586,14269.4675,22174.60031
55.56,-0.774765,0.320888,-0.320813,3.495418,5.771529,7.158367,27969.15123,14307.69445,22672.55977
55.57,-0.774392,0.320692,-0.320584,3.396219,5.704622,7.289951,27937.96615,14521.95422,22602.08573
55.58,-0.773851,0.320375,-0.320447,3.346755,5.57149,7.204617,27493.59415,14119.69478,22951.05013
55.59,-0.773057,0.320113,-0.320107,3.293074,5.496839,7.304136,27268.15228,13973.35203,23476.51737
55.6,-0.772181,0.319869,-0.319726,3.343318,5.550706,7.371341,27129.68579,13801.51283,23112.05998
55.61,-0.771329,0.319437,-0.319439,3.294882,5.41105,7.474082,27588.38933,13839.19701,23556.29713
55.62,-0.770517,0.319157,-0.319105,3.175271,5.456992,7.560828,27392.33712,13378.55088,23727.44288
55.63,-0.769482,0.318824,-0.318668,3.105331,5.419314,7.547356,27006.3505,13257.1769,24235.53754
55.64,-0.768497,0.318233,-0.318171,3.107787,5.257822,7.599975,26850.15391,13267.29483,23914.43792
55.65,-0.767219,0.317737,-0.317617,3.073946,5.294127,7.645207,26983.21853,13193.42434,24381.46995
55.66,-0.765949,0.317188,-0.317238,2.982854,5.314632,7.695099,26687.97532,13024.49335,24173.93513
55.67,-0.764521,0.316632,-0.316695,3.055507,5.17625,7.713321,26363.64837,12516.20344,24495.16476
55.68,-0.763123,0.316203,-0.316166,3.018416,5.199397,7.78324,26605.79891,13113.58591,24986.54066
55.69,-0.761705,0.315445,-0.315507,2.923451,5.114758,7.782495,26189.42805,12556.59747,25026.25529
55.7,-0.759814,0.314624,-0.314835,2.849321,4.938792,7.946702,26180.1275,12861.52673,25158.50718
55.71,-0.758335,0.314143,-0.313955,2.737582,4.979297,7.87967,26190.47366,12472.96372,25435.17151
55.72,-0.756469,0.313342,-0.313179,2.788075,4.92525,7.966809,25801.67034,12893.0752,25479.69543
55.73,-0.754817,0.312572,-0.312399,2.776875,4.868558,8.080493,25841.18674,12235.97223,25526.42898
55.74,-0.752815,0.311772,-0.311613,2.725896,4.778087,8.066919,25824.27937,12588.73444,25903.81374
55.75,-0.750596,0.310896,-0.310722,2.674052,4.820706,8.188475,25617.27766,12045.11519,25996.41045
55.76,-0.748556,0.310128,-0.310101,2.621546,4.743375,8.170344,25885.4129,11921.73148,26240.62559
55.77,-0.746478,0.309067,-0.308954,2.607424,4.624774,8.183264,25391.32041,12057.38541,26273.03529
55.78,-0.744345,0.308036,-0.308097,2.592015,4.68449,8.271357,24979.93129,11722.28204,26408.21582
55.79,-0.741785,0.306967,-0.307226,2.499673,4.592101,8.267025,25082.57766,11381.67202,26765.17667
55.8,-0.739393,0.306316,-0.306348,2.558475,4.446954,8.353619,24759.23786,11899.11073,27077.9697
55.81,-0.736901,0.305263,-0.30508,2.493375,4.442652,8.336193,25085.94618,11551.19066,27007.1021
55.82,-0.734342,0.304074,-0.304197,2.369578,4.41705,8.476791,25119.56244,11404.10181,27257.60987
55.83,-0.731475,0.302955,-0.302856,2.355867,4.375113,8.498292,24658.19903,11075.09367,27358.817
55.84,-0.72877,0.301776,-0.301836,2.333916,4.327874,8.52622,24271.58136,10711.89805,27456.22157
55.85,-0.72595,0.300716,-0.300521,2.31354,4.203365,8.508998,24235.41361,10918.85997,27491.58667
55.86,-0.722998,0.2995,-0.299385,2.207532,4.282145,8.567033,24664.27925,10632.25615,27864.57629
55.87,-0.720161,0.298183,-0.298153,2.183904,4.190582,8.637718,24415.53934,10286.44434,28178.04945
55.88,-0.717001,0.296867,-0.296939,2.148958,4.132599,8.604673,24105.32353,10721.49963,28314.86974
55.89,-0.713948,0.29561,-0.295518,2.07598,3.981212,8.749835,23832.39848,10327.89804,28512.75014
55.9,-0.710733,0.294265,-0.294243,2.091541,4.024424,8.663089,23924.23456,10190.84005,28664.55904
55.91,-0.707341,0.292965,-0.293044,1.966405,3.923903,8.737314,23687.55366,10454.98224,28833.72443
55.92,-0.703966,0.291518,-0.291589,1.923616,3.865941,8.885992,23766.67487,10364.44408,28742.11271
55.93,-0.700551,0.290092,-0.290016,1.993058,3.731574,8.783881,23478.12169,9867.170384,28830.04973
55.94,-0.696807,0.288661,-0.288496,1.90594,3.645905,8.799819,23493.857,9802.416153,29347.68486
55.95,-0.693343,0.28703,-0.28712,1.853769,3.663778,8.856325,23238.87706,9604.383466,29272.53771
55.96,-0.689555,0.285745,-0.285671,1.87841,3.65438,8.932715,23139.51471,9719.627379,29461.59128
55.97,-0.685709,0.284005,-0.284098,1.837147,3.530655,8.947655,22949.72094,9250.80821,29352.87565
55.98,-0.682102,0.282599,-0.282412,1.81168,3.68667,8.954361,23065.78566,9155.219443,29335.69112
55.99,-0.678065,0.280668,-0.280828,1.782305,3.497569,9.037805,22562.96193,9080.045454,29769.49279
56,-0.674162,0.279262,-0.279211,1.631882,3.396673,8.955048,22868.189,8923.497837,30070.18976
56.01,-0.669988,0.277462,-0.277606,1.740533,3.27612,8.959833,22569.2464,8986.86366,29949.23589
56.02,-0.666091,0.275913,-0.27571,1.616354,3.386731,9.129829,22528.99138,8991.664812,30065.79876
56.03,-0.661808,0.274156,-0.274045,1.679301,3.209637,9.125387,22510.87985,8592.675474,30314.97709
56.04,-0.65747,0.272165,-0.272303,1.548249,3.174017,9.189108,22539.88106,8583.84736,30287.99966
56.05,-0.653096,0.270502,-0.2705,1.615387,3.123346,9.115812,22600.4339,8449.027993,30209.67755
56.06,-0.648595,0.268773,-0.268687,1.504602,2.992914,9.099368,22087.85332,8357.880005,30435.89516
56.07,-0.644147,0.26666,-0.266721,1.475611,3.039017,9.265359,22214.43472,8160.579189,30338.19451
56.08,-0.639694,0.264884,-0.264849,1.547242,2.959765,9.264606,22176.88515,8081.794505,30681.22853
56.09,-0.634995,0.263064,-0.263008,1.338501,2.936392,9.374341,21998.5337,7730.953809,31031.32915
56.1,-0.630306,0.261053,-0.260996,1.435142,2.930432,9.316664,21539.21744,7652.015617,30800.26058
56.11,-0.625469,0.25903,-0.259082,1.413445,2.858055,9.239188,21584.53349,7812.503818,31235.92396
56.12,-0.620589,0.257047,-0.256931,1.317056,2.815936,9.284001,21553.07207,7254.800471,31268.81423
56.13,-0.615619,0.254976,-0.255034,1.371385,2.656063,9.324647,21281.99356,7066.633693,31030.16016
56.14,-0.610788,0.252887,-0.253076,1.240007,2.686822,9.374261,21413.37255,7087.527721,31063.25211
56.15,-0.605563,0.250886,-0.250621,1.141254,2.526498,9.320071,21147.47851,6959.276979,31419.38387
56.16,-0.600634,0.248783,-0.248676,1.243965,2.549332,9.302637,21327.91198,6796.071773,31525.72726
56.17,-0.595413,0.24667,-0.246552,1.21493,2.536654,9.419191,20996.67418,6635.952651,31847.57944
56.18,-0.590168,0.244428,-0.244568,1.189458,2.612341,9.428469,21075.71013,6663.470613,31567.54424
56.19,-0.584911,0.242153,-0.242042,1.111473,2.399604,9.442668,20561.20355,6233.029269,31709.73888
56.2,-0.579427,0.240055,-0.239901,1.046151,2.304967,9.405145,21006.5321,6306.701671,31781.402
56.21,-0.574055,0.237875,-0.237719,1.159384,2.210617,9.568143,20736.31789,6209.460637,32005.43167
56.22,-0.568656,0.235511,-0.235324,1.013846,2.148138,9.479211,20810.42744,6059.930768,31865.15699
56.23,-0.562965,0.233184,-0.233038,1.10191,2.174181,9.589564,20272.14884,5684.448027,32271.68108
56.24,-0.557221,0.230873,-0.230647,1.035789,2.133173,9.491842,20733.86934,5629.115346,32508.78547
56.25,-0.551639,0.228645,-0.228549,1.009756,2.072989,9.511655,20417.29847,5606.610347,32295.58351
56.26,-0.545837,0.226112,-0.226043,0.936019,2.051018,9.566734,20371.73643,5373.42708,32344.75387
56.27,-0.540217,0.223774,-0.223664,0.977882,2.079621,9.596725,20170.21108,4864.030718,32348.84469
56.28,-0.534328,0.221201,-0.221238,0.930651,1.954804,9.604134,20391.80689,5355.500473,32374.41774
56.29,-0.528311,0.218724,-0.218842,0.859009,1.838525,9.565441,20051.79603,5204.953235,32464.60919
56.3,-0.522303,0.216316,-0.216121,0.793937,1.856916,9.534436,20063.25349,4916.79951,32380.00422
56.31,-0.516334,0.213883,-0.213638,0.81041,1.730551,9.57052,19839.90548,4460.450612,32613.86702
56.32,-0.510219,0.211378,-0.211234,0.826603,1.734919,9.668873,19542.79376,4909.365057,32412.7283
56.33,-0.504046,0.208882,-0.208795,0.723481,1.652162,9.637495,19727.26688,4723.801993,32929.7154
56.34,-0.497893,0.206027,-0.20615,0.778871,1.660391,9.708427,19387.47946,4162.236699,33062.01499
56.35,-0.491498,0.203561,-0.203477,0.6588,1.578206,9.61761,19478.82431,4248.858578,32979.03025
56.36,-0.485329,0.201062,-0.20094,0.783233,1.464777,9.614266,19417.42612,4180.990711,32905.33861
56.37,-0.478936,0.198465,-0.198293,0.728585,1.449637,9.578278,19338.68866,3632.630371,32937.54901
56.38,-0.472427,0.195678,-0.195573,0.725801,1.490984,9.646918,19382.18631,3828.704576,33031.56329
56.39,-0.465991,0.192886,-0.192927,0.584428,1.396841,9.645361,19415.58805,3704.870177,33307.55814
56.4,-0.459437,0.190316,-0.190268,0.577851,1.40124,9.651028,19344.03993,3893.237344,33343.93713
56.41,-0.45275,0.1875,-0.187515,0.578951,1.285349,9.736323,18943.24155,3420.270022,33455.2388
56.42,-0.44626,0.184726,-0.184881,0.5633,1.334665,9.642541,19077.65416,3913.262561,33556.85315
56.43,-0.439549,0.182109,-0.182005,0.518453,1.223476,9.715995,19097.22373,3445.82669,33361.05071
56.44,-0.433017,0.179244,-0.179213,0.50829,1.298713,9.688991,18948.54566,3244.318945,33419.16056
56.45,-0.426061,0.176564,-0.176391,0.492942,1.087772,9.703139,18960.63239,3264.554397,33528.28799
56.46,-0.419217,0.17378,-0.173801,0.601932,1.129565,9.684358,18528.20726,2814.347669,33351.59036
56.47,-0.412353,0.170762,-0.170723,0.523368,1.058645,9.762556,18368.59104,2756.944459,33432.12261
56.48,-0.405511,0.167852,-0.167978,0.396824,1.007085,9.813055,18388.60571,2757.385883,33478.28131
56.49,-0.398541,0.165043,-0.164962,0.441464,1.009942,9.767258,18302.3129,2740.338614,33411.09555
56.5,-0.391615,0.16234,-0.162147,0.46791,0.931724,9.696044,18551.64918,2405.414408,33568.9888
56.51,-0.384371,0.159182,-0.159164,0.396399,0.971411,9.734793,18606.2856,2372.750569,33833.53959
56.52,-0.37737,0.156203,-0.156359,0.440189,0.806902,9.723633,18744.59245,2645.960791,33519.06485
56.53,-0.370309,0.153459,-0.153214,0.318362,0.753085,9.867238,18600.99036,2677.506429,33867.01271
56.54,-0.363134,0.150484,-0.150459,0.349853,0.922071,9.791121,18634.40411,2571.906184,33536.9982
56.55,-0.356014,0.147534,-0.147425,0.284725,0.850803,9.800184,18377.42755,2270.174817,33828.42907
56.56,-0.348757,0.144268,-0.144395,0.426217,0.790545,9.761921,18161.6416,2203.104321,34405.31751
56.57,-0.341591,0.141428,-0.141241,0.333537,0.706983,9.721034,18134.97451,2208.629747,33802.1595
56.58,-0.334115,0.138381,-0.138367,0.275899,0.738539,9.726985,18242.53746,2067.363419,33744.9749
56.59,-0.326742,0.135228,-0.135326,0.331287,0.718677,9.787967,17845.47079,2021.342402,34133.34285
56.6,-0.319218,0.132151,-0.132274,0.24906,0.663507,9.756376,18183.62498,2068.219764,34022.59454
56.61,-0.312091,0.129288,-0.129171,0.29419,0.623315,9.780995,18218.74433,1701.632749,33961.68172
56.62,-0.304622,0.125991,-0.12597,0.215729,0.515965,9.779632,17881.97536,1713.11175,33978.72276
56.63,-0.296968,0.123059,-0.122965,0.171121,0.527995,9.797969,17831.35839,1839.438972,34081.08823
56.64,-0.289425,0.119985,-0.119787,0.198025,0.530302,9.840444,17986.55723,1609.510436,34123.02515
56.65,-0.282078,0.11658,-0.116835,0.136624,0.476596,9.747856,17796.67194,1228.258821,33979.0107
56.66,-0.274335,0.113477,-0.113661,0.156808,0.439283,9.845693,17918.79236,1470.367937,34105.54604
56.67,-0.266737,0.110373,-0.110523,0.23912,0.395154,9.791905,18003.27127,1239.35123,33971.07301
56.68,-0.259014,0.10732,-0.107183,0.157702,0.388817,9.878285,17538.18887,1270.659374,33866.42874
56.69,-0.251342,0.10422,-0.104073,0.204857,0.283919,9.817437,17765.95686,1170.122826,34496.88927
56.7,-0.243733,0.100762,-0.1009,0.182407,0.294459,9.873394,17346.22364,1204.179355,34499.32707
56.71,-0.236039,0.097794,-0.097623,0.181455,0.412908,9.733815,17415.61043,1040.481801,34331.39445
56.72,-0.22811,0.094586,-0.094368,0.11324,0.269366,9.763937,17295.75949,971.96217,34305.56851
56.73,-0.220409,0.091283,-0.091276,0.084875,0.218141,9.804047,17249.0411,879.816363,34323.46457
56.74,-0.212651,0.087959,-0.087979,0.032821,0.315422,9.837528,17602.89543,836.397331,34267.49513
56.75,-0.204829,0.084626,-0.084996,-0.013824,0.203333,9.814872,17252.89068,916.301289,34622.7781
56.76,-0.197034,0.081505,-0.081544,0.222963,0.207765,9.873259,17274.13109,787.636108,34449.46139
56.77,-0.188993,0.078231,-0.078365,0.193214,0.213275,9.743383,17405.0799,732.923011,34386.79897
56.78,-0.181177,0.075098,-0.074852,0.016044,0.100575,9.812445,17857.01821,435.561209,34480.01727
56.79,-0.173382,0.071716,-0.071748,0.080413,0.135652,9.878961,17015.05631,567.863339,34268.59893
56.8,-0.16524,0.06851,-0.068425,0.034187,0.164135,9.852338,16812.62724,404.001277,34545.26594
56.81,-0.157356,0.065129,-0.065151,0.102538,0.171431,9.833258,17173.1034,425.796006,34375.56458
56.82,-0.149453,0.061817,-0.061856,0.068522,0.188141,9.857645,17294.90883,-47.175518,34541.54705
56.83,-0.141438,0.058572,-0.058404,-0.000107,0.138517,9.807472,17036.79023,320.336564,34460.66474
56.84,-0.133397,0.055233,-0.055398,0.027262,0.175019,9.814165,17185.20252,425.466029,34298.55635
56.85,-0.12558,0.051877,-0.051928,0.052592,0.146852,9.757543,17137.0075,685.932403,34754.34858
56.86,-0.117539,0.048563,-0.048562,0.004067,0.062756,9.755159,17309.77568,298.643565,34702.71192
56.87,-0.109443,0.045252,-0.04525,0.040063,0.018851,9.820599,17100.9461,-29.472619,34473.17322
56.88,-0.101397,0.041856,-0.041918,0.025656,0.05911,9.832124,17015.39662,248.602442,34278.29861
56.89,-0.093253,0.038502,-0.038737,0.003205,0.083872,9.789246,17147.9854,129.895431,34726.44204
56.9,-0.085282,0.035286,-0.035358,0.016987,0.035806,9.846729,17226.85139,89.709648,34372.84709
56.91,-0.077043,0.031847,-0.031865,0.024006,-0.012067,9.903493,17487.55638,107.435718,34598.57316
56.92,-0.069094,0.028593,-0.02852,0.072257,0.031089,9.841308,17122.54427,110.586861,34442.5172
56.93,-0.060901,0.025028,-0.02511,-0.034611,0.061213,9.779355,17362.41912,346.001484,34531.40412
56.94,-0.052967,0.021805,-0.02177,0.041196,0.020776,9.754318,17316.50518,45.33438,34411.78742
56.95,-0.044732,0.018515,-0.01844,0.026654,0.007289,9.784976,17161.21724,356.24879,34685.36759
56.96,-0.036593,0.015044,-0.015008,-0.002167,0.049277,9.818929,16882.21929,241.186796,34698.80491
56.97,-0.028387,0.011703,-0.011803,-0.021031,-0.018993,9.798833,17155.91856,198.140831,34431.13628
56.98,-0.02034,0.008321,-0.008353,-0.078373,-0.038096,9.783511,17152.85892,140.65465,34475.5581
56.99,-0.012165,0.005073,-0.004876,-0.098377,0.094149,9.801571,16940.53382,128.778532,34976.88605
57,-0.004068,0.001565,-0.001703,0.069174,-0.011695,9.806343,16753.90293,-45.683262,34240.83573
57.01,0.000002,0.000126,0.000021,0.025012,-0.055533,9.750872,17041.94187,-250.475209,34540.53104
57.02,-0.000118,0.000084,0.00004,0.082665,0.038224,9.822976,16877.99676,-98.816763,34347.92504
57.03,0.000015,0.000057,-0.000031,0.099623,0.020011,9.749102,17344.47955,-15.939294,34579.59231
57.04,-0.000072,-0.000078,0.000094,0.067655,0.028921,9.746443,17014.52677,11.123733,34439.00266
57.05,0.000011,-0.000073,0.000097,0.143685,0.198642,9.871503,17093.37063,-247.559889,34756.67531
57.06,-0.00019,-0.000003,0.000079,0.204354,0.141878,9.756748,17047.75873,-73.776461,34656.25909
57.07,-0.000042,-0.000151,0.000042,0.281749,0.215075,9.765578,17146.19061,205.543495,34386.39068
57.08,-0.000131,0.000088,0.000027,0.179378,0.343014,9.839687,16963.34428,-206.366391,34141.07974
57.09,-0.00006,-0.000041,0.000095,0.273119,0.267826,9.79575,16986.5982,-272.069562,34589.32153
57.1,-0.000036,0.000012,-0.000026,0.335355,0.323883,9.879348,16652.0023,66.408401,34674.0566
57.11,0.000048,-0.000072,0.000113,0.231029,0.352684,9.818471,16820.81234,132.333053,34493.38677
57.12,-0.000023,0.000056,0.000044,0.390723,0.375123,9.707965,17138.44098,-84.205675,33993.49198
57.13,-0.000164,-0.000126,0.000032,0.37399,0.449995,9.843455,16852.94062,275.059215,34621.0839
57.14,0.000071,-0.000066,0.000055,0.357266,0.312175,9.866978,16981.14035,-29.324342,34548.65597
57.15,0.00006,-0.000078,0.000075,0.435966,0.45486,9.765099,17162.05986,42.95059,34480.19195
57.16,-0.00002,-0.000081,0.000069,0.51158,0.447074,9.796043,17275.3659,130.33744,34417.32648
57.17,0.000043,0.000054,0.000023,0.425522,0.492281,9.823355,17045.9577,-182.60508,34558.36846
57.18,0.000196,-0.000003,0.000028,0.464492,0.485736,9.830346,16780.48031,65.374492,35055.91522
57.19,-0.000102,-0.000113,0.000117,0.477445,0.557781,9.85145,17177.92202,-48.794818,34346.24059
57.2,-0.000279,-0.000045,-0.000062,0.566791,0.497164,9.802065,16716.06454,-371.569882,34359.25416
57.21,-0.000057,-0.000035,-0.000057,0.649663,0.595709,9.7405,16909.50747,116.244281,34319.95118
57.22,-0.000124,0.000072,0.000005,0.660191,0.637965,9.875889,16943.60874,-144.128901,34675.56421
57.23,-0.000043,-0.000058,0.000118,0.718564,0.682931,9.794341,17037.71875,49.017129,34664.53087
57.24,0.000057,0.000043,0.000096,0.569645,0.570326,9.79791,17336.02602,18.63541,34473.31147
57.25,0.000003,-0.000129,0.000158,0.664243,0.695416,9.755393,17108.18387,174.519217,34521.05409
57.26,-0.000089,-0.000105,0.000019,0.671819,0.772147,9.818696,17383.35222,167.305814,34461.29107
57.27,-0.000108,0.000002,0.000109,0.74919,0.827393,9.76962,17130.18128,-97.739789,34604.18666
57.28,0.000062,-0.00004,0.000001,0.793003,0.723163,9.783752,17218.99814,-35.43659,34720.98589
57.29,-0.000066,-0.000128,-0.00001,0.799319,0.783812,9.7689,16580.30458,-24.633294,34541.62822
57.3,0.000121,-0.000095,0.000013,0.802519,0.865639,9.763489,16701.00187,-68.044403,34334.20186
57.31,0.000009,-0.000011,0.000113,0.777401,0.918343,9.73746,16960.44354,-65.963905,34859.86617
57.32,-0.000114,-0.000119,0.000158,0.849146,0.801133,9.758127,16911.79935,-240.904193,34721.59439
57.33,-0.000098,-0.00004,0.000068,0.938118,0.923173,9.789,17271.51218,161.658726,34229.97664
57.34,-0.000194,-0.000048,-0.000003,0.984734,0.885438,9.858966,17106.00431,15.632156,34765.51285
57.35,0,-0.000058,-0.000134,0.951323,0.984266,9.804907,16972.74281,83.830365,33946.70301
57.36,0.000022,-0.000241,0.000017,0.973637,0.949098,9.679208,16893.79253,-46.541711,34376.35288
57.37,-0.0001,-0.000082,0.000049,1.08512,1.002963,9.808692,17191.41354,-163.211103,34494.06367
57.38,0.000035,-0.000104,0,0.990129,0.96224,9.774367,17173.09917,-27.44784,34062.45388
57.39,0.000018,0.000009,0.000109,1.016996,1.060232,9.819154,17018.99506,-18.827906,34542.4099
57.4,-0.000016,-0.000052,0.00001,1.045146,1.074472,9.770012,17584.62203,-34.624308,34719.90917
57.41,-0.000082,0.000042,0.000173,1.105354,1.034498,9.835171,17104.5961,-29.285285,34943.6484
57.42,0.00012,-0.000117,0.000031,1.042867,1.120239,9.74875,16976.88662,166.916274,34421.70158
57.43,-0.000042,-0.000046,-0.000042,1.183268,1.069396,9.783193,17115.77045,-52.326478,34711.45107
57.44,0.000136,0.000092,0.000037,1.072079,1.057499,9.791559,17079.27031,267.597861,34571.6886
57.45,-0.00008,-0.000033,-0.000049,1.053214,1.176141,9.798312,16999.50658,1.648264,34806.23793
57.46,-0.000071,0.000032,0.000186,1.039757,1.145262,9.830326,17234.07217,-227.690713,34772.47448
57.47,0.00003,0.000075,-0.000036,1.170224,1.131733,9.796082,16599.22895,94.553361,34671.37642
57.48,-0.000309,0.000081,0.000066,1.049546,1.10864,9.693785,17098.56455,54.933739,34543.61289
57.49,-0.000049,0.000106,-0.000029,1.121336,1.22365,9.863793,16983.49232,-260.003753,34407.63527
57.5,-0.000121,-0.000093,0.000184,1.278641,1.173958,9.823902,16994.14255,-53.800539,34190.32036
57.51,0.000035,-0.000179,0.000187,1.202938,1.238095,9.81228,17346.35012,228.600398,34937.35775
57.52,-0.000041,0.000003,-0.000013,1.192012,1.28953,9.779693,17121.25274,242.601592,34462.69093
57.53,0.000112,0.000004,0.000159,1.216349,1.232829,9.77089,17162.58509,27.099892,34346.58142
57.54,-0.000125,0.000026,0.000058,1.173533,1.253006,9.823369,17034.05403,-9.926194,34357.72578
57.55,-0.000061,-0.000099,-0.000007,1.308183,1.25616,9.885555,17166.29132,44.037772,34403.96206
57.56,-0.000139,-0.000087,0.000048,1.25346,1.255582,9.686211,16847.5985,203.447529,34703.26282
57.57,0.000006,-0.000161,-0.000035,1.377063,1.351469,9.871105,17031.21089,114.046508,34623.10507
57.58,-0.000093,-0.000168,0.000026,1.228088,1.340795,9.722853,16884.10085,29.696784,34506.18031
57.59,-0.000065,-0.000048,0.000084,1.374735,1.308823,9.784083,17172.58132,-142.782833,34308.49284
57.6,0.000035,0.000034,0.000073,1.327471,1.313048,9.882802,16897.35082,-225.68678,34601.13973
57.61,0.000006,-0.000098,-0.000028,1.390588,1.260765,9.84897,16790.93206,130.338796,34549.54214
57.62,0.000011,0.000015,0.000232,1.220557,1.434558,9.779153,17330.41986,203.157956,34427.62782
57.63,-0.000061,-0.000114,0.000075,1.335818,1.346945,9.918811,17250.49817,239.758514,34694.75366
57.64,-0.00008,-0.000106,0.000164,1.39258,1.354808,9.833949,17189.41518,-53.816108,34578.41846
57.65,0.000117,-0.000001,-0.000004,1.344241,1.411362,9.775038,17457.7778,-167.330821,34712.55076
57.66,-0.000021,-0.000036,-0.000065,1.349174,1.352877,9.863239,17059.43804,-252.786084,34699.18186
57.67,0.000027,-0.000003,0.000155,1.382373,1.362158,9.729147,17455.5609,251.151666,35007.44627
57.68,-0.000089,-0.000033,0.000041,1.425776,1.359418,9.818452,17333.25851,312.759926,34577.41301
57.69,-0.000186,0.000177,-0.000123,1.369056,1.39784,9.816301,17068.78092,27.238862,34584.53136
57.7,-0.000138,-0.000061,-0.000079,1.30302,1.299019,9.792209,17067.28514,-11.891142,34589.50209
57.71,-0.000007,-0.00007,0.000057,1.304082,1.421521,9.805991,17066.33245,-221.04025,34302.23963
57.72,-0.000023,-0.000025,0.000059,1.445928,1.426056,9.835686,17052.80852,405.654361,34803.21302
57.73,-0.000054,0.000004,0.000119,1.359279,1.405975,9.849096,17095.66209,22.242328,34750.4883
57.74,-0.000063,-0.000068,0.000018,1.443014,1.405814,9.798148,16721.89759,337.950935,34152.93237
57.75,-0.000016,-0.000061,0.00002,1.358489,1.376539,9.779803,17160.76716,-214.471088,34920.84863
57.76,-0.000167,0.00013,-0.000051,1.447773,1.451261,9.795186,17193.37382,250.555541,34196.39841
57.77,0.000099,0.000036,0.000138,1.362538,1.430203,9.867186,17035.06848,244.686122,34274.32356
57.78,-0.000019,0.000011,0.000077,1.422303,1.32978,9.724927,17390.12107,68.400194,34548.03704
57.79,0.000009,0.00004,0.00018,1.468237,1.434036,9.781439,17507.2355,-142.180104,34608.6756
57.8,-0.000123,0.000011,0.000188,1.383874,1.380879,9.807218,17040.44685,-170.242776,34940.45848
57.81,0.000076,-0.000115,0.000079,1.334488,1.426708,9.771391,16701.1065,24.519127,34721.64661
57.82,-0.000017,-0.000008,-0.000136,1.322807,1.435861,9.808583,16771.34486,10.636286,34513.29174
57.83,0.000033,-0.000164,0.000237,1.433326,1.389207,9.851405,17013.8262,-170.090502,35014.315
57.84,0.000016,-0.000037,0.000107,1.451122,1.383034,9.857811,17121.76689,89.271911,33981.68838
57.85,-0.000027,-0.000073,0.000046,1.33512,1.384696,9.685254,16872.59893,-231.397108,34422.05445
57.86,-0.00001,-0.000096,0.000114,1.3508,1.315095,9.720002,17017.70802,296.084746,34479.209
57.87,0.000055,0.000062,0.000154,1.381896,1.350808,9.82732,17121.99442,115.122444,35267.61605
57.88,0.000071,0.000032,0.000165,1.271838,1.35583,9.911282,16986.97181,-53.245417,34982.99128
57.89,-0.000033,0.000007,0.000174,1.366128,1.270951,9.839308,17229.05934,-107.577078,34623.1865
57.9,0.000125,-0.000057,-0.000067,1.333913,1.292596,9.764075,16982.05479,170.349748,34298.02767
57.91,0.000143,0.00007,0.000209,1.325185,1.210748,9.856711,16965.15809,-369.719213,34792.07872
57.92,0.000038,-0.000007,0.000001,1.342335,1.332538,9.841769,17375.34946,327.546611,34438.83322
57.93,-0.000119,0.000096,0.000138,1.358104,1.225419,9.814311,16917.76739,35.486367,34513.18643
57.94,-0.000011,-0.000121,0.000011,1.313484,1.320413,9.784842,17351.02658,264.425982,34088.34572
57.95,-0.00009,-0.000053,-0.000189,1.269845,1.308594,9.835733,17121.73407,-44.854433,34358.41347
57.96,-0.000019,0.000105,0.000009,1.350487,1.174406,9.808147,17007.76747,28.169687,34579.94274
57.97,-0.000035,-0.000004,-0.000029,1.236077,1.262838,9.808887,16935.71208,-519.194963,34413.26708
57.98,-0.000001,-0.000096,0.000018,1.20367,1.248356,9.741429,16823.39921,253.735507,34891.92004
57.99,-0.000016,-0.000032,0.000064,1.169223,1.169975,9.815521,17024.91581,-133.251131,34586.5437
58,-0.000116,0.000035,-0.000037,1.245278,1.267052,9.739231,17364.00421,-19.76197,34321.52362
58.01,0.000034,-0.000068,-0.000045,1.179078,1.248229,9.806199,17238.60501,-392.398216,34220.848
58.02,-0.000045,-0.000117,0.00001,1.24503,1.250309,9.78058,17059.20295,-63.24864,34492.59358
58.03,-0.00005,0.00004,0.000123,1.13839,1.165603,9.769681,17224.71062,392.341434,34764.686
58.04,0.000003,-0.000051,-0.000074,1.143255,1.131044,9.895503,17213.84692,222.085749,34661.65041
58.05,-0.000057,-0.000054,0.000044,1.128364,1.098125,9.805985,17440.94823,13.830028,34744.60267
58.06,-0.000082,-0.000071,0.000124,1.122076,1.004982,9.75023,17354.56078,78.076296,34719.82114
58.07,-0.000151,-0.000026,0.000163,1.021946,1.082337,9.82894,17062.1203,60.356103,34237.17989
58.08,-0.000103,-0.000111,0.000036,1.029514,0.99357,9.83861,17074.97782,-7.288415,34499.77522
58.09,-0.000067,-0.000005,0.000171,1.031682,1.05073,9.830607,16761.3261,-271.21649,34398.36077
58.1,-0.000048,0.000021,0.000006,1.081641,1.009745,9.755413,17095.46432,-215.487849,34397.6617
58.11,-0.000079,-0.000002,-0.000002,0.955984,0.968686,9.811377,17238.74096,192.854368,34578.81413
58.12,0.000065,-0.000061,0.000042,1.128018,1.01801,9.775492,16765.08441,-214.01373,34451.93155
58.13,-0.000126,-0.000064,-0.00003,0.965777,0.955922,9.733401,16902.13095,44.485264,34714.4898
58.14,-0.000079,-0.000178,0.000054,0.952014,0.970879,9.812701,17108.49705,194.563476,34591.03189
58.15,0.000111,-0.000187,0.000204,0.892971,0.930673,9.770566,17017.47704,-135.360511,34742.1192
58.16,-0.000048,0.000049,-0.000031,0.893064,0.820467,9.841135,17096.54366,119.814242,34605.35598
58.17,0.000135,-0.000119,0.000049,0.87243,0.757057,9.793194,16925.26422,630.857087,34748.06548
58.18,0.000095,-0.000136,-0.000145,0.897305,1.011993,9.761032,17204.36664,-104.478914,34212.72247
58.19,-0.000044,-0.000093,-0.000028,0.919462,0.794164,9.854869,17200.0693,280.990286,34624.51978
58.2,-0.000116,-0.000153,0.000175,0.854748,0.808699,9.750189,17197.27581,36.900611,34300.53565
58.21,0.000066,-0.000144,0.000046,0.74391,0.848366,9.879992,17295.9013,10.290547,34713.80196
58.22,-0.000078,0.000067,-0.000017,0.758562,0.760485,9.772851,17430.49331,311.105586,34515.9073
58.23,0.000101,-0.000027,-0.000013,0.750969,0.721859,9.858563,17234.40007,-142.764725,34372.35091
58.24,-0.000046,-0.000078,0.000249,0.765114,0.744995,9.757489,16803.07361,12.303375,34808.65409
58.25,-0.000026,-0.000069,0.000063,0.624987,0.669997,9.872713,17242.95232,-219.048673,34741.99244
58.26,0.000089,-0.000111,-0.000091,0.708566,0.664097,9.851115,17159.87804,55.63354,35001.61648
58.27,0.000075,0.000025,0.000016,0.674436,0.601393,9.880892,17209.73003,127.333714,34736.21518
58.28,-0.000045,0.000068,-0.000181,0.674405,0.561112,9.790382,17185.0805,-106.334465,34206.19304
58.29,0.000071,-0.000043,0.000113,0.634707,0.675374,9.871671,17027.71001,-17.164453,34167.3866
58.3,-0.000043,0.00024,0.000001,0.519055,0.541552,9.86851,16905.50785,85.113867,34444.76336
58.31,0.000057,-0.000254,0.000058,0.505062,0.554161,9.790168,16919.15152,-30.262646,34430.11806
58.32,0.00003,-0.000162,-0.000122,0.541946,0.445601,9.74158,17054.45775,134.506016,34640.82554
58.33,-0.00003,0.00006,0.000157,0.437184,0.584286,9.904184,17146.27552,151.44989,34723.34257
58.34,-0.000098,0.000002,-0.000068,0.548293,0.428707,9.759667,16994.61838,121.951593,34715.35828
58.35,0.000113,-0.000078,0.000165,0.450371,0.41454,9.749664,17207.61278,335.431327,34682.88464
58.36,-0.000062,-0.000057,0.000195,0.428766,0.350461,9.863139,17052.35576,182.148338,34742.03898
58.37,-0.000115,0.000084,0.000023,0.386932,0.356688,9.739768,17035.02004,-295.809054,34496.65216
58.38,-0.000116,-0.000101,0.000152,0.343514,0.345396,9.837605,17210.83499,-132.194558,34486.5364
58.39,-0.000046,-0.000059,-0.000077,0.322146,0.315747,9.739962,17166.09361,-219.146966,34832.05563
58.4,0.000063,0.000063,0.000082,0.25844,0.290129,9.827824,17053.34889,201.878483,34739.10077
58.41,0.000029,-0.000312,0.000007,0.24633,0.187067,9.75016,17027.48171,-26.604251,34852.13164
58.42,-0.000025,-0.000019,0.000004,0.206628,0.259602,9.789558,17248.67679,-122.545729,34501.96461
58.43,-0.000019,-0.000092,-0.000003,0.146848,0.195506,9.79675,17090.4196,-127.890058,34857.08248
58.44,-0.000148,-0.000017,-0.000009,0.241277,0.171798,9.777024,17263.50051,309.580908,34725.40205
58.45,-0.000083,0.000092,0.00005,0.141624,0.167386,9.711431,17180.82703,225.978808,35142.51438
58.46,-0.000043,-0.000163,0.000008,0.094136,0.061712,9.773557,17197.24942,-26.995928,34431.06889
58.47,0.000046,0.000019,0.000058,0.065593,0.153429,9.841031,16909.61143,-76.217545,34555.79633
58.48,-0.000055,-0.000023,0.000088,0.070087,0.003234,9.819312,16855.06718,-278.876977,34430.68679
58.49,-0.000068,-0.000246,0.000225,0.05411,-0.051779,9.72018,16967.14318,82.024469,34697.705
58.5,0.00006,-0.000042,0.000177,0.061382,0.049503,9.808157,17262.46478,-259.766577,34530.47669
58.51,-0.000153,0.000084,0.00007,0.018954,0.014663,9.923608,17193.35492,-220.828155,34580.51953
58.52,0.000038,-0.000059,0.000067,-0.197856,-0.043498,9.863567,16873.18777,-51.853493,35078.35116
58.53,0.000012,0.000063,0.000098,-0.073504,-0.123581,9.738986,17156.12312,-294.820508,34451.25443
58.54,-0.000001,-0.00008,0.000203,-0.052653,-0.017021,9.707136,17135.17302,99.689018,34419.21415
58.55,-0.000021,-0.000048,0.000025,-0.202922,-0.116536,9.846952,17158.05267,140.161367,34571.12359
58.56,-0.000144,-0.000093,-0.000079,-0.205728,-0.248984,9.859708,16760.01855,-295.413002,34469.78139
58.57,-0.000022,-0.000036,0.000073,-0.139216,-0.300025,9.80683,17169.60619,-64.5682,34819.16766
58.58,-0.000149,-0.000066,-0.000002,-0.211237,-0.238958,9.872231,17476.47219,-132.18863,34485.89707
58.59,0.000047,-0.000159,-0.000079,-0.248355,-0.237772,9.81808,16898.16769,23.211105,34491.83207
58.6,0.000073,0.000003,-0.000083,-0.363067,-0.18062,9.776925,17202.79307,62.045484,34463.64733
58.61,0.000078,0.000101,0.000153,-0.321123,-0.255642,9.840683,17275.51486,-1.260406,34399.10731
58.62,-0.00022,-0.000018,-0.000022,-0.357921,-0.457507,9.806643,16700.93168,-147.711967,34743.1441
58.63,-0.000063,-0.000167,0.000205,-0.320743,-0.385441,9.733082,17026.60951,202.79382,34333.76163
58.64,-0.0001,-0.000005,0.000124,-0.343622,-0.29486,9.856487,16961.09586,-310.699093,34523.61979
58.65,0.000014,0.000007,0.000019,-0.378366,-0.519477,9.77804,16699.04906,-139.022039,34719.98557
58.66,-0.00002,-0.000048,-0.000145,-0.578104,-0.409835,9.834875,17370.71817,331.478211,34364.69046
58.67,0.000048,-0.000084,0.000008,-0.615198,-0.455841,9.857956,17184.91573,-46.317428,34511.34392
58.68,-0.000076,-0.00015,-0.000052,-0.557387,-0.528018,9.88139,17240.16557,-151.489213,34082.85517
58.69,-0.000197,0.000012,0.000156,-0.613215,-0.520617,9.857036,17327.69551,268.468691,34281.16193
58.7,-0.000033,-0.000129,0.000167,-0.555695,-0.586935,9.816937,17095.42583,115.41245,34797.54009
58.71,-0.000068,-0.000168,-0.000111,-0.571007,-0.555404,9.888523,17125.42114,-37.507832,34637.71453
58.72,-0.000024,0.000097,0.00002,-0.695823,-0.624296,9.800242,17220.8178,47.040935,34694.17999
58.73,-0.000095,-0.000053,-0.000021,-0.56752,-0.70671,9.893862,17295.35802,159.642072,34960.01833
58.74,-0.000088,-0.000007,-0.00001,-0.715171,-0.713667,9.737422,17260.83804,-377.389158,34587.1462
58.75,0.000041,-0.000114,0.000115,-0.708245,-0.722559,9.811776,17191.97586,35.632051,34519.79524
58.76,-0.00001,-0.000063,0.000027,-0.733172,-0.689878,9.827831,17004.57578,-124.067266,34593.28548
58.77,-0.000068,0.000117,-0.000018,-0.871582,-0.69081,9.806818,17042.25969,-32.250111,34432.38032
58.78,0.000064,0.000059,0.000024,-0.776361,-0.799876,9.851602,17054.43306,13.568703,34640.59681
58.79,0.000101,-0.000237,0.000074,-0.816022,-0.742651,9.748208,17004.69996,-272.267453,34598.30167
58.8,-0.000029,-0.000027,0.000126,-0.740297,-0.757228,9.744722,17035.47997,33.238097,34308.95831
58.81,-0.000075,-0.000046,0.000153,-0.80561,-0.872467,9.74537,16791.94141,-347.729906,34373.71511
58.82,-0.00005,-0.000119,0.000103,-0.893971,-0.862382,9.772788,16993.18682,-433.099436,34324.21133
58.83,-0.000047,-0.000079,0.000101,-0.866302,-0.831125,9.734197,17036.81005,-160.577456,34347.54904
58.84,-0.000107,-0.000115,0.00003,-1.012833,-0.917877,9.814924,17390.76804,122.987211,34463.90078
58.85,-0.000057,-0.000025,-0.000052,-0.931704,-0.899092,9.834695,17104.02326,111.604783,34399.44166
58.86,0.00011,0.00003,0.000065,-1.055029,-0.958723,9.762064,16693.23618,238.455554,34513.53504
58.87,-0.00002,-0.000248,0.000134,-0.988541,-1.049995,9.830013,16994.84495,371.995702,34661.36099
58.88,-0.000129,0.000015,-0.000051,-1.00698,-1.031681,9.732921,16988.12671,78.270865,34516.42052
58.89,0.000046,-0.000076,0.000034,-0.939786,-0.97511,9.835339,16819.91625,541.641991,34330.77359
58.9,0.000093,0.000057,-0.000067,-1.076088,-1.08631,9.879834,16977.11101,-5.132354,34939.87456
58.91,-0.000101,-0.000012,0.000033,-1.084517,-1.017255,9.905065,17408.32755,39.954146,34626.3173
58.92,0.00003,-0.000089,-0.000111,-1.161691,-1.144958,9.826299,17613.98149,385.39112,34460.83189
58.93,-0.00012,-0.000045,0.000101,-1.178347,-1.113698,9.778894,17104.08839,-89.462339,34454.72769
58.94,0.000025,0.000079,0.000074,-1.069676,-1.181042,9.813877,17134.29934,318.857778,34402.9561
58.95,-0.000058,0.000034,0.000044,-1.099966,-1.187603,9.754227,16613.90151,-345.041932,34176.46446
58.96,-0.000081,-0.00007,0.000134,-1.099326,-1.107829,9.726937,16977.6582,3.203714,34149.44234
58.97,0.00009,0.000086,-0.000087,-1.239969,-1.079633,9.81357,16587.17075,49.947149,34577.97185
58.98,0.000055,-0.000127,0.000023,-1.210998,-1.176228,9.800742,16891.15028,-55.320465,34482.85603
58.99,0.000011,-0.000146,-0.000054,-1.1722,-1.117381,9.877156,17211.01892,187.648454,34049.445
59,-0.000106,0.000118,0.000147,-1.245016,-1.235788,9.788381,16863.15118,157.942886,34639.90759
59.01,-0.000118,-0.000017,0.000065,-1.141721,-1.168587,9.71074,16943.00774,-57.661355,34471.53836
59.02,-0.000013,-0.000091,0.000179,-1.259447,-1.263055,9.864883,16915.16251,-171.402939,34304.82464
59.03,-0.000073,0.000042,-0.000094,-1.190842,-1.277232,9.756352,16790.14271,-75.382689,34424.75619
59.04,-0.000006,-0.000017,0.000172,-1.256765,-1.238402,9.818791,17197.16704,-154.388091,34114.39146
59.05,-0.000267,0.000019,0.000124,-1.333952,-1.289646,9.834863,17124.41344,-209.924387,34555.25033
59.06,-0.000063,0.000086,0.000237,-1.270493,-1.259045,9.763418,17036.76968,-249.419837,34265.43717
59.07,0.000037,0.000041,0.000171,-1.320591,-1.293894,9.65726,17206.88636,-282.58853,34598.30731
59.08,-0.000002,0.000078,0.000106,-1.323525,-1.283362,9.827689,17210.26853,-164.226181,34387.47307
59.09,-0.0001,-0.000121,0.000156,-1.342465,-1.328176,9.841905,17004.96507,-80.601237,34523.23068
59.1,0.000012,-0.000088,0.000056,-1.335132,-1.403995,9.829284,16813.63096,-107.226941,34439.0699
59.11,0.000088,-0.000179,-0.000026,-1.422957,-1.380323,9.911642,17140.26225,28.890017,34263.18408
59.12,0.000021,0.000043,-0.000049,-1.330052,-1.303513,9.835735,17097.30415,-257.391762,34301.64784
59.13,-0.000127,-0.000015,0.000176,-1.313432,-1.347157,9.846872,17085.87656,-564.354038,34429.84349
59.14,-0.000039,-0.000232,0.000143,-1.354625,-1.402997,9.825108,17067.48004,6.721908,34699.07579
59.15,-0.000042,-0.000069,-0.000048,-1.359309,-1.320171,9.865652,17127.1112,-48.712901,34579.60105
59.16,0.000065,-0.000006,0.000089,-1.300399,-1.416072,9.823275,17018.89019,-104.686094,34546.62414
59.17,-0.000009,0.000009,0.000126,-1.28943,-1.403379,9.77342,17171.27292,323.364668,34660.85763
59.18,0.00011,-0.000122,0.000047,-1.40445,-1.410572,9.767529,17172.34404,-66.040767,34415.49045
59.19,-0.000079,0.000118,0.000028,-1.304667,-1.41126,9.813203,16861.44362,-76.189557,34702.65341
59.2,-0.000181,-0.000031,-0.000011,-1.440058,-1.28281,9.756546,17250.09644,-13.092501,34322.47235
59.21,-0.000104,-0.000068,-0.000061,-1.456928,-1.34382,9.774787,17127.9144,44.944573,34523.62808
59.22,-0.000209,0.000141,0.000042,-1.387393,-1.313148,9.745806,17255.54133,233.558616,34810.5802
59.23,-0.000122,0.000025,0.00017,-1.309721,-1.420833,9.669765,17191.14143,406.323984,34545.59521
59.24,-0.000193,-0.000068,0.000078,-1.389963,-1.421808,9.738038,17064.7787,-3.112197,34327.92483
59.25,-0.000114,0.00001,-0.000055,-1.273784,-1.419702,9.713692,17136.55712,121.920742,34467.80316
59.26,-0.000098,-0.00004,0.000091,-1.399519,-1.344587,9.849527,16981.92286,-448.350374,34885.42528
59.27,-0.000036,-0.000089,0.000021,-1.407928,-1.416718,9.792326,16943.97002,32.834031,34752.29439
59.28,-0.000225,0.000157,0.000017,-1.45503,-1.372818,9.823647,17034.35878,146.922608,34680.98967
59.29,-0.000066,-0.000006,0.000103,-1.322449,-1.442078,9.891571,17007.80408,174.248137,34799.39461
59.3,-0.00001,-0.000088,-0.000092,-1.330147,-1.343001,9.796474,17118.73644,156.223875,34640.93319
59.31,-0.000055,-0.000099,0.000005,-1.35041,-1.40114,9.858033,17286.51483,24.684198,34477.288
59.32,-0.00004,-0.000008,0.000166,-1.382634,-1.420339,9.79688,16891.06153,-51.734935,34783.8462
59.33,-0.000053,-0.00018,0.000104,-1.424595,-1.339992,9.795464,17269.61376,-105.086,34575.06258
59.34,0.000041,-0.000173,0.000106,-1.413594,-1.248449,9.809309,16872.90851,-120.539304,34361.21071
59.35,-0.000024,-0.000077,0.000068,-1.301303,-1.395926,9.831072,16728.69592,-250.458847,34335.14193
59.36,-0.000006,0.000022,0.000153,-1.386089,-1.324961,9.825752,16903.12981,124.447894,34497.28451
59.37,-0.000041,-0.00003,0.000264,-1.235955,-1.465203,9.811217,16917.9791,115.697161,34544.44904
59.38,-0.000134,-0.000053,0.000022,-1.263363,-1.437935,9.852207,16762.7958,146.058849,34498.38237
59.39,0.000027,0.000067,-0.000063,-1.333328,-1.316157,9.7767,17065.15894,-50.222095,34434.94755
59.4,0.000067,-0.000133,0.000281,-1.351323,-1.420168,9.783314,17121.72573,-24.299568,34246.28349
59.41,-0.000099,0.000067,0.000029,-1.332716,-1.357815,9.88593,17219.79856,72.237087,34242.76028
59.42,0.000022,-0.000095,0.000065,-1.303189,-1.247686,9.82601,17079.18874,-218.479747,34681.28942
59.43,-0.000038,-0.000021,0.000122,-1.350777,-1.306578,9.798903,16794.50573,212.451997,34335.31661
59.44,-0.000079,-0.000058,-0.000062,-1.310004,-1.241109,9.840569,17184.92669,177.985912,34922.65156
59.45,-0.000052,-0.000072,0.00013,-1.291423,-1.250892,9.764259,17130.75341,29.697797,34646.85755
59.46,0.000019,-0.000093,0.000092,-1.287259,-1.197724,9.862996,17320.92291,50.6189,34672.51636
59.47,0.000075,-0.000048,-0.00005,-1.204071,-1.169929,9.81033,17581.21398,228.318571,34572.64895
59.48,0.000175,0.000019,0.000115,-1.249481,-1.222038,9.859597,17341.7012,100.093974,34625.2872
59.49,0.000179,-0.000099,0.00008,-1.15135,-1.221098,9.806516,17151.46634,-276.156601,34591.14793
59.5,-0.000206,0.000014,0.000088,-1.149374,-1.179516,9.819616,17107.40367,244.854124,34819.62457
59.51,-0.000108,-0.000104,0.000038,-1.229158,-1.200219,9.815423,16796.23616,-90.365144,34455.07575
59.52,-0.00006,0.000109,0.000032,-1.166126,-1.175945,9.862189,17133.30222,-56.225112,34710.65898
59.53,-0.000054,-0.000045,-0.000087,-1.154934,-1.172635,9.792461,16689.63405,100.983375,34633.57573
59.54,-0.000083,-0.000147,0.000064,-1.127167,-1.118725,9.837162,17153.54269,228.233352,34308.96979
59.55,-0.000232,-0.000128,0.000075,-1.101293,-1.153778,9.87081,16864.89589,-59.218283,34669.92863
59.56,-0.000224,-0.000166,0.00014,-1.165495,-1.215847,9.843876,17221.18424,-147.062521,34545.76475
59.57,-0.000156,-0.00003,0.00008,-1.058589,-1.13155,9.784785,17050.12088,-287.766808,34803.83433
59.58,-0.000133,-0.000177,0.000186,-1.02821,-1.027182,9.77892,17253.59744,174.964908,34309.36153
59.59,-0.000089,0.000016,-0.000014,-1.08832,-1.028871,9.874095,17052.08965,-87.832482,34669.7335
59.6,-0.000008,-0.000144,-0.000067,-0.929441,-1.031831,9.829124,16754.94679,111.993466,34551.63937
59.61,-0.000132,-0.000084,-0.000002,-1.06015,-1.027645,9.684293,17299.75282,-105.259253,34602.66697
59.62,-0.000069,0.000008,0.000006,-1.09333,-0.938094,9.824416,16983.44932,-359.014113,34439.51265
59.63,0.000041,-0.000087,0.000111,-1.011485,-0.921814,9.799324,17203.98738,177.588124,34466.80711
59.64,0.000074,0.000123,-0.000121,-0.98181,-0.995537,9.79854,17000.10254,-47.945788,34566.99436
59.65,0.000111,-0.000184,0.000177,-0.856021,-0.957503,9.90764,17055.62452,-93.83456,34609.23969
59.66,-0.000041,0.000001,-0.00003,-0.879848,-0.854109,9.808887,17538.83053,48.421231,34764.26124
59.67,0.000042,0.000031,0.000005,-0.953019,-0.840244,9.754045,16716.92557,65.247933,34402.08097
59.68,-0.000094,0.000046,0.000143,-0.811175,-0.821685,9.802442,17402.59789,149.313229,34779.37181
59.69,0.000027,-0.000063,0.000053,-0.885299,-0.879627,9.839068,17066.46035,79.791001,34202.17132
59.7,0.000042,0.000044,0.000152,-0.863192,-0.965433,9.736819,17077.60909,-241.088484,34689.88702
59.71,-0.000028,-0.000091,0.000078,-0.745732,-0.775593,9.761924,17028.93444,-427.180157,34038.00953
59.72,0,-0.000076,0.000092,-0.792869,-0.789787,9.926785,16850.7014,81.817037,34626.45574
59.73,-0.000113,-0.000007,0,-0.808477,-0.796088,9.805921,16758.72464,-160.449736,34785.58787
59.74,0.000145,0.000075,0.000076,-0.70363,-0.748285,9.849205,17105.28837,84.674902,34645.64469
59.75,-0.000155,-0.000137,0.000114,-0.696458,-0.729131,9.776002,17280.32788,177.760302,35062.76061
59.76,-0.000053,-0.000002,-0.000085,-0.682105,-0.677738,9.826923,16919.97209,-56.875734,34571.51373
59.77,-0.000171,-0.000019,0.000035,-0.584975,-0.658305,9.847301,16965.52966,66.208723,34442.53525
59.78,-0.000156,-0.000099,0.000122,-0.579753,-0.647528,9.698934,17480.11142,79.81667,34526.84584
59.79,-0.000078,0.000021,0.000197,-0.590634,-0.581006,9.871762,17196.73614,-271.542613,34650.0499
59.8,-0.000011,-0.000018,0.000001,-0.672456,-0.536805,9.797799,17219.93747,-22.378033,34137.51389
59.81,0.000066,-0.000155,-0.000043,-0.521594,-0.481733,9.825384,17104.24542,-61.330886,34525.54128
59.82,-0.000042,-0.000158,0.000139,-0.482776,-0.49723,9.750386,17257.36157,-32.542038,35080.21028
59.83,-0.000095,0.000017,0.000026,-0.471276,-0.505506,9.826078,17208.89373,147.666338,34659.66464
59.84,-0.000062,-0.000028,-0.000118,-0.547361,-0.422037,9.820392,17481.05885,-58.9537,34351.29791
59.85,-0.000135,-0.000071,0.000247,-0.437945,-0.449287,9.85755,17164.17065,71.851677,34303.78377
59.86,0.000031,0.000034,-0.000038,-0.385364,-0.365591,9.831347,17399.47644,450.431782,34648.35978
59.87,0.000038,0.000079,0.000119,-0.39848,-0.358513,9.850884,17253.00986,-181.519451,34297.44479
59.88,0.000189,-0.000147,-0.000041,-0.369036,-0.322183,9.815833,17012.04554,166.46538,34338.37453
59.89,-0.000063,-0.000114,0.000057,-0.253196,-0.317445,9.80361,16986.37652,205.070819,34497.68877
59.9,0.000005,-0.00003,0.000062,-0.324473,-0.31788,9.829496,17146.40602,-202.621598,34767.88301
59.91,-0.000005,0.000038,-0.000005,-0.202361,-0.342941,9.783105,17224.84439,-62.180398,34341.70824
59.92,-0.000099,0.000075,0.000023,-0.216915,-0.206066,9.770096,17132.26383,-29.647332,34561.536
59.93,-0.000113,-0.000005,0.000022,-0.250194,-0.213133,9.835426,17242.11654,82.945929,34501.68831
59.94,-0.00003,-0.000035,0.000108,-0.149554,-0.197548,9.828357,16958.98247,195.078027,34866.15772
59.95,0.00004,-0.000102,-0.000053,-0.160884,-0.160148,9.850711,16916.76035,201.675952,34879.0835
59.96,0.000099,-0.000089,-0.000083,-0.116257,-0.081877,9.83456,16934.60564,-201.996832,34479.33739
59.97,-0.000206,-0.000033,-0.000004,-0.106897,-0.116225,9.818349,17300.88581,-245.841107,34639.83043
59.98,-0.0002,-0.000112,-0.00004,-0.059942,0.017287,9.828095,16978.82108,207.652828,34336.1573
59.99,0.000046,-0.000009,0.000051,-0.021624,-0.080423,9.790621,17434.79945,81.985583,34615.37413
